ID_Fakta_Publikasi,ID_Dosen,ID_Jurnal,ID_Waktu,Jumlah_Sitasi,Jumlah_Publikasi
1,136,3,20210810,86,5
2,157,5,20230202,95,4
3,217,3,20220713,81,4
4,138,8,20240621,75,4
5,52,11,20221114,37,1
6,194,11,20230928,60,3
7,55,11,20211128,78,5
8,228,5,20210906,73,2
9,215,9,20230108,48,2
10,228,10,20241212,33,1
11,45,12,20210524,82,2
12,246,8,20210822,58,2
13,159,8,20221125,35,1
14,26,12,20230603,42,5
15,86,6,20211002,4,2
16,26,9,20230315,90,1
17,26,8,20230221,19,2
18,192,10,20240925,6,2
19,111,14,20240224,6,4
20,158,10,20210610,66,4
21,45,7,20210822,6,2
22,42,10,20210624,53,1
23,156,9,20240415,93,4
24,171,11,20220421,77,2
25,25,4,20210401,96,3
26,246,9,20210802,58,2
27,221,13,20241225,42,5
28,151,5,20230720,24,1
29,56,6,20230523,54,2
30,176,11,20241221,6,1
31,230,1,20230126,24,1
32,40,4,20230518,58,3
33,164,2,20221105,97,2
34,152,12,20230217,95,3
35,247,1,20240312,35,2
36,70,1,20231219,65,5
37,67,9,20220124,72,3
38,164,14,20230825,54,2
39,63,14,20240502,97,2
40,126,2,20220301,92,3
41,144,5,20220121,83,1
42,132,2,20210323,58,4
43,51,6,20230115,1,3
44,38,9,20210410,98,1
45,176,8,20241210,24,2
46,169,12,20221108,86,5
47,14,3,20241010,2,3
48,248,4,20210901,22,4
49,47,4,20220910,91,3
50,30,14,20210617,44,5
51,108,6,20241201,3,4
52,150,7,20231206,97,1
53,100,3,20210116,1,2
54,83,13,20230812,40,4
55,44,8,20221223,55,3
56,36,10,20240816,51,2
57,182,3,20210906,62,4
58,232,12,20240916,60,3
59,182,12,20240815,4,3
60,37,14,20240713,64,2
61,174,6,20231102,49,3
62,86,12,20220725,20,4
63,132,12,20211004,98,2
64,207,7,20240910,16,3
65,80,6,20220219,85,4
66,237,3,20210417,57,3
67,41,11,20220424,13,4
68,75,10,20220302,95,2
69,79,13,20240521,13,4
70,90,7,20210119,25,2
71,163,4,20220925,41,4
72,67,6,20221009,20,1
73,167,6,20211213,95,3
74,215,5,20220904,46,5
75,173,12,20220317,35,3
76,138,5,20210224,29,1
77,137,13,20210520,65,2
78,94,8,20220727,36,1
79,201,3,20210920,51,4
80,202,14,20240314,42,1
81,216,3,20241203,84,1
82,71,6,20231002,41,5
83,137,12,20220325,39,5
84,15,14,20210514,3,2
85,188,4,20241208,89,4
86,188,13,20231216,5,4
87,157,5,20221115,17,4
88,172,13,20230605,58,5
89,92,3,20240525,82,2
90,50,4,20231011,92,4
91,106,11,20230317,66,3
92,144,10,20210414,60,2
93,246,4,20210116,79,4
94,132,8,20240306,49,5
95,216,13,20210113,86,5
96,226,2,20210107,73,1
97,160,8,20240628,2,1
98,154,1,20240625,33,4
99,81,8,20210814,39,4
100,201,7,20230325,80,5
101,80,7,20210418,58,2
102,221,10,20221127,76,2
103,40,14,20221208,88,5
104,181,12,20230518,33,3
105,58,2,20231015,30,1
106,69,14,20220627,83,5
107,51,13,20210109,66,5
108,50,3,20210205,68,5
109,22,3,20240828,39,1
110,134,13,20240412,93,5
111,110,10,20210715,40,3
112,138,5,20210908,91,4
113,156,4,20221018,47,1
114,47,11,20240308,21,3
115,87,4,20240105,60,3
116,30,3,20230708,38,2
117,94,14,20210810,43,4
118,123,8,20240724,19,4
119,126,5,20240216,7,1
120,196,6,20231025,16,3
121,211,4,20210810,52,2
122,181,4,20220519,18,1
123,23,14,20211013,82,2
124,70,6,20230711,77,3
125,213,7,20240709,45,1
126,173,7,20240121,63,3
127,93,9,20240404,19,1
128,170,4,20240511,98,3
129,62,14,20210127,72,2
130,139,4,20240916,36,4
131,73,6,20241216,4,5
132,68,13,20210522,31,4
133,52,9,20230406,28,3
134,141,4,20210820,49,3
135,84,3,20220318,34,5
136,212,1,20210424,27,1
137,159,13,20220211,29,4
138,129,10,20240917,62,4
139,223,10,20230517,19,3
140,161,14,20230711,28,1
141,162,2,20231128,28,5
142,156,13,20240314,74,3
143,135,12,20240709,46,3
144,163,14,20220303,74,5
145,3,4,20210106,19,2
146,234,8,20210209,66,4
147,55,3,20210607,53,1
148,77,11,20230202,37,4
149,98,5,20221203,28,2
150,25,7,20221022,66,2
151,113,11,20240815,73,1
152,164,5,20230804,99,5
153,231,2,20220917,34,3
154,130,10,20220406,10,2
155,97,13,20241011,48,1
156,191,5,20211126,94,3
157,14,2,20210109,11,1
158,103,13,20230426,97,2
159,56,3,20240416,96,1
160,5,2,20240725,70,3
161,100,2,20210701,54,1
162,226,4,20221105,63,4
163,135,2,20230315,20,1
164,197,9,20210220,24,1
165,147,9,20241216,25,3
166,70,13,20211023,92,2
167,83,2,20230219,45,2
168,221,7,20220526,26,2
169,143,7,20230905,67,2
170,119,5,20220621,9,3
171,124,12,20230328,26,4
172,96,9,20210304,42,5
173,222,14,20230328,49,4
174,35,3,20240525,23,3
175,181,9,20240119,13,5
176,34,14,20210726,29,4
177,24,13,20230222,1,3
178,182,9,20220424,61,5
179,137,4,20220313,2,2
180,66,5,20231124,45,2
181,219,1,20210214,2,4
182,56,9,20230805,74,3
183,83,2,20220506,87,1
184,106,6,20240807,98,4
185,41,6,20220722,83,4
186,134,11,20221013,87,3
187,34,5,20211224,32,5
188,32,12,20230113,61,3
189,49,7,20210423,55,2
190,86,13,20221019,75,1
191,170,1,20210302,96,3
192,8,13,20240127,58,1
193,185,5,20220913,67,1
194,172,1,20230211,30,3
195,14,7,20211008,27,3
196,60,6,20220214,98,1
197,85,1,20220301,25,3
198,121,3,20211014,44,2
199,4,8,20230322,26,1
200,181,2,20230127,67,5
201,165,12,20231202,42,4
202,3,12,20240824,35,5
203,248,8,20230201,48,4
204,58,11,20230208,40,3
205,89,13,20220203,71,5
206,196,12,20220708,55,5
207,234,4,20220503,42,1
208,75,1,20210427,62,1
209,123,8,20221206,8,2
210,135,9,20240110,54,2
211,75,6,20220528,79,4
212,112,11,20221121,1,1
213,73,6,20221215,83,3
214,62,3,20220404,10,4
215,237,12,20211102,5,1
216,170,11,20220325,41,3
217,127,8,20241020,59,4
218,121,1,20210308,40,5
219,229,1,20221125,63,5
220,94,3,20220626,66,4
221,116,2,20231204,4,3
222,30,2,20240325,45,3
223,220,13,20210914,73,4
224,106,2,20221125,94,3
225,166,10,20220228,50,5
226,56,14,20241113,47,2
227,108,13,20240725,73,1
228,233,7,20220128,43,2
229,221,4,20211223,53,2
230,99,10,20240312,11,1
231,84,2,20220928,32,5
232,168,11,20240216,66,3
233,216,7,20230510,48,1
234,137,11,20230712,9,4
235,36,4,20221012,2,1
236,189,12,20230426,65,1
237,221,9,20230622,81,2
238,159,12,20210909,84,1
239,199,8,20211111,0,2
240,201,10,20240826,28,4
241,164,6,20210313,32,4
242,233,13,20220304,79,2
243,125,8,20210928,97,3
244,62,10,20230225,34,1
245,181,7,20230308,7,1
246,90,13,20230114,19,4
247,173,8,20220824,2,1
248,206,11,20230815,23,1
249,244,12,20220622,81,1
250,166,2,20210705,20,2
251,132,3,20240709,95,3
252,250,4,20231210,53,1
253,237,3,20210302,56,5
254,146,5,20220408,82,3
255,10,12,20211016,0,3
256,32,2,20240718,77,2
257,181,7,20241101,9,1
258,212,2,20211128,77,3
259,204,3,20220218,15,3
260,67,14,20240911,11,5
261,140,14,20220123,50,1
262,176,1,20240917,42,4
263,222,10,20211216,16,4
264,87,12,20210710,88,4
265,156,14,20231114,53,1
266,174,5,20211020,64,2
267,75,7,20220228,35,1
268,244,5,20231205,96,4
269,151,12,20220308,70,5
270,31,4,20210411,15,1
271,21,13,20230708,87,2
272,155,11,20230521,71,3
273,96,12,20220306,25,4
274,166,9,20240124,91,4
275,238,13,20230717,17,4
276,195,12,20230401,17,2
277,167,14,20220201,74,1
278,33,9,20210211,44,5
279,200,9,20241221,31,4
280,126,10,20210102,58,5
281,175,14,20231004,41,1
282,122,6,20220907,59,5
283,153,13,20210205,11,3
284,105,14,20230326,74,1
285,222,7,20230616,22,1
286,217,1,20240216,42,2
287,54,4,20230124,38,1
288,23,1,20241004,75,2
289,30,14,20231118,10,5
290,97,10,20220719,32,5
291,184,5,20240122,4,5
292,16,11,20230322,46,5
293,174,9,20241001,9,3
294,112,1,20210210,64,2
295,210,2,20230123,25,1
296,73,10,20230812,13,5
297,102,12,20240214,42,1
298,42,6,20230501,46,2
299,16,4,20220817,12,2
300,146,13,20241123,34,5
301,182,2,20210113,59,3
302,234,14,20230216,13,5
303,149,7,20231107,45,1
304,160,7,20230628,71,5
305,135,11,20240925,0,1
306,83,13,20231109,59,2
307,72,2,20240426,21,1
308,154,5,20230921,89,4
309,44,14,20220901,48,1
310,196,3,20210726,20,1
311,229,5,20210219,88,3
312,193,4,20210721,28,5
313,45,9,20230402,69,3
314,215,6,20220826,62,5
315,92,13,20210607,88,3
316,154,3,20240702,22,3
317,114,7,20241211,95,5
318,57,5,20220921,70,1
319,81,7,20211116,17,3
320,241,3,20220609,85,3
321,187,14,20231227,89,5
322,44,14,20231009,44,1
323,226,10,20240419,51,3
324,11,7,20230507,52,1
325,196,11,20240617,10,2
326,225,5,20241204,35,3
327,211,8,20221006,50,5
328,111,14,20230322,1,2
329,44,2,20230814,2,4
330,155,1,20220308,61,4
331,179,10,20240602,58,4
332,75,4,20230704,64,4
333,242,1,20211121,31,4
334,151,12,20220810,98,5
335,173,5,20211102,81,3
336,196,9,20210220,99,4
337,155,13,20210803,38,2
338,229,13,20221216,34,5
339,16,2,20231117,58,2
340,203,14,20221106,60,2
341,172,1,20240909,56,4
342,238,5,20210102,2,4
343,248,8,20230216,24,1
344,110,10,20230111,10,1
345,76,4,20210712,95,1
346,246,3,20230219,76,4
347,37,4,20220105,3,1
348,247,9,20210723,49,1
349,82,3,20241218,3,4
350,72,12,20231118,43,5
351,206,10,20210623,21,2
352,196,5,20211219,86,4
353,172,5,20230723,83,2
354,40,8,20210320,59,5
355,157,1,20210126,63,5
356,59,13,20221203,10,1
357,200,10,20220126,77,1
358,169,6,20240623,2,4
359,169,4,20220617,3,1
360,249,4,20220211,76,2
361,29,3,20210621,20,4
362,238,9,20210901,60,1
363,80,2,20220518,78,5
364,64,2,20210908,65,2
365,180,14,20221224,7,2
366,234,12,20221216,20,5
367,111,10,20240625,23,5
368,171,7,20210303,76,1
369,166,11,20210217,46,2
370,213,9,20231006,72,3
371,237,11,20220411,96,1
372,242,10,20210807,2,5
373,179,11,20230705,70,4
374,174,6,20230528,6,1
375,110,12,20230112,78,5
376,44,14,20230116,51,4
377,119,5,20221215,48,4
378,179,13,20240517,91,3
379,137,8,20210107,67,5
380,31,7,20240807,42,1
381,154,3,20220616,3,4
382,32,11,20211225,62,4
383,61,4,20240109,79,3
384,7,6,20230828,61,2
385,27,12,20230307,39,4
386,31,7,20230313,74,3
387,219,10,20220214,30,1
388,155,4,20240716,4,5
389,115,9,20240104,0,2
390,68,2,20220213,37,3
391,170,6,20231106,12,3
392,11,5,20211113,82,1
393,10,1,20230823,4,2
394,82,4,20221121,23,4
395,249,4,20231125,82,4
396,143,1,20210409,89,5
397,168,14,20240712,0,5
398,14,5,20210408,53,2
399,8,7,20231128,42,5
400,172,13,20230226,86,1
401,155,3,20231023,56,2
402,228,3,20220728,0,2
403,170,7,20210515,83,5
404,212,7,20220818,99,5
405,158,9,20230922,92,2
406,222,3,20240805,9,5
407,111,9,20230119,45,4
408,130,6,20240126,58,1
409,26,10,20210708,19,3
410,69,4,20231108,9,4
411,201,3,20221119,53,2
412,84,8,20210318,84,2
413,43,7,20241120,37,2
414,247,9,20211018,10,5
415,210,11,20220717,30,4
416,204,4,20220304,56,4
417,57,13,20240713,5,5
418,214,14,20221010,29,1
419,170,10,20210611,3,2
420,200,1,20240113,11,4
421,28,14,20220219,79,5
422,65,1,20220407,33,3
423,37,3,20231023,88,1
424,113,8,20220610,44,2
425,64,7,20220227,81,2
426,188,11,20231026,66,4
427,3,14,20240618,95,3
428,164,14,20240320,56,1
429,44,10,20220507,19,5
430,236,7,20220703,47,5
431,235,2,20210913,31,4
432,160,13,20240901,78,4
433,199,2,20240227,70,3
434,102,14,20210407,80,4
435,130,4,20211005,55,1
436,248,2,20211027,27,2
437,196,10,20240325,6,2
438,101,3,20220103,29,5
439,143,5,20210527,56,5
440,92,7,20230806,92,4
441,165,4,20240217,97,2
442,122,7,20221128,77,5
443,188,13,20230225,47,5
444,16,5,20240717,49,3
445,15,10,20220624,22,1
446,2,8,20240309,39,1
447,154,14,20211208,7,4
448,199,10,20230312,15,1
449,83,7,20220322,22,3
450,161,11,20210116,44,1
451,24,6,20210619,43,3
452,86,11,20210828,77,3
453,93,1,20231224,56,3
454,136,7,20220712,47,2
455,224,11,20220203,59,1
456,117,11,20220105,35,4
457,201,11,20230815,69,3
458,61,11,20231117,98,4
459,173,11,20210812,65,1
460,88,13,20220205,43,3
461,82,2,20221210,46,5
462,74,5,20230524,65,4
463,87,9,20211223,23,5
464,182,13,20220622,18,4
465,143,12,20230127,2,4
466,173,9,20210103,49,4
467,233,10,20220410,12,2
468,10,5,20220206,65,3
469,172,10,20211022,54,1
470,39,2,20220925,18,4
471,35,10,20230219,64,3
472,38,14,20230424,47,2
473,108,9,20241010,61,4
474,43,13,20221215,82,2
475,218,6,20230917,70,2
476,82,14,20221026,0,4
477,82,1,20210406,46,1
478,170,12,20210923,3,4
479,224,6,20240915,63,4
480,53,12,20240615,25,4
481,230,6,20240810,3,5
482,63,1,20211123,90,1
483,77,8,20221208,90,3
484,243,2,20230711,47,5
485,57,7,20211120,37,3
486,165,13,20221112,49,1
487,112,5,20211001,28,2
488,201,4,20210513,91,1
489,178,10,20211109,10,2
490,56,3,20220715,22,5
491,74,14,20220315,86,4
492,34,13,20230624,11,1
493,241,2,20240111,32,5
494,86,14,20241123,33,4
495,82,12,20220909,92,5
496,45,12,20230309,78,4
497,154,2,20220617,78,1
498,27,9,20230102,50,4
499,215,5,20220602,91,2
500,97,7,20231007,87,1
501,16,10,20231217,19,5
502,250,1,20240120,9,3
503,122,9,20230622,45,3
504,40,12,20210303,85,1
505,227,1,20210726,67,1
506,47,1,20230428,67,4
507,86,10,20230928,43,5
508,217,9,20240304,46,1
509,223,9,20221211,7,4
510,84,5,20241028,73,1
511,222,14,20240420,31,1
512,246,12,20220725,18,5
513,236,11,20220103,58,3
514,51,11,20231103,76,1
515,70,2,20241102,49,2
516,117,4,20231108,73,5
517,82,12,20211028,13,5
518,140,10,20230111,97,5
519,215,3,20241213,88,5
520,206,4,20221113,42,1
521,175,7,20240720,68,1
522,24,11,20230508,34,2
523,24,10,20220813,88,3
524,54,6,20240201,50,5
525,125,6,20221215,39,4
526,235,5,20220809,46,2
527,167,11,20240110,89,1
528,131,3,20210511,55,1
529,24,13,20220516,37,4
530,148,12,20220715,57,2
531,153,14,20231119,42,5
532,99,8,20210807,15,2
533,222,3,20220401,21,3
534,84,9,20220314,68,1
535,83,5,20231016,60,3
536,124,10,20230415,34,5
537,24,13,20230216,96,5
538,101,13,20211124,66,2
539,128,12,20220318,68,4
540,210,6,20241205,29,4
541,200,3,20210226,45,3
542,163,13,20220822,47,3
543,43,2,20220213,91,4
544,142,10,20240813,17,4
545,120,11,20241218,76,3
546,14,2,20210808,13,3
547,45,1,20220816,39,3
548,186,2,20240616,57,4
549,14,3,20220915,26,3
550,18,7,20220502,69,1
551,213,2,20230224,73,1
552,207,6,20221005,51,5
553,167,9,20221114,77,5
554,238,4,20240428,20,1
555,165,3,20211003,40,1
556,38,4,20240102,93,4
557,246,4,20241108,81,5
558,130,14,20230508,89,5
559,171,3,20230724,51,2
560,243,11,20240507,10,1
561,243,3,20220123,63,4
562,162,13,20241208,40,2
563,190,14,20210101,13,3
564,37,4,20210816,72,1
565,224,6,20230101,68,3
566,142,11,20220405,15,3
567,7,12,20220316,2,1
568,157,14,20240825,99,3
569,68,5,20241022,96,1
570,191,5,20210919,73,2
571,187,2,20220117,47,2
572,33,11,20230116,61,1
573,156,3,20210624,39,3
574,208,14,20220112,66,4
575,139,4,20211010,92,1
576,182,9,20240601,73,1
577,214,1,20230817,83,1
578,161,14,20220527,55,1
579,153,6,20210715,6,1
580,153,14,20220611,21,4
581,42,12,20220506,48,4
582,70,11,20210627,96,5
583,8,6,20210228,87,2
584,223,1,20221028,63,3
585,96,14,20240923,58,1
586,175,13,20210208,87,5
587,212,6,20240916,19,1
588,63,4,20220927,33,3
589,38,8,20230223,34,4
590,45,3,20240327,49,2
591,48,11,20241008,55,4
592,227,14,20230910,21,3
593,85,2,20240707,55,2
594,234,4,20241212,4,1
595,157,2,20210310,81,5
596,175,4,20240624,39,1
597,2,9,20230420,47,4
598,134,1,20210412,89,4
599,24,6,20220111,36,4
600,206,4,20230925,77,5
601,187,11,20221104,8,3
602,25,10,20210216,6,5
603,151,5,20210217,82,4
604,13,5,20220318,58,1
605,2,11,20220716,25,1
606,87,4,20240526,28,4
607,242,2,20240817,51,4
608,168,3,20240427,87,1
609,236,1,20230219,58,5
610,45,13,20241006,64,1
611,14,10,20210117,69,1
612,14,12,20210527,4,5
613,27,7,20240719,10,2
614,238,1,20220306,32,5
615,84,4,20231226,5,2
616,232,1,20220202,48,5
617,48,10,20220127,85,4
618,61,6,20231213,73,5
619,248,7,20220901,96,1
620,55,7,20241020,87,3
621,46,5,20240519,33,5
622,169,12,20210727,88,2
623,206,6,20210907,49,5
624,245,11,20231024,34,3
625,44,11,20240705,24,3
626,148,9,20211016,5,3
627,130,3,20231022,25,2
628,171,10,20240621,48,4
629,209,1,20240717,18,2
630,18,10,20210312,62,5
631,52,8,20210517,97,5
632,206,4,20230816,0,1
633,12,6,20221117,36,5
634,188,2,20210905,15,4
635,239,9,20210103,75,2
636,62,2,20211003,69,4
637,172,12,20230820,41,4
638,31,12,20241108,66,5
639,235,4,20240317,37,2
640,49,1,20231216,6,3
641,228,12,20240808,32,3
642,181,2,20210911,80,4
643,61,8,20220821,97,1
644,171,14,20211211,50,5
645,75,3,20240807,21,2
646,165,8,20221103,95,2
647,46,11,20231106,29,2
648,39,11,20210922,43,4
649,6,8,20221110,39,2
650,61,2,20231206,72,5
651,13,5,20240909,5,4
652,28,3,20210611,11,4
653,122,10,20230224,72,1
654,211,10,20211002,33,2
655,215,6,20230326,48,3
656,175,11,20231106,1,4
657,133,13,20220508,73,3
658,199,2,20230501,47,4
659,155,11,20240917,59,1
660,63,5,20240915,57,1
661,74,7,20221017,97,5
662,80,10,20210410,9,2
663,59,3,20230803,32,2
664,18,3,20211220,61,4
665,25,14,20240120,64,1
666,36,7,20230625,22,5
667,205,4,20240621,98,1
668,241,7,20230901,71,2
669,55,9,20221222,19,1
670,46,14,20230228,36,5
671,240,8,20230709,15,2
672,202,4,20240910,1,1
673,61,1,20230618,21,3
674,103,9,20220722,89,4
675,162,9,20220809,7,5
676,225,5,20220114,3,4
677,183,14,20240812,28,5
678,137,13,20220407,14,5
679,31,9,20221005,54,2
680,20,7,20241025,43,2
681,89,5,20230601,22,5
682,52,5,20241209,74,3
683,3,4,20210204,27,2
684,121,8,20230402,15,4
685,204,14,20240809,73,4
686,55,2,20231005,83,3
687,53,5,20230910,1,3
688,197,9,20240807,2,1
689,213,1,20221219,21,4
690,164,7,20240321,82,2
691,83,6,20221226,88,5
692,233,6,20221101,47,1
693,154,10,20220227,68,5
694,213,7,20230303,91,3
695,18,9,20230901,24,1
696,73,9,20221125,6,4
697,190,9,20241007,59,4
698,162,4,20241023,86,4
699,29,5,20230111,77,4
700,136,6,20240706,7,4
701,216,5,20210308,73,1
702,122,5,20230502,79,2
703,135,3,20210412,26,2
704,202,13,20230820,63,3
705,199,9,20230926,4,5
706,5,1,20221024,64,1
707,82,5,20230310,72,2
708,244,3,20220307,81,3
709,144,6,20210618,42,2
710,57,11,20240316,86,3
711,207,5,20241028,83,5
712,128,13,20220803,58,3
713,246,13,20211104,98,3
714,228,5,20220220,25,1
715,229,13,20230518,31,5
716,201,3,20231019,54,1
717,202,7,20241010,20,1
718,100,4,20210820,68,2
719,161,14,20240421,44,1
720,174,12,20220618,73,3
721,173,13,20230703,22,3
722,229,12,20210706,20,2
723,158,1,20210404,68,2
724,62,7,20220613,51,4
725,190,6,20240207,68,1
726,250,2,20230507,35,5
727,17,5,20210103,99,5
728,229,4,20211211,40,1
729,93,8,20210104,0,5
730,18,5,20210118,45,5
731,115,8,20220712,16,2
732,192,4,20240607,28,2
733,109,1,20210820,78,1
734,250,14,20220223,44,2
735,247,6,20241105,37,2
736,220,7,20221124,7,3
737,2,13,20240415,20,3
738,69,5,20210518,35,4
739,166,1,20210612,1,5
740,130,8,20240917,73,4
741,16,13,20210223,79,1
742,202,9,20230716,7,5
743,48,12,20210701,90,1
744,47,5,20230524,13,5
745,66,5,20230419,35,5
746,180,9,20220708,63,5
747,96,4,20240828,86,3
748,2,6,20210821,4,3
749,40,13,20220109,4,1
750,196,6,20220110,22,1
751,98,11,20230614,84,2
752,166,14,20220702,77,1
753,139,14,20240209,31,5
754,195,13,20210610,29,1
755,70,12,20241123,52,5
756,114,12,20220608,59,1
757,167,8,20241211,31,4
758,112,1,20220902,42,2
759,236,12,20240612,17,2
760,72,8,20210306,63,1
761,7,6,20210501,66,4
762,24,7,20230313,32,4
763,2,5,20221028,72,2
764,245,10,20230101,70,3
765,89,10,20211120,71,3
766,66,4,20221118,52,1
767,181,6,20230518,98,2
768,161,4,20220313,97,5
769,73,2,20221227,99,1
770,87,13,20210314,19,2
771,114,4,20210203,49,3
772,170,13,20220307,80,5
773,49,11,20240820,88,2
774,83,3,20211028,90,2
775,249,14,20230427,85,2
776,17,1,20241127,14,2
777,217,1,20210215,33,2
778,232,13,20210601,62,5
779,123,9,20211101,69,3
780,158,4,20230207,36,2
781,244,3,20220426,3,4
782,36,9,20231127,88,1
783,246,9,20210209,83,5
784,55,2,20220305,9,2
785,5,10,20240819,68,4
786,69,14,20240316,90,2
787,80,9,20230413,80,2
788,61,3,20210109,33,1
789,131,7,20210923,80,4
790,126,1,20221207,30,5
791,174,5,20221028,17,4
792,26,7,20240215,30,2
793,101,9,20230224,11,1
794,100,14,20231215,57,5
795,194,8,20220527,29,2
796,127,9,20210302,41,4
797,176,10,20220716,60,4
798,70,4,20220804,46,5
799,40,13,20210317,65,5
800,105,2,20231103,4,3
801,110,6,20220325,95,2
802,121,1,20220806,78,5
803,25,6,20221212,17,4
804,232,2,20210601,99,5
805,220,2,20240409,9,3
806,66,6,20230426,29,3
807,206,9,20220527,95,4
808,58,4,20240525,34,4
809,238,5,20210720,82,5
810,57,2,20230111,22,2
811,213,12,20240610,29,3
812,160,7,20211010,36,2
813,26,3,20241103,94,5
814,239,13,20231121,29,3
815,237,1,20220122,99,2
816,143,11,20210718,88,2
817,79,12,20230306,1,5
818,69,13,20220312,29,2
819,61,2,20241125,16,2
820,100,9,20241118,70,2
821,8,13,20231213,70,5
822,198,6,20211103,99,3
823,17,1,20230514,13,2
824,3,12,20221127,9,2
825,19,7,20230409,58,4
826,121,5,20240404,77,1
827,22,1,20231112,44,2
828,9,10,20230424,84,1
829,76,6,20220408,52,4
830,225,3,20220516,57,5
831,195,8,20220928,11,3
832,127,5,20210820,61,2
833,148,8,20240301,41,1
834,246,7,20230202,82,3
835,215,8,20241106,31,3
836,196,7,20231004,89,3
837,23,4,20210920,51,2
838,138,11,20230614,17,3
839,36,2,20231014,48,1
840,180,6,20230423,65,2
841,102,14,20240218,66,1
842,88,14,20230903,44,4
843,146,13,20220827,45,1
844,107,10,20240413,41,2
845,74,6,20240225,79,4
846,89,4,20221010,26,1
847,124,12,20220401,0,5
848,82,6,20220304,94,4
849,200,8,20220615,28,3
850,218,9,20210804,9,5
851,64,7,20210414,32,4
852,36,11,20210922,57,3
853,184,7,20210816,96,5
854,159,9,20231016,56,4
855,191,12,20210601,23,2
856,95,7,20230105,98,1
857,5,6,20210503,34,3
858,93,11,20230506,56,2
859,13,10,20210904,46,3
860,184,2,20240504,68,5
861,78,3,20220403,69,2
862,107,11,20220408,85,1
863,249,12,20220822,12,4
864,109,6,20210114,91,3
865,120,8,20231008,18,1
866,110,3,20221208,41,2
867,98,13,20210924,81,2
868,189,6,20230413,61,5
869,71,9,20210902,87,3
870,187,10,20230105,51,1
871,56,8,20210514,57,2
872,92,10,20230604,18,2
873,235,6,20240912,17,1
874,65,7,20240609,30,4
875,196,7,20240914,64,3
876,115,1,20231116,13,1
877,13,6,20231109,80,1
878,130,8,20210928,41,3
879,116,14,20240721,99,4
880,65,4,20241107,10,1
881,4,14,20230214,57,3
882,136,8,20241027,11,4
883,231,8,20220618,93,3
884,211,9,20220526,12,3
885,112,6,20240719,40,3
886,194,3,20220505,31,2
887,134,9,20230213,31,3
888,38,9,20210416,10,4
889,130,7,20221227,81,5
890,83,12,20230913,10,4
891,178,14,20210524,81,3
892,103,14,20230621,28,5
893,12,9,20230210,71,1
894,155,10,20221128,22,4
895,173,11,20230204,5,4
896,221,5,20210626,66,5
897,127,3,20220513,77,3
898,50,11,20220114,41,3
899,53,13,20210423,10,1
900,7,1,20221016,4,5
901,139,3,20241013,25,5
902,88,7,20240127,27,4
903,53,3,20221125,6,5
904,176,14,20220713,36,2
905,172,13,20210310,50,4
906,33,8,20230407,82,5
907,94,11,20240315,19,5
908,78,14,20211112,25,3
909,37,14,20230625,91,2
910,111,4,20220714,70,4
911,6,5,20230403,59,5
912,27,12,20210208,90,2
913,23,11,20230305,19,5
914,2,1,20240407,56,4
915,149,10,20230306,84,4
916,101,2,20230510,27,1
917,100,10,20240205,93,2
918,46,13,20231225,94,1
919,230,12,20210906,8,3
920,29,10,20211019,25,5
921,128,2,20240324,18,3
922,161,13,20231123,0,3
923,79,6,20230820,70,5
924,175,14,20210427,40,3
925,116,3,20210104,42,5
926,248,4,20210107,40,1
927,206,11,20230801,15,4
928,130,2,20230902,26,3
929,114,1,20240126,66,4
930,185,13,20230422,59,2
931,238,1,20220314,14,2
932,204,5,20230403,87,1
933,43,11,20241220,60,5
934,227,12,20210828,83,3
935,2,14,20220326,28,4
936,230,14,20220122,36,2
937,73,11,20241103,18,5
938,18,2,20240421,7,4
939,180,8,20210908,80,2
940,176,14,20210428,62,3
941,89,9,20220219,40,1
942,105,7,20210413,59,4
943,153,1,20240617,48,1
944,195,4,20221111,72,2
945,82,13,20220413,81,2
946,177,10,20241103,10,1
947,245,6,20240924,40,5
948,35,10,20220119,64,2
949,208,7,20210718,53,2
950,208,11,20220512,1,5
951,229,13,20210120,5,3
952,32,9,20210708,76,5
953,208,11,20221220,82,5
954,187,6,20240426,68,3
955,32,4,20231012,90,2
956,93,12,20230724,32,4
957,43,3,20211009,11,5
958,100,6,20220107,55,2
959,225,1,20240828,51,4
960,185,6,20221107,3,1
961,184,11,20240413,14,4
962,39,12,20220621,91,1
963,221,10,20210819,6,1
964,38,2,20210509,19,3
965,21,12,20240902,23,4
966,46,1,20241204,65,1
967,170,7,20230501,9,2
968,104,11,20240814,17,3
969,90,14,20230513,30,1
970,171,8,20230607,71,2
971,36,3,20221122,80,4
972,56,5,20231001,75,4
973,20,4,20230201,48,1
974,11,9,20240401,30,4
975,12,12,20210322,96,4
976,15,9,20210405,45,3
977,52,5,20210301,89,3
978,82,3,20230925,70,3
979,27,1,20211002,70,2
980,84,13,20230627,72,5
981,150,7,20220206,83,3
982,206,10,20221015,40,5
983,226,6,20220625,68,2
984,160,6,20230924,5,2
985,156,2,20211122,81,3
986,238,3,20220224,97,5
987,142,4,20240204,36,1
988,162,10,20231221,89,4
989,95,12,20240112,80,2
990,190,4,20241007,11,3
991,166,14,20210305,59,5
992,70,8,20210509,28,1
993,80,5,20210208,74,5
994,105,8,20221220,28,2
995,24,5,20240827,98,3
996,215,8,20210718,71,3
997,133,10,20231012,6,3
998,205,10,20210825,11,4
999,240,6,20240127,10,1
1000,217,6,20211008,67,1
1001,75,9,20210201,25,4
1002,198,14,20220313,27,3
1003,63,9,20210924,61,2
1004,165,8,20220814,53,1
1005,173,11,20220225,57,2
1006,85,1,20240521,81,4
1007,203,1,20220702,10,1
1008,233,6,20210910,43,3
1009,106,5,20231015,33,5
1010,28,12,20210522,69,4
1011,66,7,20241127,74,1
1012,18,14,20230119,63,1
1013,132,5,20231209,93,3
1014,48,4,20240205,7,2
1015,119,5,20220715,8,2
1016,100,7,20230617,87,5
1017,240,7,20240710,26,3
1018,10,9,20210202,71,3
1019,6,7,20211203,35,3
1020,218,13,20210224,79,2
1021,91,11,20210817,96,3
1022,203,5,20240416,90,4
1023,171,14,20240824,75,5
1024,89,8,20240608,57,4
1025,211,8,20240123,61,3
1026,192,13,20240118,67,5
1027,173,1,20221105,61,2
1028,146,6,20230414,10,3
1029,41,10,20220120,86,4
1030,145,5,20221213,4,1
1031,13,12,20210821,64,1
1032,168,12,20240923,83,1
1033,248,6,20220915,2,1
1034,212,6,20210401,74,5
1035,131,12,20230721,94,3
1036,31,4,20230815,5,3
1037,207,13,20220605,11,1
1038,170,10,20220118,89,4
1039,107,9,20231015,9,2
1040,211,3,20220727,18,4
1041,26,1,20210628,30,5
1042,24,8,20240918,81,1
1043,230,9,20211210,69,5
1044,25,10,20210218,22,2
1045,195,5,20210813,83,2
1046,219,9,20230905,74,5
1047,185,7,20230920,19,5
1048,181,14,20210327,60,2
1049,191,10,20240308,83,1
1050,185,11,20220410,69,3
1051,232,14,20220401,2,4
1052,185,1,20240313,41,4
1053,233,6,20230701,69,1
1054,89,13,20231004,33,4
1055,99,8,20211107,46,1
1056,102,8,20230127,83,3
1057,119,9,20230322,52,3
1058,249,10,20240426,76,4
1059,44,3,20211207,54,3
1060,238,14,20210507,6,4
1061,232,14,20220410,0,4
1062,227,7,20210808,24,1
1063,160,10,20230224,63,3
1064,207,8,20241003,54,2
1065,170,6,20231226,51,1
1066,35,9,20230703,28,3
1067,169,1,20221124,7,4
1068,59,1,20240305,71,4
1069,80,5,20221016,79,2
1070,34,4,20220515,77,1
1071,27,5,20230407,52,2
1072,238,4,20240623,50,5
1073,220,3,20240809,33,3
1074,186,9,20240228,88,5
1075,85,9,20230621,11,4
1076,214,5,20220115,8,5
1077,148,6,20230324,23,5
1078,67,11,20221108,11,1
1079,100,5,20230323,34,2
1080,139,9,20210909,5,4
1081,109,13,20220301,55,1
1082,187,1,20240128,75,1
1083,204,5,20210214,87,3
1084,110,3,20240907,85,5
1085,155,11,20211211,29,5
1086,207,12,20240905,39,4
1087,39,13,20230828,63,3
1088,244,12,20241218,74,5
1089,204,7,20230317,63,1
1090,167,11,20220617,60,5
1091,148,6,20241111,48,3
1092,165,3,20220425,10,3
1093,215,8,20240325,41,2
1094,10,13,20241202,99,2
1095,104,14,20230828,2,3
1096,125,11,20230421,54,2
1097,24,14,20211103,97,3
1098,217,3,20230519,90,2
1099,215,8,20231008,81,2
1100,120,11,20241027,67,3
1101,73,11,20220505,64,2
1102,33,3,20230419,23,5
1103,126,13,20220222,64,1
1104,32,8,20220809,9,5
1105,103,11,20241112,72,2
1106,36,8,20231008,3,3
1107,117,5,20221102,55,2
1108,49,12,20240209,88,4
1109,234,7,20230521,75,1
1110,89,11,20230115,26,1
1111,162,14,20211217,66,3
1112,186,3,20221223,62,3
1113,228,6,20220914,83,4
1114,246,12,20220512,38,3
1115,198,2,20220126,77,2
1116,76,14,20221028,85,3
1117,228,7,20220307,46,3
1118,203,1,20240924,87,4
1119,98,6,20230203,16,2
1120,229,12,20220125,34,1
1121,19,3,20240318,61,4
1122,240,7,20220312,28,4
1123,228,2,20240704,4,3
1124,11,11,20230913,32,2
1125,15,10,20231117,54,3
1126,148,12,20220910,81,5
1127,176,10,20240927,78,4
1128,27,10,20240919,80,4
1129,142,14,20221011,18,1
1130,176,12,20240206,28,5
1131,26,8,20211020,27,4
1132,208,12,20210601,87,1
1133,29,1,20230815,30,3
1134,94,5,20210227,78,1
1135,177,8,20220705,92,4
1136,119,3,20240103,21,3
1137,8,14,20230517,78,3
1138,242,8,20220217,92,3
1139,147,1,20241106,58,4
1140,170,14,20240523,1,1
1141,6,2,20231004,2,2
1142,200,8,20230214,25,2
1143,58,12,20221026,39,4
1144,130,12,20240116,87,4
1145,119,2,20230815,89,5
1146,211,5,20240912,34,1
1147,2,4,20220612,19,1
1148,58,13,20220312,64,5
1149,7,1,20230307,68,1
1150,163,1,20240625,65,1
1151,146,8,20230626,66,5
1152,204,7,20211224,63,5
1153,166,13,20240622,65,2
1154,67,13,20241102,26,2
1155,110,9,20221015,96,1
1156,223,10,20220412,54,4
1157,58,10,20211120,91,3
1158,45,4,20210620,88,1
1159,246,14,20220617,88,4
1160,127,10,20221120,22,1
1161,103,11,20240416,28,2
1162,39,9,20230220,42,3
1163,10,13,20230519,73,4
1164,13,8,20210122,2,5
1165,244,13,20240119,90,1
1166,170,7,20220121,64,4
1167,48,2,20240301,98,5
1168,108,11,20221016,77,2
1169,62,14,20210417,22,1
1170,156,13,20210104,45,3
1171,117,8,20210518,63,2
1172,227,8,20220215,3,5
1173,112,1,20220319,76,2
1174,187,7,20240212,71,3
1175,116,14,20210319,62,5
1176,206,6,20230616,67,3
1177,2,9,20240304,22,2
1178,61,14,20240902,40,3
1179,145,5,20211208,63,4
1180,173,14,20210928,66,5
1181,226,7,20210623,34,4
1182,179,12,20220418,14,1
1183,230,11,20240423,0,1
1184,39,3,20220109,58,5
1185,76,11,20220121,70,1
1186,222,8,20230221,91,1
1187,241,11,20241214,28,2
1188,43,5,20220508,14,5
1189,159,3,20210719,28,5
1190,139,7,20241127,9,2
1191,37,4,20220607,65,5
1192,74,6,20210402,81,1
1193,187,9,20220522,98,3
1194,44,2,20230216,4,4
1195,189,6,20220501,11,2
1196,150,7,20221127,73,2
1197,6,6,20240309,23,3
1198,133,6,20210527,41,2
1199,32,9,20210105,50,1
1200,170,5,20210510,52,2
1201,163,9,20210607,26,5
1202,219,8,20240519,9,1
1203,141,14,20240203,26,2
1204,20,3,20220824,6,4
1205,38,4,20220903,40,1
1206,224,2,20230216,70,3
1207,129,2,20230725,63,3
1208,33,4,20210501,24,4
1209,64,3,20230104,24,4
1210,212,12,20230801,10,4
1211,7,11,20240314,73,3
1212,102,14,20240504,27,1
1213,246,13,20220619,30,3
1214,52,2,20230815,72,1
1215,126,8,20210520,33,1
1216,60,12,20210318,5,4
1217,59,8,20230111,72,5
1218,227,2,20211022,70,3
1219,234,2,20210314,73,3
1220,52,9,20210501,14,3
1221,226,10,20230406,51,1
1222,229,8,20240513,72,1
1223,160,1,20241126,45,1
1224,40,6,20221109,66,5
1225,9,1,20220317,89,4
1226,172,1,20240721,54,3
1227,247,7,20210427,42,5
1228,65,13,20230503,47,5
1229,248,3,20220608,64,2
1230,226,11,20210323,49,2
1231,106,13,20221106,71,2
1232,130,2,20211124,98,1
1233,155,9,20240819,32,1
1234,122,9,20230228,72,4
1235,20,2,20220325,17,3
1236,138,14,20241204,48,1
1237,90,1,20210806,69,2
1238,156,1,20220612,76,3
1239,232,3,20241027,84,4
1240,1,2,20230624,42,2
1241,222,10,20230615,71,1
1242,113,1,20210302,21,5
1243,151,1,20241020,23,4
1244,200,9,20220916,21,4
1245,35,5,20240119,65,5
1246,118,13,20221101,55,1
1247,230,7,20221128,45,5
1248,233,8,20230721,10,2
1249,155,6,20210514,96,4
1250,141,13,20210125,7,4
1251,57,9,20210712,27,1
1252,151,4,20210919,14,5
1253,241,8,20240418,64,4
1254,16,3,20230614,5,2
1255,119,11,20220315,50,5
1256,166,14,20210113,15,5
1257,175,9,20230926,20,2
1258,21,4,20240515,47,1
1259,89,5,20230728,52,1
1260,151,1,20221027,43,3
1261,219,6,20240124,32,5
1262,177,5,20210724,16,3
1263,8,6,20240709,0,4
1264,204,1,20220725,92,5
1265,23,3,20241108,1,1
1266,141,9,20221108,3,5
1267,127,5,20220903,40,1
1268,167,7,20241120,92,3
1269,61,13,20240603,17,3
1270,107,3,20211017,17,4
1271,68,11,20210324,70,4
1272,56,11,20230314,46,4
1273,101,11,20241021,45,3
1274,170,12,20241010,79,3
1275,172,7,20220223,89,3
1276,240,3,20241014,91,4
1277,102,4,20230728,16,5
1278,173,10,20220703,90,4
1279,48,5,20211028,36,1
1280,112,3,20210922,74,2
1281,210,12,20241218,72,3
1282,221,10,20210712,99,3
1283,242,3,20221213,76,4
1284,183,2,20231016,50,3
1285,155,3,20230414,74,4
1286,215,2,20240316,7,3
1287,78,13,20240424,90,1
1288,246,11,20240325,74,2
1289,103,6,20230115,87,5
1290,211,13,20210119,47,4
1291,24,5,20240404,80,4
1292,25,6,20240609,93,3
1293,247,4,20221027,7,3
1294,224,3,20210227,30,3
1295,189,4,20210903,45,1
1296,121,12,20210509,5,1
1297,10,7,20211027,1,1
1298,59,2,20220928,41,4
1299,175,7,20220616,76,5
1300,161,1,20211123,9,4
1301,92,14,20220106,17,3
1302,97,1,20230228,77,5
1303,126,14,20220928,30,1
1304,98,8,20230413,58,3
1305,243,14,20210920,9,5
1306,107,1,20211019,3,4
1307,192,5,20230907,13,4
1308,97,14,20210223,9,1
1309,134,10,20230507,87,5
1310,194,12,20230122,29,2
1311,221,7,20220416,3,3
1312,17,6,20220712,71,4
1313,19,6,20240512,21,1
1314,22,3,20240619,64,1
1315,20,3,20210723,21,2
1316,110,14,20230828,32,1
1317,95,6,20240524,29,1
1318,220,8,20210625,71,2
1319,32,14,20230401,81,3
1320,58,11,20210826,51,1
1321,59,12,20210113,24,3
1322,7,12,20241120,9,5
1323,4,1,20240403,72,3
1324,202,9,20221127,47,5
1325,220,12,20210522,32,2
1326,167,9,20221001,63,2
1327,175,3,20240604,49,3
1328,81,13,20240508,50,1
1329,54,13,20230427,84,4
1330,123,11,20221211,25,4
1331,190,8,20230917,35,2
1332,146,12,20230906,36,2
1333,216,14,20230110,65,4
1334,167,3,20220905,81,5
1335,247,4,20210401,80,3
1336,70,2,20220412,55,3
1337,201,10,20210707,38,1
1338,99,6,20220516,24,5
1339,27,13,20240520,87,4
1340,75,6,20230201,26,3
1341,131,6,20220622,40,5
1342,90,10,20231211,57,5
1343,125,10,20240916,63,2
1344,58,4,20210104,71,3
1345,108,12,20210519,53,5
1346,109,14,20210222,20,3
1347,146,2,20221114,5,3
1348,12,14,20210121,61,2
1349,195,8,20221219,85,3
1350,75,11,20211122,29,4
1351,108,3,20221013,42,3
1352,119,3,20211101,58,3
1353,141,12,20241024,20,3
1354,248,6,20211213,36,5
1355,197,4,20210910,56,5
1356,128,2,20210623,0,2
1357,195,13,20231117,2,4
1358,73,13,20210707,26,5
1359,223,13,20210918,72,2
1360,189,7,20220920,18,5
1361,73,8,20210616,52,2
1362,95,1,20230901,39,2
1363,156,5,20211205,81,2
1364,135,12,20211208,44,3
1365,139,7,20210721,52,5
1366,182,11,20210118,19,2
1367,169,13,20230807,33,5
1368,136,10,20211117,64,4
1369,31,13,20230712,69,5
1370,120,2,20230909,59,5
1371,86,4,20240712,37,1
1372,201,1,20240308,16,1
1373,135,13,20220209,77,4
1374,195,10,20211105,49,2
1375,75,14,20220403,66,4
1376,188,14,20211226,81,2
1377,18,6,20231214,36,2
1378,119,11,20240719,59,4
1379,89,7,20230921,36,4
1380,125,9,20211227,70,2
1381,89,11,20240405,13,4
1382,23,10,20210216,68,3
1383,220,10,20220109,6,5
1384,27,3,20240215,81,1
1385,129,3,20240224,81,2
1386,222,11,20211026,45,1
1387,42,3,20240704,62,3
1388,90,7,20241112,38,3
1389,226,13,20240106,87,3
1390,108,3,20210809,69,3
1391,48,6,20220414,15,5
1392,162,4,20211112,24,5
1393,87,8,20240113,98,5
1394,176,7,20240726,24,2
1395,201,6,20240628,35,3
1396,57,14,20231216,10,5
1397,144,2,20240101,23,3
1398,60,7,20241024,4,2
1399,236,9,20230426,20,1
1400,122,8,20240201,24,4
1401,113,7,20220713,38,2
1402,164,10,20240503,43,1
1403,193,12,20230421,9,4
1404,47,5,20210707,40,1
1405,141,7,20241118,70,4
1406,196,10,20210225,71,1
1407,139,2,20240104,16,2
1408,75,1,20241218,47,5
1409,228,8,20210213,95,5
1410,179,14,20241016,6,3
1411,18,6,20220317,60,4
1412,235,2,20240915,55,2
1413,248,1,20220914,8,2
1414,212,11,20230614,35,2
1415,123,6,20210719,80,2
1416,227,2,20230122,97,2
1417,46,12,20241214,81,3
1418,41,14,20230702,93,1
1419,246,5,20220120,99,4
1420,125,14,20211216,53,3
1421,53,13,20241022,19,4
1422,103,12,20240102,61,4
1423,54,12,20220324,24,5
1424,30,12,20210406,5,3
1425,225,11,20210803,19,4
1426,237,14,20230607,37,4
1427,71,7,20210803,74,1
1428,204,4,20230114,78,4
1429,207,6,20231008,95,2
1430,170,12,20240525,21,3
1431,223,11,20230924,54,3
1432,21,13,20240211,2,2
1433,177,13,20231109,51,4
1434,71,8,20230907,57,3
1435,47,5,20240108,49,4
1436,13,2,20240611,58,2
1437,233,7,20210126,18,4
1438,198,6,20220222,18,4
1439,193,3,20231022,12,4
1440,224,5,20241005,19,1
1441,92,1,20220304,96,1
1442,2,12,20220812,68,1
1443,106,8,20220125,66,1
1444,12,4,20221223,14,4
1445,211,11,20240814,19,1
1446,192,8,20231221,23,4
1447,214,13,20240128,40,2
1448,228,2,20241019,57,2
1449,74,2,20230420,4,1
1450,133,14,20241203,76,2
1451,56,2,20210926,75,3
1452,149,9,20210224,48,5
1453,52,14,20210712,4,3
1454,101,10,20241108,72,5
1455,134,2,20230214,49,5
1456,235,12,20240917,59,4
1457,212,12,20241018,39,1
1458,89,1,20220804,82,5
1459,223,4,20210227,12,1
1460,217,2,20220426,85,2
1461,173,13,20240919,33,3
1462,63,7,20220210,90,2
1463,170,4,20240322,83,2
1464,161,9,20210506,71,2
1465,61,13,20240311,35,5
1466,33,1,20230315,48,1
1467,121,13,20230401,75,3
1468,135,7,20230827,77,3
1469,171,5,20210708,90,4
1470,184,14,20210301,32,3
1471,199,7,20240224,93,3
1472,201,9,20231109,67,4
1473,16,3,20220702,36,1
1474,229,5,20221121,90,5
1475,176,5,20210124,16,4
1476,160,14,20211205,11,4
1477,114,13,20210926,48,4
1478,120,6,20230519,82,5
1479,1,8,20231012,92,2
1480,72,8,20240303,62,2
1481,197,7,20210910,26,3
1482,247,10,20220618,72,1
1483,130,12,20221001,90,2
1484,91,10,20240923,45,1
1485,57,9,20230807,88,4
1486,70,1,20220321,2,4
1487,166,5,20221104,2,1
1488,87,3,20210719,21,2
1489,239,6,20230712,79,2
1490,16,13,20220510,92,2
1491,117,13,20240117,55,4
1492,65,2,20210109,4,2
1493,99,11,20241214,83,4
1494,107,5,20230107,31,4
1495,139,2,20221023,84,3
1496,209,7,20210524,65,2
1497,80,6,20210522,78,4
1498,231,5,20241113,80,5
1499,222,2,20210203,75,1
1500,108,1,20240826,5,1
1501,46,4,20220119,78,5
1502,213,5,20241217,27,4
1503,200,4,20210316,55,3
1504,163,7,20240822,9,5
1505,129,7,20210620,12,4
1506,10,1,20220124,7,4
1507,62,9,20230603,66,4
1508,248,5,20230214,88,1
1509,79,11,20220302,21,3
1510,23,4,20220101,70,3
1511,72,14,20230922,81,4
1512,47,9,20240909,3,2
1513,95,1,20210415,95,4
1514,106,2,20241005,13,4
1515,57,3,20220525,89,4
1516,80,5,20210418,98,4
1517,212,13,20230312,86,4
1518,68,3,20210419,86,2
1519,179,14,20230905,35,2
1520,70,13,20210419,64,5
1521,158,1,20241022,16,2
1522,68,7,20220823,35,2
1523,173,2,20220711,1,1
1524,118,8,20220121,82,2
1525,71,9,20210916,7,2
1526,227,10,20240705,17,5
1527,87,10,20240102,96,1
1528,157,7,20240112,20,4
1529,93,13,20240304,47,2
1530,8,7,20220502,51,4
1531,118,10,20220504,21,1
1532,159,14,20221105,98,1
1533,74,10,20220311,37,3
1534,64,9,20210324,0,4
1535,103,14,20211007,56,4
1536,193,12,20230910,17,5
1537,108,10,20240920,5,5
1538,130,11,20220514,5,1
1539,9,5,20210312,61,2
1540,215,7,20211223,14,1
1541,33,8,20210711,58,5
1542,110,8,20210806,44,4
1543,138,10,20210223,60,1
1544,7,11,20220117,86,4
1545,85,4,20241121,96,1
1546,192,12,20220805,14,1
1547,181,13,20231118,58,1
1548,37,8,20231201,67,1
1549,107,13,20210126,17,2
1550,208,12,20241023,5,1
1551,241,13,20230616,13,3
1552,230,3,20221221,57,1
1553,225,1,20240401,57,5
1554,80,11,20231213,92,4
1555,165,7,20211102,10,4
1556,152,12,20241222,38,1
1557,17,3,20230820,53,5
1558,94,14,20211017,75,5
1559,120,2,20210225,81,2
1560,221,4,20241219,43,3
1561,92,4,20240509,94,1
1562,154,8,20220912,15,5
1563,137,12,20211214,16,5
1564,119,5,20210716,21,4
1565,49,10,20210502,22,4
1566,168,12,20220713,14,3
1567,221,3,20210615,58,5
1568,132,7,20240323,15,3
1569,212,7,20241023,87,3
1570,142,3,20210608,29,4
1571,169,7,20240623,38,5
1572,139,7,20210219,8,2
1573,199,7,20210124,27,5
1574,189,3,20210428,63,5
1575,102,13,20240301,69,1
1576,84,4,20240823,62,1
1577,10,5,20231021,96,2
1578,201,7,20221021,86,5
1579,231,3,20230120,81,1
1580,156,8,20231117,75,1
1581,4,8,20240302,50,2
1582,185,7,20210212,90,1
1583,136,4,20210508,31,5
1584,200,1,20230918,91,3
1585,118,12,20210406,74,3
1586,212,3,20210924,91,3
1587,71,5,20240726,19,3
1588,219,4,20230603,36,4
1589,133,14,20220911,19,4
1590,246,14,20241123,19,4
1591,21,5,20230527,50,2
1592,9,2,20211108,8,3
1593,118,1,20220114,9,4
1594,18,14,20240210,40,2
1595,67,3,20210910,31,3
1596,56,10,20240612,28,2
1597,85,4,20220304,28,1
1598,210,4,20220210,89,2
1599,148,5,20240621,30,1
1600,124,9,20231222,29,2
1601,63,14,20230213,10,5
1602,66,10,20240220,95,5
1603,97,9,20240403,99,4
1604,14,9,20210413,37,2
1605,9,11,20220920,22,4
1606,205,7,20230921,97,4
1607,128,1,20231010,52,4
1608,192,14,20240705,85,2
1609,225,7,20230713,16,4
1610,133,8,20210821,65,1
1611,71,1,20221008,71,3
1612,223,3,20220623,10,1
1613,86,11,20220920,49,2
1614,2,5,20230822,75,3
1615,137,14,20220406,52,4
1616,136,7,20240306,43,4
1617,27,9,20240422,44,3
1618,69,13,20210618,3,5
1619,102,11,20240810,10,1
1620,64,12,20210519,38,4
1621,64,8,20240921,97,3
1622,246,10,20231119,18,3
1623,178,6,20210319,19,3
1624,54,14,20230506,39,4
1625,195,7,20221004,58,1
1626,74,3,20230318,24,1
1627,80,9,20240513,87,1
1628,34,12,20220719,70,5
1629,225,10,20230614,79,2
1630,17,9,20221216,56,5
1631,30,7,20240117,67,3
1632,61,6,20231105,49,3
1633,117,9,20210415,16,5
1634,115,13,20211115,68,2
1635,95,7,20230713,45,2
1636,117,6,20210404,20,1
1637,222,4,20210307,82,5
1638,155,9,20240607,89,5
1639,198,6,20230612,50,2
1640,190,2,20230223,17,2
1641,182,10,20240502,81,4
1642,14,6,20230226,97,2
1643,72,2,20220304,46,2
1644,26,3,20240619,88,2
1645,147,11,20240515,33,5
1646,80,7,20210314,53,5
1647,209,5,20240104,88,3
1648,205,6,20240303,47,1
1649,146,8,20240126,56,5
1650,30,1,20220812,31,3
1651,164,12,20231116,7,4
1652,2,3,20210127,66,2
1653,161,13,20210604,45,2
1654,53,7,20240410,15,5
1655,8,3,20210202,56,1
1656,136,6,20240902,50,5
1657,137,14,20231008,6,3
1658,92,11,20230611,98,3
1659,70,14,20210702,74,2
1660,176,8,20211202,54,5
1661,46,3,20220613,60,2
1662,139,13,20230124,22,2
1663,199,13,20231015,98,4
1664,24,14,20210810,45,4
1665,63,3,20220217,1,3
1666,248,11,20210915,95,3
1667,103,4,20221021,68,1
1668,72,11,20220202,88,5
1669,110,13,20220103,27,3
1670,23,5,20240123,92,1
1671,147,4,20211026,88,5
1672,57,1,20220520,94,2
1673,186,10,20240109,28,5
1674,130,1,20210807,68,4
1675,219,13,20210304,29,3
1676,55,14,20210309,78,5
1677,117,8,20220416,94,4
1678,204,10,20220412,77,5
1679,55,1,20241015,3,5
1680,39,10,20211013,51,4
1681,185,1,20230720,13,1
1682,72,10,20240121,88,1
1683,21,6,20240707,62,3
1684,244,14,20220824,14,3
1685,123,5,20230114,98,4
1686,34,9,20210527,81,3
1687,141,6,20220219,17,1
1688,243,3,20220504,11,3
1689,74,14,20231218,7,4
1690,164,4,20231027,40,5
1691,202,14,20210312,40,3
1692,154,10,20211120,16,1
1693,201,2,20240528,99,3
1694,20,2,20230817,59,1
1695,34,2,20230419,35,1
1696,142,9,20240917,0,1
1697,12,8,20210818,90,4
1698,214,14,20241202,10,5
1699,193,4,20210403,69,3
1700,190,11,20221112,87,1
1701,193,7,20230402,29,3
1702,78,4,20211203,74,5
1703,31,8,20220924,27,5
1704,203,6,20220228,50,2
1705,113,1,20210315,20,1
1706,12,6,20230220,89,3
1707,214,5,20240616,97,4
1708,226,14,20211223,19,4
1709,222,2,20220103,34,1
1710,116,9,20211005,7,5
1711,135,5,20240316,39,5
1712,99,5,20231223,32,5
1713,124,12,20240614,62,2
1714,85,13,20220303,37,3
1715,115,13,20240814,9,4
1716,150,12,20241210,82,5
1717,84,7,20240816,62,4
1718,6,12,20240305,33,2
1719,83,13,20220112,23,5
1720,166,12,20231218,24,2
1721,249,8,20240520,0,2
1722,160,3,20210922,68,3
1723,23,13,20240406,43,3
1724,15,9,20210207,55,5
1725,3,7,20241214,32,3
1726,119,13,20220924,21,3
1727,164,13,20220608,45,1
1728,167,12,20220214,0,1
1729,176,11,20240922,85,3
1730,179,11,20210614,48,2
1731,20,13,20220611,53,1
1732,162,9,20230320,22,4
1733,228,11,20220904,42,2
1734,101,2,20240921,20,5
1735,25,3,20220814,55,2
1736,61,11,20240905,30,2
1737,138,3,20241111,86,1
1738,93,13,20230623,29,1
1739,249,2,20220628,37,4
1740,150,2,20210813,93,1
1741,119,10,20221111,87,1
1742,109,11,20240212,32,1
1743,167,4,20211111,66,5
1744,163,10,20220901,99,2
1745,187,11,20210918,41,4
1746,196,5,20210223,34,5
1747,178,6,20230828,16,5
1748,243,8,20241006,65,3
1749,25,8,20221113,41,2
1750,25,14,20230909,56,2
1751,183,13,20231128,66,3
1752,161,9,20211120,97,5
1753,209,13,20220420,50,5
1754,15,14,20231017,0,2
1755,35,3,20230919,35,2
1756,128,1,20220208,39,4
1757,72,12,20220602,41,1
1758,232,3,20230812,30,3
1759,22,11,20241019,27,1
1760,150,9,20230510,42,2
1761,131,10,20211207,75,5
1762,29,12,20220117,92,4
1763,85,4,20231005,51,2
1764,168,4,20221026,1,5
1765,43,5,20230522,5,4
1766,151,8,20220828,61,4
1767,176,1,20210208,86,1
1768,88,3,20231216,84,2
1769,117,14,20241204,79,2
1770,49,2,20210410,66,1
1771,60,6,20231202,87,2
1772,51,14,20240822,42,5
1773,241,1,20210915,43,4
1774,62,1,20241028,69,5
1775,180,10,20230513,10,3
1776,190,8,20240623,10,2
1777,133,4,20230721,7,2
1778,205,7,20221213,21,1
1779,232,1,20230301,79,5
1780,229,5,20211026,94,2
1781,52,4,20220922,39,4
1782,108,6,20240121,87,4
1783,180,2,20231210,1,2
1784,236,13,20211214,64,2
1785,12,4,20220906,29,1
1786,193,5,20210111,2,5
1787,139,6,20210309,59,4
1788,212,13,20220807,47,5
1789,132,1,20210505,83,1
1790,130,10,20230505,34,5
1791,26,12,20241020,54,3
1792,187,2,20240418,92,3
1793,93,11,20220617,44,4
1794,141,11,20231020,54,5
1795,24,11,20210128,78,4
1796,143,10,20230502,23,2
1797,142,5,20221021,89,3
1798,102,5,20241217,28,3
1799,159,13,20231006,47,3
1800,103,7,20230916,88,3
1801,223,10,20220921,61,5
1802,151,3,20220128,72,4
1803,109,1,20221216,95,4
1804,85,4,20230705,75,4
1805,32,8,20231124,68,5
1806,222,11,20221219,78,1
1807,171,5,20210323,67,4
1808,239,14,20240602,33,5
1809,37,11,20240722,81,1
1810,119,10,20230118,50,3
1811,87,2,20221010,93,2
1812,84,6,20220318,52,4
1813,173,5,20220908,13,3
1814,70,4,20241216,74,4
1815,169,6,20220224,35,3
1816,249,1,20210610,47,5
1817,60,9,20220322,5,1
1818,57,6,20210218,2,4
1819,178,14,20241021,10,4
1820,247,1,20220809,12,5
1821,5,3,20210519,20,5
1822,1,13,20240511,99,1
1823,46,1,20230911,2,4
1824,90,3,20230507,58,5
1825,44,6,20230117,27,1
1826,246,10,20220306,15,1
1827,191,9,20240923,25,1
1828,60,3,20211017,34,3
1829,141,9,20240119,8,2
1830,151,1,20210812,41,3
1831,146,5,20220214,71,2
1832,72,10,20240602,31,4
1833,135,14,20220811,88,2
1834,133,12,20230921,6,3
1835,220,14,20241122,66,4
1836,140,13,20220415,87,1
1837,184,3,20240318,17,1
1838,234,14,20221201,28,4
1839,107,9,20220618,54,4
1840,2,13,20221023,71,3
1841,15,10,20241003,69,2
1842,54,8,20220627,42,1
1843,183,3,20220618,1,3
1844,154,4,20230826,14,5
1845,218,6,20210728,57,2
1846,161,1,20210315,88,1
1847,123,4,20230210,48,2
1848,246,14,20240114,60,5
1849,161,4,20220509,53,1
1850,196,12,20230208,70,1
1851,10,9,20240815,85,1
1852,60,8,20240608,63,5
1853,107,6,20210818,47,2
1854,3,2,20230117,91,4
1855,233,3,20230321,8,5
1856,174,10,20230603,53,3
1857,154,6,20220203,50,5
1858,223,2,20241109,52,3
1859,62,6,20210611,9,5
1860,138,5,20210504,4,4
1861,215,1,20210223,99,4
1862,157,3,20240701,67,5
1863,118,7,20241011,86,4
1864,175,3,20211112,52,3
1865,245,3,20221221,92,1
1866,128,7,20241211,45,1
1867,239,13,20231108,79,4
1868,238,1,20231003,78,1
1869,81,2,20240226,87,2
1870,196,4,20221122,72,1
1871,144,2,20211220,61,2
1872,250,9,20211007,42,4
1873,230,8,20210212,86,1
1874,236,13,20210114,77,1
1875,91,4,20211223,22,2
1876,191,6,20220623,5,4
1877,69,11,20210825,40,3
1878,116,7,20220625,63,3
1879,60,10,20230220,74,1
1880,41,2,20230628,72,3
1881,204,12,20211120,25,3
1882,34,8,20210123,80,5
1883,103,3,20230914,49,1
1884,62,6,20210326,10,4
1885,218,3,20230503,80,1
1886,96,4,20230321,28,4
1887,242,7,20240419,40,5
1888,132,3,20220124,93,1
1889,36,12,20240401,90,5
1890,20,7,20230228,72,1
1891,206,3,20240519,62,3
1892,115,6,20210309,80,2
1893,11,8,20210617,76,2
1894,101,2,20240409,73,2
1895,29,11,20220620,1,4
1896,231,14,20210626,77,1
1897,18,5,20230928,17,2
1898,168,10,20221014,18,5
1899,229,3,20240913,70,2
1900,187,6,20241111,84,4
1901,9,8,20230615,6,3
1902,168,14,20210620,60,2
1903,42,11,20230506,96,2
1904,88,14,20241106,51,2
1905,55,11,20220524,24,2
1906,36,1,20220511,60,1
1907,129,10,20231028,75,2
1908,57,13,20210524,83,1
1909,44,3,20231111,37,4
1910,66,3,20240609,43,4
1911,37,3,20210813,19,1
1912,129,7,20211226,15,3
1913,239,11,20210121,32,3
1914,69,12,20240304,88,3
1915,65,11,20210422,55,3
1916,152,6,20220705,49,4
1917,204,13,20230314,7,4
1918,69,2,20230621,70,3
1919,131,1,20221104,24,1
1920,135,9,20210310,90,5
1921,180,14,20211105,86,2
1922,194,7,20220618,21,2
1923,101,10,20221006,87,5
1924,183,8,20240120,44,3
1925,243,5,20230414,84,2
1926,50,13,20220821,55,2
1927,107,5,20230504,62,4
1928,186,11,20211107,96,4
1929,240,8,20210822,45,5
1930,78,9,20240103,60,1
1931,205,3,20210311,48,5
1932,102,2,20211102,86,3
1933,241,4,20210303,50,3
1934,193,13,20210906,81,5
1935,131,2,20220615,41,3
1936,188,12,20231225,66,2
1937,181,3,20240413,27,2
1938,36,14,20211118,46,3
1939,225,8,20210119,82,5
1940,240,14,20220319,81,4
1941,119,7,20220823,89,5
1942,237,6,20210402,63,1
1943,82,13,20210806,14,5
1944,143,6,20230104,17,1
1945,7,1,20220728,60,1
1946,50,1,20230704,41,5
1947,150,3,20210506,6,4
1948,158,6,20220821,81,5
1949,183,9,20240703,94,2
1950,197,14,20230527,27,3
1951,138,6,20240308,46,1
1952,242,9,20210507,15,2
1953,114,14,20241208,61,5
1954,74,4,20221004,73,5
1955,26,11,20220902,16,4
1956,136,8,20241023,76,5
1957,245,10,20221218,30,3
1958,97,8,20230525,70,5
1959,146,1,20241205,51,2
1960,97,9,20240422,27,2
1961,192,12,20220908,23,4
1962,76,10,20230824,28,1
1963,116,10,20241113,95,4
1964,170,9,20241018,95,2
1965,167,11,20230405,25,1
1966,55,1,20231114,52,1
1967,104,13,20241107,57,2
1968,59,6,20210606,81,3
1969,248,5,20240313,74,3
1970,148,2,20231213,43,5
1971,59,6,20230628,56,1
1972,237,2,20210414,9,4
1973,18,9,20230812,71,3
1974,235,10,20220623,82,4
1975,6,10,20230720,62,2
1976,124,1,20240702,80,5
1977,163,1,20240924,54,4
1978,222,7,20231202,73,4
1979,97,9,20220316,1,3
1980,87,13,20240722,59,5
1981,89,4,20210811,17,3
1982,27,8,20220305,63,2
1983,128,5,20210319,18,2
1984,32,10,20220127,6,3
1985,203,9,20230416,70,4
1986,169,7,20230722,59,1
1987,119,13,20220608,0,2
1988,123,4,20220928,85,1
1989,233,7,20211109,20,1
1990,11,14,20241027,47,2
1991,206,1,20240810,65,2
1992,157,10,20210411,79,3
1993,173,3,20240106,42,2
1994,62,4,20240627,35,2
1995,167,1,20230505,30,4
1996,48,3,20210509,32,1
1997,227,9,20220107,91,2
1998,28,10,20221224,51,2
1999,160,10,20220919,84,4
2000,16,9,20220318,44,1
2001,133,3,20230905,58,1
2002,191,8,20230201,57,2
2003,91,4,20240518,80,3
2004,234,13,20211227,1,2
2005,173,10,20220209,82,1
2006,68,4,20230605,96,2
2007,87,2,20240818,63,5
2008,229,9,20230902,31,5
2009,116,8,20230717,89,4
2010,47,11,20210108,45,4
2011,157,8,20240625,1,3
2012,199,6,20210902,57,2
2013,212,10,20231019,32,5
2014,159,12,20240303,80,3
2015,87,10,20231123,65,2
2016,227,3,20231122,6,5
2017,202,4,20220225,68,1
2018,109,2,20231109,41,5
2019,144,4,20210626,27,4
2020,223,6,20210727,32,1
2021,166,14,20231208,37,3
2022,140,5,20221216,2,1
2023,202,13,20210920,61,5
2024,1,14,20211003,1,4
2025,102,6,20240417,87,5
2026,120,12,20220323,6,5
2027,247,12,20240216,77,3
2028,155,2,20230526,9,1
2029,243,6,20241014,42,1
2030,19,5,20210417,58,2
2031,38,2,20230125,37,2
2032,246,4,20210107,55,3
2033,125,2,20240107,66,4
2034,111,8,20230413,56,1
2035,176,3,20230417,5,1
2036,243,14,20240510,48,1
2037,229,8,20240712,72,3
2038,125,6,20210225,39,1
2039,48,1,20211211,29,2
2040,68,5,20210713,92,4
2041,94,3,20241002,75,1
2042,111,12,20220202,73,4
2043,206,3,20240228,39,1
2044,41,11,20230606,83,2
2045,28,13,20220708,19,3
2046,224,10,20231105,90,4
2047,70,1,20230225,14,1
2048,169,1,20220304,56,4
2049,55,5,20230913,91,1
2050,154,13,20221212,93,2
2051,227,5,20231126,43,4
2052,222,12,20220923,54,1
2053,241,9,20241202,57,2
2054,60,2,20241117,81,1
2055,99,6,20231114,60,4
2056,14,8,20231203,36,3
2057,189,2,20210304,10,5
2058,219,10,20241117,30,4
2059,53,12,20211028,70,2
2060,233,1,20220718,81,3
2061,192,6,20210820,52,3
2062,82,9,20240206,26,5
2063,126,4,20211002,83,5
2064,57,11,20231122,27,4
2065,245,6,20231003,93,3
2066,127,9,20210303,48,3
2067,14,7,20220707,30,2
2068,237,4,20231216,99,5
2069,154,1,20211115,30,5
2070,205,3,20231003,7,5
2071,156,9,20231124,63,3
2072,169,2,20211210,20,1
2073,139,11,20240726,59,3
2074,82,11,20230601,30,1
2075,245,6,20240204,22,4
2076,207,13,20221125,36,4
2077,115,4,20220417,66,5
2078,65,14,20230508,26,3
2079,78,10,20240208,56,1
2080,96,8,20221027,81,2
2081,76,2,20231007,64,4
2082,61,13,20231023,43,3
2083,88,14,20231110,40,2
2084,245,13,20220225,8,5
2085,97,12,20220803,60,3
2086,81,2,20230426,68,4
2087,136,3,20240710,98,1
2088,244,2,20230927,22,5
2089,162,1,20241217,99,1
2090,183,2,20220317,77,3
2091,190,8,20240621,22,5
2092,98,14,20240510,1,4
2093,39,7,20231101,13,5
2094,51,7,20210124,9,2
2095,14,14,20210409,10,2
2096,116,1,20221111,37,5
2097,115,5,20210904,19,1
2098,213,9,20221017,92,3
2099,40,10,20230717,5,1
2100,204,8,20220906,15,1
2101,77,6,20220202,23,1
2102,131,2,20231112,37,3
2103,122,9,20220212,48,3
2104,236,6,20210101,40,1
2105,89,3,20240725,83,2
2106,33,13,20241104,72,4
2107,102,4,20240126,1,1
2108,85,5,20220902,78,5
2109,90,2,20211218,25,5
2110,167,12,20240724,31,2
2111,214,6,20210819,8,5
2112,250,8,20210627,71,3
2113,233,2,20210605,60,1
2114,244,9,20230618,84,2
2115,186,2,20231205,85,4
2116,212,9,20210201,98,4
2117,210,4,20210302,46,4
2118,142,2,20220514,16,2
2119,219,8,20230117,86,3
2120,94,7,20240410,92,3
2121,8,4,20230120,80,5
2122,44,9,20240418,7,3
2123,203,5,20210515,87,1
2124,91,6,20220705,36,1
2125,84,4,20230426,88,2
2126,241,12,20220723,26,4
2127,248,8,20240502,80,5
2128,29,9,20230110,44,4
2129,115,9,20240408,67,2
2130,61,7,20211226,97,1
2131,247,1,20210506,88,4
2132,160,4,20230528,5,3
2133,231,14,20220106,35,1
2134,77,2,20220124,66,1
2135,9,13,20230519,69,3
2136,60,14,20241007,77,5
2137,184,6,20220624,85,3
2138,88,1,20241014,5,4
2139,109,9,20220325,1,1
2140,95,12,20210717,33,4
2141,191,11,20231025,24,2
2142,43,8,20240510,70,2
2143,130,1,20240620,52,3
2144,207,14,20230513,39,3
2145,132,3,20230402,53,3
2146,203,8,20231021,58,1
2147,16,1,20230207,60,4
2148,159,4,20210809,12,4
2149,81,1,20210112,47,4
2150,198,1,20221218,14,1
2151,19,14,20211124,8,5
2152,56,10,20240902,35,2
2153,71,14,20221014,6,1
2154,45,2,20210426,46,3
2155,112,3,20220317,79,5
2156,67,5,20210703,6,1
2157,10,6,20230307,71,2
2158,29,7,20220903,43,3
2159,170,11,20210326,22,1
2160,45,7,20220110,97,5
2161,144,10,20241127,76,5
2162,193,12,20240626,38,1
2163,208,10,20230704,78,3
2164,22,9,20221227,77,4
2165,146,11,20230225,6,3
2166,242,4,20241018,71,4
2167,55,6,20240712,17,1
2168,53,5,20210522,90,5
2169,242,1,20240917,96,1
2170,220,1,20230703,77,4
2171,167,2,20240211,0,1
2172,7,8,20220418,46,1
2173,121,11,20240604,42,3
2174,170,3,20220121,0,4
2175,62,5,20231209,96,2
2176,170,4,20220412,83,5
2177,215,3,20211214,70,4
2178,108,6,20231010,65,5
2179,70,5,20210513,97,2
2180,22,1,20240926,40,2
2181,81,10,20221116,39,3
2182,182,6,20240202,53,5
2183,142,7,20230320,81,4
2184,189,8,20221014,98,5
2185,21,11,20210403,2,3
2186,91,12,20210911,28,4
2187,81,7,20211104,97,4
2188,100,12,20210823,23,4
2189,102,3,20211108,62,5
2190,41,7,20241127,49,4
2191,69,8,20240820,81,5
2192,224,6,20210817,99,2
2193,145,1,20240307,9,5
2194,160,13,20231110,39,4
2195,203,10,20221222,70,5
2196,149,4,20230515,93,4
2197,7,14,20211117,41,3
2198,219,14,20240614,92,1
2199,217,9,20220607,54,5
2200,163,7,20220109,58,2
2201,210,1,20240428,60,5
2202,31,7,20220420,36,1
2203,167,1,20220808,39,5
2204,31,2,20220321,75,5
2205,70,3,20241215,57,4
2206,177,10,20220609,84,5
2207,162,2,20210815,26,2
2208,190,5,20220216,15,1
2209,43,13,20231116,78,2
2210,203,12,20230827,6,2
2211,169,12,20240618,47,4
2212,180,10,20210602,55,1
2213,221,11,20241125,54,5
2214,250,14,20220320,87,4
2215,174,4,20210625,44,3
2216,47,2,20210411,0,4
2217,195,1,20241107,14,3
2218,209,3,20241224,27,2
2219,126,5,20220726,30,1
2220,246,9,20220709,77,2
2221,11,5,20220908,40,1
2222,136,7,20210415,21,2
2223,231,1,20211214,44,5
2224,31,10,20220914,86,1
2225,36,11,20230528,66,1
2226,156,12,20241126,19,1
2227,66,13,20220917,3,5
2228,226,13,20230303,63,1
2229,50,6,20220522,53,3
2230,142,7,20240307,74,4
2231,16,13,20220510,14,1
2232,151,11,20210624,8,5
2233,175,14,20210906,43,2
2234,211,4,20240702,66,4
2235,210,5,20230710,12,4
2236,216,3,20221005,81,1
2237,64,9,20240313,56,3
2238,88,1,20210921,42,4
2239,18,3,20210619,71,4
2240,83,8,20230910,15,3
2241,9,14,20210216,0,4
2242,18,8,20230609,60,4
2243,92,3,20240915,52,1
2244,183,11,20220213,81,5
2245,57,12,20230524,42,5
2246,194,7,20230805,53,1
2247,149,1,20221109,36,5
2248,247,3,20240119,29,3
2249,85,8,20230109,12,5
2250,214,8,20230925,67,2
2251,205,5,20210528,4,1
2252,242,8,20240106,60,1
2253,204,14,20230126,34,1
2254,11,5,20220411,70,2
2255,27,11,20231126,2,2
2256,12,2,20231116,37,2
2257,164,2,20210426,13,3
2258,210,14,20231206,32,2
2259,54,2,20240328,50,3
2260,172,8,20230705,75,3
2261,92,9,20240703,2,3
2262,114,14,20210112,12,1
2263,48,2,20210814,98,1
2264,115,14,20220111,28,3
2265,134,5,20230427,71,1
2266,217,14,20230722,54,5
2267,102,1,20230924,20,1
2268,77,13,20240508,68,1
2269,151,4,20220613,18,4
2270,72,5,20230214,76,2
2271,88,3,20230401,28,3
2272,218,4,20210724,13,3
2273,204,9,20230616,31,3
2274,152,7,20220904,25,2
2275,186,13,20240917,44,4
2276,37,4,20211210,78,5
2277,225,12,20230525,81,3
2278,128,12,20211128,66,3
2279,21,11,20240426,34,4
2280,229,12,20210609,74,1
2281,95,3,20240501,63,4
2282,65,10,20240921,66,3
2283,189,2,20210914,64,1
2284,104,11,20220617,21,4
2285,228,12,20240807,25,5
2286,46,1,20220909,42,5
2287,43,10,20230806,80,2
2288,231,10,20230507,1,4
2289,11,4,20231018,88,4
2290,145,12,20230203,12,3
2291,176,3,20220424,80,5
2292,47,14,20231012,75,4
2293,231,2,20240119,50,1
2294,185,3,20210923,12,3
2295,3,13,20210725,34,3
2296,89,7,20231011,74,2
2297,101,8,20210822,61,4
2298,220,10,20210524,36,3
2299,146,11,20230909,51,3
2300,19,4,20231114,10,3
2301,171,7,20221003,93,3
2302,3,10,20241112,2,5
2303,197,8,20240110,79,2
2304,178,10,20240323,24,1
2305,17,4,20210519,67,3
2306,178,2,20220708,95,5
2307,135,7,20240515,65,2
2308,244,13,20211028,48,3
2309,23,2,20240904,28,2
2310,96,9,20221007,87,2
2311,170,9,20210616,1,4
2312,133,8,20230124,89,5
2313,76,9,20240914,80,2
2314,177,10,20230905,47,1
2315,107,6,20241107,15,2
2316,132,7,20230825,61,3
2317,203,7,20240806,75,1
2318,197,1,20211015,42,1
2319,6,3,20240420,84,5
2320,38,11,20220808,96,2
2321,67,1,20220518,69,2
2322,96,9,20230407,64,1
2323,179,13,20210613,15,1
2324,86,9,20230520,56,1
2325,29,5,20240227,36,2
2326,1,8,20211213,63,2
2327,233,1,20230620,36,3
2328,78,7,20210608,13,2
2329,207,4,20211016,11,5
2330,114,6,20240621,33,3
2331,79,3,20240213,6,1
2332,88,10,20220607,4,2
2333,196,2,20220412,81,5
2334,41,2,20240624,37,1
2335,9,3,20230408,75,1
2336,143,6,20241227,57,1
2337,4,11,20241005,65,3
2338,25,2,20220307,65,1
2339,90,2,20221008,99,5
2340,225,4,20231219,42,3
2341,126,3,20210226,58,2
2342,173,3,20221113,67,5
2343,89,6,20240909,68,2
2344,1,11,20221025,94,2
2345,13,3,20210209,2,1
2346,19,4,20221024,33,1
2347,218,1,20230521,3,1
2348,247,12,20210104,32,1
2349,160,6,20230102,38,5
2350,217,12,20231028,88,5
2351,177,2,20211003,64,4
2352,118,6,20230801,31,5
2353,207,12,20211128,19,2
2354,102,5,20230222,0,4
2355,14,1,20220809,70,5
2356,153,4,20230123,82,2
2357,224,8,20210227,8,2
2358,77,4,20230404,42,4
2359,165,9,20230514,87,2
2360,55,12,20210127,73,2
2361,37,6,20210818,90,4
2362,232,12,20240909,45,5
2363,43,11,20230610,2,2
2364,148,3,20220513,39,5
2365,103,9,20240905,93,1
2366,116,5,20231127,96,5
2367,117,4,20221015,27,5
2368,52,9,20230218,80,2
2369,21,14,20220103,42,3
2370,127,1,20220222,20,4
2371,154,2,20220126,53,5
2372,179,3,20210504,97,2
2373,220,3,20240501,37,1
2374,227,12,20211208,50,4
2375,56,4,20230203,38,1
2376,95,2,20220805,21,3
2377,42,10,20240503,9,3
2378,188,1,20230508,21,1
2379,38,12,20220521,97,2
2380,207,13,20211026,40,4
2381,113,10,20240215,59,4
2382,127,4,20230308,83,3
2383,1,11,20210115,53,5
2384,205,5,20230123,71,2
2385,55,9,20230128,44,1
2386,140,2,20240725,7,2
2387,34,14,20221220,64,2
2388,190,2,20220915,63,4
2389,205,2,20220419,75,1
2390,55,6,20231009,64,1
2391,211,1,20241127,43,5
2392,112,2,20231112,60,3
2393,133,7,20230512,2,5
2394,199,11,20240411,60,1
2395,90,6,20230419,55,1
2396,109,13,20231214,68,4
2397,213,1,20240819,93,1
2398,196,3,20220108,44,3
2399,31,6,20240413,7,2
2400,186,10,20230313,43,5
2401,175,11,20230405,15,3
2402,166,10,20220921,81,2
2403,80,1,20230528,88,3
2404,111,9,20210201,11,3
2405,41,4,20210516,68,5
2406,69,8,20210316,48,5
2407,132,5,20210710,67,3
2408,220,5,20220323,66,3
2409,189,3,20231007,69,5
2410,248,6,20230616,84,1
2411,130,6,20211016,66,1
2412,136,13,20240512,16,3
2413,46,3,20230109,14,3
2414,159,12,20220708,65,5
2415,31,1,20210715,15,4
2416,234,9,20221205,76,3
2417,190,12,20221123,42,3
2418,128,8,20240226,17,2
2419,137,5,20220823,94,5
2420,128,3,20240223,65,1
2421,185,9,20211111,21,3
2422,182,3,20221020,91,2
2423,109,7,20241115,96,5
2424,95,14,20231102,47,3
2425,134,8,20231115,68,5
2426,17,13,20230916,94,3
2427,134,12,20230625,31,1
2428,128,14,20230707,76,3
2429,209,12,20240415,78,3
2430,226,3,20221013,85,5
2431,14,4,20240702,20,5
2432,110,6,20231024,20,5
2433,109,13,20230808,18,3
2434,176,7,20220620,64,3
2435,53,9,20231203,25,3
2436,221,5,20230109,96,5
2437,16,1,20230911,64,3
2438,4,3,20221216,91,2
2439,196,14,20231224,86,4
2440,105,12,20240410,76,1
2441,124,6,20240718,17,4
2442,178,14,20231119,11,5
2443,131,8,20240414,71,1
2444,1,10,20240607,29,3
2445,159,5,20210418,18,5
2446,151,6,20210928,16,5
2447,165,11,20210728,56,3
2448,34,10,20230920,9,2
2449,239,4,20210805,88,1
2450,212,12,20210114,44,5
2451,170,9,20220705,14,1
2452,37,14,20220106,55,3
2453,61,11,20220511,15,4
2454,95,2,20211112,88,4
2455,142,6,20220307,9,1
2456,240,6,20211118,88,2
2457,48,7,20230314,33,3
2458,25,11,20230818,66,5
2459,132,10,20231228,36,5
2460,249,14,20240704,64,2
2461,26,3,20241225,80,5
2462,9,9,20220215,78,4
2463,216,12,20240626,33,1
2464,118,6,20220728,33,2
2465,214,8,20210310,46,4
2466,217,3,20241106,68,2
2467,69,8,20230225,40,1
2468,129,4,20220805,53,2
2469,180,10,20220914,65,3
2470,70,9,20230105,25,1
2471,74,12,20240115,89,3
2472,150,7,20220808,72,3
2473,114,5,20210404,34,2
2474,30,11,20240114,91,1
2475,134,2,20241212,89,3
2476,37,5,20230926,80,5
2477,223,6,20210526,97,2
2478,122,2,20240303,15,5
2479,198,1,20210916,69,2
2480,4,2,20230622,9,1
2481,93,10,20220124,70,1
2482,196,10,20210511,45,3
2483,8,9,20231206,38,2
2484,140,2,20240706,35,1
2485,23,5,20230915,23,3
2486,247,4,20241007,69,5
2487,50,8,20220803,48,3
2488,186,6,20230421,5,2
2489,103,2,20241015,58,3
2490,207,14,20220314,12,4
2491,247,6,20221205,4,4
2492,124,11,20211012,14,5
2493,249,2,20230213,82,1
2494,7,5,20220925,21,1
2495,104,7,20220901,8,5
2496,17,11,20220214,75,5
2497,17,4,20221027,32,1
2498,3,5,20221121,20,2
2499,5,13,20211015,80,1
2500,117,3,20240620,78,2
2501,102,9,20210904,52,3
2502,83,11,20220612,48,5
2503,120,14,20240210,72,2
2504,136,6,20211012,80,1
2505,30,7,20230118,77,1
2506,167,6,20240515,47,2
2507,130,13,20231109,49,3
2508,95,7,20220113,64,3
2509,235,14,20220209,47,3
2510,117,1,20220104,45,5
2511,133,10,20210310,16,4
2512,167,8,20210515,17,3
2513,5,4,20220128,93,5
2514,212,8,20220618,10,5
2515,74,11,20220711,55,4
2516,153,3,20211222,97,1
2517,150,10,20220325,62,3
2518,64,2,20241108,53,5
2519,17,8,20240918,33,5
2520,121,3,20240814,57,4
2521,42,8,20220401,16,4
2522,158,4,20240624,13,1
2523,191,13,20240810,40,2
2524,22,12,20241012,37,2
2525,166,9,20220222,91,4
2526,183,4,20220312,29,3
2527,108,7,20230221,82,4
2528,9,8,20220328,52,3
2529,114,2,20240614,3,3
2530,203,3,20240810,79,1
2531,186,4,20220905,51,3
2532,222,2,20221012,18,1
2533,247,9,20240224,81,1
2534,131,8,20230923,27,2
2535,177,11,20230917,29,5
2536,154,2,20240614,57,4
2537,46,9,20210411,80,1
2538,228,14,20231017,8,4
2539,163,5,20210115,43,3
2540,61,1,20240418,57,3
2541,40,11,20220628,24,3
2542,75,8,20241119,37,1
2543,228,5,20211212,21,4
2544,192,13,20211026,49,4
2545,214,10,20210925,12,2
2546,63,7,20240512,9,4
2547,53,6,20240711,94,2
2548,78,2,20231110,23,3
2549,18,4,20230828,79,2
2550,201,12,20241028,92,5
2551,134,2,20231012,89,5
2552,147,11,20220728,65,2
2553,42,3,20231126,41,4
2554,128,9,20210824,58,5
2555,15,12,20210221,24,4
2556,180,4,20210804,40,1
2557,21,8,20220324,37,3
2558,105,14,20230810,24,2
2559,97,11,20230420,24,1
2560,231,11,20240612,2,5
2561,176,1,20221126,14,5
2562,171,12,20221123,28,3
2563,85,11,20210513,35,4
2564,21,11,20240515,33,3
2565,206,10,20230503,2,4
2566,78,10,20210920,73,4
2567,138,8,20210424,83,4
2568,217,6,20211119,95,4
2569,168,5,20221122,36,1
2570,162,12,20240417,14,5
2571,212,5,20231025,33,5
2572,81,12,20210816,19,4
2573,104,11,20220928,50,4
2574,127,10,20220427,78,1
2575,31,5,20220428,28,4
2576,185,14,20240421,81,1
2577,131,5,20230709,49,5
2578,151,1,20220411,33,4
2579,185,14,20231008,82,1
2580,215,14,20240206,49,1
2581,160,12,20230917,21,2
2582,156,11,20210804,80,2
2583,196,4,20230627,26,1
2584,226,14,20220617,98,3
2585,163,5,20241102,12,4
2586,213,2,20210401,46,5
2587,151,3,20220426,57,3
2588,70,14,20240802,8,4
2589,24,12,20221102,93,4
2590,82,9,20210521,10,5
2591,71,8,20230315,0,2
2592,47,7,20241116,51,3
2593,193,14,20230422,76,1
2594,179,3,20210920,92,3
2595,123,7,20221118,11,2
2596,220,4,20240612,8,1
2597,200,12,20211010,11,3
2598,25,5,20231112,41,4
2599,248,13,20230807,64,1
2600,247,2,20230812,53,4
2601,117,14,20220211,14,3
2602,150,9,20230521,8,4
2603,197,11,20230216,46,4
2604,56,6,20240708,10,2
2605,209,7,20230202,74,2
2606,45,3,20230305,84,3
2607,97,13,20230508,84,4
2608,178,9,20210117,19,3
2609,219,7,20220902,52,3
2610,239,2,20240912,77,2
2611,95,8,20230513,50,4
2612,154,14,20230714,59,4
2613,128,5,20220822,21,4
2614,176,4,20220119,86,5
2615,217,1,20220102,10,3
2616,136,13,20241103,9,5
2617,249,3,20220420,48,2
2618,117,10,20210707,47,5
2619,15,1,20211119,93,3
2620,174,2,20210123,55,5
2621,25,8,20241114,38,1
2622,245,3,20241004,47,1
2623,115,1,20240526,66,2
2624,27,1,20231108,66,2
2625,169,6,20231223,61,2
2626,87,2,20230820,85,3
2627,102,12,20240805,41,1
2628,148,6,20221019,16,1
2629,165,2,20241024,67,2
2630,130,5,20220703,17,2
2631,54,3,20220104,60,5
2632,119,12,20220209,62,3
2633,164,4,20230311,81,4
2634,81,12,20230507,51,3
2635,25,14,20240217,96,3
2636,117,11,20230414,16,4
2637,27,11,20210507,84,5
2638,127,7,20230501,41,1
2639,75,2,20230912,54,1
2640,18,2,20240928,74,1
2641,59,2,20210520,12,1
2642,221,8,20220911,77,2
2643,209,11,20210619,27,5
2644,148,5,20240516,27,3
2645,19,4,20220819,37,5
2646,150,3,20241019,7,4
2647,28,11,20211106,41,4
2648,113,13,20221204,43,1
2649,250,9,20210226,45,1
2650,22,12,20230514,34,3
2651,195,7,20240519,29,4
2652,32,5,20220604,38,5
2653,66,7,20220208,82,2
2654,153,11,20230802,5,5
2655,63,1,20220411,47,1
2656,58,1,20230219,66,1
2657,103,13,20241226,90,4
2658,105,3,20210725,94,1
2659,52,4,20230405,2,5
2660,87,7,20230125,30,3
2661,155,9,20231111,51,4
2662,2,5,20210428,92,3
2663,250,2,20220824,28,1
2664,198,5,20220604,65,2
2665,92,2,20240102,40,2
2666,23,12,20221028,61,2
2667,238,10,20231003,22,4
2668,172,9,20220509,20,5
2669,14,2,20211025,53,3
2670,88,10,20210101,92,2
2671,65,12,20240725,63,2
2672,76,5,20230207,95,2
2673,125,8,20221228,41,4
2674,70,4,20210118,64,2
2675,249,12,20210302,27,5
2676,58,7,20210724,53,1
2677,191,2,20211221,40,2
2678,175,13,20240216,0,5
2679,161,2,20210623,27,4
2680,199,8,20240514,95,1
2681,210,10,20241005,74,2
2682,220,9,20210820,33,4
2683,238,13,20221126,34,4
2684,240,6,20230418,81,2
2685,61,4,20241209,7,5
2686,206,12,20240714,75,1
2687,156,4,20210627,14,2
2688,227,14,20240612,19,4
2689,37,13,20230104,48,5
2690,87,4,20220327,98,2
2691,44,1,20230817,19,5
2692,206,2,20220715,42,5
2693,25,1,20220603,92,1
2694,24,8,20240920,67,5
2695,51,2,20230302,50,1
2696,186,1,20240525,78,1
2697,234,1,20240309,71,2
2698,106,13,20221207,61,5
2699,88,11,20241005,44,3
2700,11,10,20221125,17,5
2701,82,11,20211218,66,2
2702,42,14,20240520,16,2
2703,78,6,20210202,81,2
2704,54,11,20230118,47,2
2705,144,9,20230524,13,1
2706,136,2,20230106,38,3
2707,125,3,20221018,24,2
2708,98,7,20211024,11,2
2709,233,10,20241226,51,3
2710,39,2,20240813,50,3
2711,232,9,20240901,50,2
2712,48,8,20221108,30,3
2713,185,14,20210623,38,3
2714,231,10,20220511,32,2
2715,221,12,20210125,5,3
2716,10,10,20230416,0,5
2717,1,2,20211113,12,5
2718,149,5,20210915,40,1
2719,62,7,20210813,11,2
2720,120,14,20211123,10,4
2721,178,2,20240808,0,3
2722,111,4,20210320,76,1
2723,206,5,20210913,58,4
2724,19,7,20230722,33,4
2725,8,6,20210410,57,1
2726,83,12,20230609,82,2
2727,12,10,20210209,45,3
2728,138,6,20240508,36,5
2729,10,9,20230721,17,3
2730,127,11,20210910,49,5
2731,126,6,20241011,82,3
2732,128,13,20240303,94,1
2733,23,9,20230517,96,2
2734,198,11,20220324,65,1
2735,43,8,20230705,78,4
2736,33,3,20210520,89,3
2737,130,3,20230513,54,5
2738,172,10,20240122,73,3
2739,141,1,20240212,84,3
2740,30,6,20230414,55,1
2741,104,7,20231217,88,2
2742,124,13,20220425,98,4
2743,207,9,20231115,77,4
2744,169,1,20240107,95,1
2745,98,7,20210206,75,5
2746,214,14,20210701,73,4
2747,245,12,20221110,89,5
2748,192,13,20210210,10,1
2749,21,12,20240828,99,1
2750,51,13,20220625,16,2
2751,205,10,20220617,35,5
2752,158,12,20230209,87,5
2753,207,8,20241102,64,3
2754,93,11,20210208,86,1
2755,221,14,20210923,22,5
2756,227,12,20240412,64,4
2757,175,5,20220926,98,3
2758,136,12,20210301,73,1
2759,240,9,20221225,75,2
2760,135,6,20211215,34,4
2761,27,4,20211125,92,2
2762,136,12,20211003,97,2
2763,65,10,20240125,56,3
2764,84,2,20230809,30,2
2765,189,11,20220403,76,5
2766,119,5,20230323,68,2
2767,214,2,20210220,10,5
2768,241,7,20240123,80,2
2769,119,9,20211225,26,4
2770,241,11,20240101,2,5
2771,34,1,20210519,47,3
2772,127,3,20240802,62,3
2773,168,2,20210706,12,4
2774,83,9,20220725,96,3
2775,35,7,20210227,63,1
2776,191,12,20240526,79,5
2777,140,8,20221005,26,5
2778,105,8,20231127,21,2
2779,180,14,20230115,30,1
2780,189,11,20210128,82,3
2781,135,3,20220901,42,2
2782,128,3,20230702,62,3
2783,14,1,20210303,31,4
2784,34,8,20220215,0,3
2785,171,1,20220522,96,3
2786,40,13,20230928,73,4
2787,151,2,20220104,81,4
2788,131,2,20210117,19,3
2789,133,10,20230717,86,3
2790,216,11,20211001,7,3
2791,138,1,20231021,14,4
2792,47,13,20231020,60,2
2793,85,11,20230513,68,2
2794,189,9,20220915,10,3
2795,215,9,20210106,92,4
2796,225,14,20210714,10,5
2797,165,5,20211218,56,4
2798,28,8,20220625,92,3
2799,88,5,20210503,75,4
2800,205,1,20240322,99,1
2801,145,11,20220305,83,5
2802,22,8,20230307,19,4
2803,36,8,20221011,88,2
2804,34,13,20210719,61,1
2805,90,5,20210515,75,1
2806,42,13,20221222,14,4
2807,206,5,20210301,11,2
2808,121,5,20230615,25,2
2809,36,9,20230722,50,2
2810,173,1,20211111,60,2
2811,143,11,20220320,54,3
2812,129,9,20230820,45,1
2813,238,6,20230404,51,2
2814,87,13,20230728,81,4
2815,161,4,20230308,88,3
2816,72,14,20240919,39,1
2817,183,1,20231226,46,5
2818,153,8,20211012,22,2
2819,207,7,20240310,52,2
2820,30,4,20210519,84,5
2821,192,4,20240512,34,5
2822,4,13,20210917,60,2
2823,25,11,20210806,25,4
2824,167,1,20231202,28,1
2825,127,12,20210304,83,4
2826,72,2,20230716,34,4
2827,163,3,20231008,12,4
2828,139,9,20221111,44,5
2829,19,3,20210323,52,1
2830,36,14,20211102,45,3
2831,142,8,20220712,44,5
2832,226,11,20230322,37,2
2833,184,13,20230815,68,3
2834,71,10,20211208,9,3
2835,109,6,20221010,37,2
2836,80,3,20220718,6,3
2837,64,4,20240524,8,1
2838,38,3,20211221,84,1
2839,116,4,20210221,95,3
2840,231,9,20220701,21,2
2841,198,8,20210610,47,2
2842,184,13,20240114,31,2
2843,204,11,20210808,47,4
2844,200,4,20240615,72,5
2845,111,2,20210903,79,5
2846,195,12,20231102,87,1
2847,185,2,20220103,46,4
2848,3,8,20231105,94,4
2849,94,3,20210216,21,2
2850,173,6,20240219,67,5
2851,186,6,20210806,88,4
2852,37,11,20210118,26,3
2853,184,5,20210914,62,5
2854,120,13,20230124,89,2
2855,188,4,20221028,99,1
2856,203,9,20240106,4,5
2857,222,3,20210703,70,4
2858,246,2,20230527,38,1
2859,76,13,20240522,39,4
2860,84,6,20210509,49,4
2861,33,10,20240314,37,3
2862,169,9,20230904,50,4
2863,70,5,20240825,87,4
2864,175,9,20220306,49,3
2865,133,9,20220108,76,4
2866,179,4,20220514,47,5
2867,2,1,20240228,28,1
2868,24,2,20230610,88,5
2869,229,10,20221125,71,2
2870,69,9,20211007,31,3
2871,2,6,20211019,96,5
2872,119,2,20240622,42,5
2873,230,10,20221220,43,3
2874,48,5,20220809,2,4
2875,200,3,20230404,51,2
2876,66,11,20220801,20,5
2877,105,13,20211218,87,5
2878,157,8,20221010,62,1
2879,245,13,20240107,75,4
2880,242,12,20240306,90,5
2881,21,10,20230424,6,2
2882,72,10,20230404,31,5
2883,118,2,20211222,12,3
2884,132,13,20220820,21,4
2885,127,8,20240526,93,1
2886,219,5,20221002,27,5
2887,184,2,20230810,20,1
2888,24,3,20210208,66,2
2889,125,13,20230408,93,4
2890,208,4,20240427,35,3
2891,1,6,20210621,47,4
2892,216,8,20210816,22,1
2893,199,14,20221211,63,5
2894,135,8,20240607,53,2
2895,74,3,20211024,9,4
2896,10,13,20240327,68,1
2897,238,7,20220621,54,4
2898,97,3,20240316,36,1
2899,96,12,20210506,72,3
2900,47,8,20230307,31,4
2901,46,11,20240612,80,1
2902,186,3,20210428,39,1
2903,189,14,20220208,75,1
2904,145,9,20240821,78,3
2905,1,2,20230414,2,2
2906,91,1,20210927,91,2
2907,97,11,20240318,85,1
2908,57,5,20220405,6,4
2909,10,11,20210624,25,4
2910,117,10,20220128,54,1
2911,14,3,20210801,51,5
2912,4,5,20240108,51,3
2913,45,3,20230502,44,5
2914,190,12,20210403,40,3
2915,71,5,20240608,18,4
2916,219,8,20240919,46,3
2917,77,4,20230311,1,4
2918,69,6,20240928,73,5
2919,211,6,20230116,15,4
2920,248,7,20241218,88,1
2921,231,10,20241125,61,5
2922,98,11,20230203,39,5
2923,114,9,20221111,36,5
2924,77,6,20220428,73,3
2925,130,10,20220811,31,5
2926,177,14,20210811,32,5
2927,204,1,20220528,33,2
2928,221,6,20240817,28,3
2929,177,2,20211001,13,1
2930,58,7,20220227,61,2
2931,201,3,20210501,0,5
2932,180,11,20210427,21,4
2933,163,5,20231009,88,2
2934,84,14,20220109,37,2
2935,54,3,20240913,26,5
2936,170,2,20240711,95,1
2937,21,14,20230812,37,5
2938,44,12,20240828,58,5
2939,217,10,20240125,76,4
2940,67,2,20210612,1,3
2941,180,1,20220217,59,2
2942,196,1,20210420,12,1
2943,240,9,20230706,2,4
2944,168,13,20230919,45,1
2945,41,10,20230328,87,3
2946,222,1,20210516,76,4
2947,78,10,20230714,73,1
2948,217,6,20210418,8,4
2949,172,3,20240125,14,4
2950,26,5,20210421,0,4
2951,127,3,20220717,32,1
2952,105,12,20230722,86,2
2953,53,1,20231203,29,1
2954,192,5,20240121,68,3
2955,72,9,20231018,2,2
2956,66,9,20220926,38,3
2957,82,2,20240213,71,3
2958,57,1,20231201,70,2
2959,48,6,20221218,61,4
2960,151,6,20210525,8,5
2961,1,7,20230626,32,5
2962,225,7,20210621,97,4
2963,36,13,20241017,9,3
2964,238,3,20240912,70,5
2965,79,5,20211125,50,4
2966,16,14,20220414,25,3
2967,108,14,20210427,32,4
2968,22,10,20230612,8,3
2969,187,1,20220909,42,1
2970,152,11,20220107,45,5
2971,132,13,20240521,59,4
2972,166,8,20230909,51,4
2973,225,2,20230518,3,1
2974,101,8,20240812,9,5
2975,31,8,20241118,24,4
2976,142,4,20210610,78,3
2977,229,11,20231021,97,4
2978,184,10,20240216,83,1
2979,10,7,20220427,85,4
2980,82,10,20220106,7,3
2981,240,12,20230327,94,2
2982,48,11,20221210,15,3
2983,15,6,20221019,56,2
2984,38,5,20240106,43,1
2985,166,10,20230708,66,5
2986,108,12,20230528,52,1
2987,45,9,20210308,59,5
2988,148,14,20241115,50,3
2989,218,7,20210606,84,2
2990,154,8,20240225,17,4
2991,183,9,20231020,98,1
2992,140,8,20210125,34,2
2993,138,7,20240128,80,5
2994,104,4,20230914,16,5
2995,76,1,20211104,60,3
2996,60,13,20230924,84,4
2997,57,12,20240820,82,1
2998,86,6,20220516,93,1
2999,212,7,20220802,97,5
3000,79,9,20210115,31,4
3001,43,3,20240410,51,2
3002,93,6,20231206,88,5
3003,98,6,20220528,33,2
3004,11,6,20221017,7,4
3005,189,6,20230127,35,4
3006,82,12,20221022,38,2
3007,233,14,20231004,65,2
3008,97,3,20240311,38,3
3009,169,8,20221108,94,5
3010,123,12,20210717,49,4
3011,147,10,20230319,90,3
3012,243,4,20210912,33,3
3013,99,7,20221124,17,2
3014,32,2,20210722,16,5
3015,214,9,20230418,14,2
3016,67,4,20231225,58,5
3017,191,14,20210116,99,5
3018,171,6,20210702,68,3
3019,32,13,20211208,99,2
3020,218,8,20210526,92,3
3021,248,13,20221210,88,5
3022,94,10,20231226,86,5
3023,81,7,20240521,69,2
3024,5,10,20210415,37,4
3025,194,5,20210507,64,2
3026,16,9,20210502,18,4
3027,86,1,20230220,89,1
3028,128,13,20210127,31,3
3029,187,5,20220426,20,5
3030,195,9,20231118,43,5
3031,190,2,20220301,40,4
3032,5,4,20230728,59,4
3033,239,4,20211004,75,2
3034,117,12,20240505,78,1
3035,107,7,20210303,29,4
3036,193,1,20220612,21,3
3037,241,12,20231110,38,3
3038,60,8,20230827,92,3
3039,170,14,20240902,18,5
3040,74,13,20240305,30,3
3041,77,9,20240828,11,3
3042,35,12,20230524,37,1
3043,1,14,20221206,14,2
3044,32,5,20240127,17,3
3045,69,3,20210814,20,1
3046,118,4,20240123,46,2
3047,189,8,20220623,34,4
3048,99,7,20230908,6,1
3049,150,13,20220109,59,1
3050,92,7,20231128,90,4
3051,10,1,20210205,40,4
3052,107,8,20220404,75,2
3053,102,10,20220717,37,2
3054,55,6,20210603,5,2
3055,37,10,20231018,70,2
3056,148,12,20220826,82,1
3057,218,11,20210808,24,4
3058,168,9,20210920,30,3
3059,210,14,20210626,78,1
3060,91,6,20240307,83,4
3061,185,4,20230724,66,2
3062,204,10,20210720,18,2
3063,206,13,20220302,46,2
3064,169,12,20210315,24,4
3065,163,3,20230108,99,2
3066,210,1,20240725,54,3
3067,188,10,20240910,69,3
3068,232,9,20231115,72,4
3069,43,3,20241225,11,1
3070,232,11,20230713,78,3
3071,249,11,20220223,65,3
3072,178,11,20210812,73,4
3073,173,2,20230709,18,4
3074,55,8,20230420,80,3
3075,18,12,20240214,79,1
3076,99,10,20230224,49,5
3077,71,2,20230826,17,5
3078,163,11,20220506,8,2
3079,26,6,20240212,62,5
3080,204,4,20230925,30,2
3081,196,10,20230222,96,4
3082,100,2,20240503,48,3
3083,153,8,20240316,15,2
3084,183,10,20230317,23,3
3085,159,13,20240511,77,5
3086,43,6,20220722,37,3
3087,15,13,20230117,79,2
3088,56,13,20230122,38,4
3089,64,2,20231118,12,3
3090,22,14,20221223,0,1
3091,169,9,20210813,90,3
3092,20,13,20240917,66,3
3093,85,8,20240307,26,3
3094,190,10,20210628,71,5
3095,216,4,20210319,83,5
3096,22,1,20221222,9,1
3097,153,7,20211012,80,3
3098,9,4,20241224,68,5
3099,6,13,20211219,49,1
3100,160,7,20241001,44,4
3101,134,11,20210221,61,2
3102,244,12,20220913,29,1
3103,70,2,20240822,93,5
3104,14,14,20230802,93,3
3105,34,10,20220902,74,1
3106,181,11,20240519,69,5
3107,250,8,20220319,45,2
3108,23,2,20211113,65,2
3109,133,6,20211014,75,2
3110,21,4,20230107,39,2
3111,70,9,20221225,24,3
3112,96,13,20210202,52,2
3113,97,1,20210526,36,4
3114,164,2,20230227,5,1
3115,105,5,20230306,83,5
3116,198,4,20220611,83,5
3117,153,7,20230305,62,3
3118,9,3,20220624,71,5
3119,142,13,20210423,66,1
3120,213,9,20241022,97,1
3121,31,3,20221012,49,2
3122,236,6,20220204,96,2
3123,223,10,20230428,92,4
3124,55,3,20210524,2,3
3125,81,11,20220402,53,1
3126,126,4,20211013,25,5
3127,124,1,20240627,64,3
3128,143,2,20230908,37,5
3129,238,6,20220717,27,3
3130,160,5,20230105,32,5
3131,246,14,20230820,56,2
3132,26,2,20231024,82,3
3133,135,1,20240303,84,3
3134,155,14,20211112,89,1
3135,9,2,20210216,64,3
3136,162,13,20241201,10,2
3137,120,8,20240624,13,4
3138,219,3,20210323,87,2
3139,67,2,20220515,44,3
3140,72,7,20220801,19,5
3141,9,7,20211102,50,2
3142,176,8,20240925,9,1
3143,179,6,20211012,36,5
3144,168,4,20221228,20,3
3145,34,14,20240812,6,3
3146,103,1,20230209,59,4
3147,162,4,20241207,94,1
3148,50,6,20210117,65,2
3149,237,5,20210526,58,4
3150,7,6,20241226,57,2
3151,234,2,20220521,53,2
3152,58,8,20221025,41,5
3153,191,13,20240702,41,1
3154,172,11,20211017,49,3
3155,159,6,20240616,74,5
3156,67,14,20241214,73,5
3157,179,2,20220218,98,2
3158,15,7,20211108,67,5
3159,98,3,20240210,96,4
3160,134,1,20230614,53,1
3161,154,14,20221012,95,5
3162,185,5,20231221,87,4
3163,141,2,20210212,34,2
3164,92,5,20220217,45,2
3165,110,7,20230612,98,3
3166,28,3,20220208,19,4
3167,121,7,20220116,24,4
3168,194,1,20210403,11,3
3169,240,10,20220320,12,1
3170,32,3,20220128,21,3
3171,235,3,20231104,58,1
3172,221,8,20240426,85,2
3173,131,6,20221102,41,4
3174,205,13,20240318,20,2
3175,137,5,20210215,68,5
3176,18,8,20230715,56,1
3177,42,9,20230116,58,3
3178,203,14,20211103,95,4
3179,177,4,20241002,2,1
3180,24,5,20240704,67,5
3181,220,9,20230916,38,5
3182,209,8,20220205,98,3
3183,132,9,20241118,61,1
3184,118,3,20210318,62,4
3185,13,3,20220120,42,5
3186,213,4,20220518,28,4
3187,229,14,20211106,38,2
3188,172,3,20211208,19,2
3189,149,7,20231124,55,5
3190,163,14,20210902,65,5
3191,242,10,20220108,96,5
3192,92,13,20240326,46,4
3193,97,5,20241025,63,1
3194,178,13,20240727,6,2
3195,196,13,20210909,90,4
3196,73,14,20210818,20,2
3197,190,4,20220302,73,3
3198,238,9,20240626,17,5
3199,39,4,20220623,36,5
3200,16,12,20230713,32,5
3201,169,3,20240508,8,4
3202,129,8,20241102,83,3
3203,153,11,20220226,8,1
3204,116,2,20240304,92,5
3205,208,10,20230418,35,4
3206,159,11,20230607,41,3
3207,172,10,20220103,41,2
3208,48,14,20211108,53,4
3209,190,2,20221112,39,4
3210,18,5,20211226,9,4
3211,15,8,20240718,90,3
3212,247,13,20221006,68,3
3213,55,7,20231123,58,4
3214,209,3,20230520,99,4
3215,77,4,20221202,88,4
3216,200,11,20220914,80,4
3217,87,14,20220308,95,4
3218,78,8,20241122,82,5
3219,70,4,20210212,29,1
3220,151,14,20230125,28,3
3221,149,7,20241104,54,1
3222,216,9,20210106,58,2
3223,182,14,20221227,45,3
3224,68,7,20221001,27,2
3225,175,11,20221225,55,4
3226,186,14,20221008,73,1
3227,123,11,20240415,64,2
3228,17,5,20230511,83,4
3229,28,4,20241017,38,5
3230,42,14,20220719,83,1
3231,32,3,20210805,55,1
3232,113,1,20230905,57,5
3233,52,4,20230205,0,3
3234,17,3,20210214,60,3
3235,177,3,20220221,0,3
3236,25,14,20240715,97,2
3237,122,7,20230426,51,4
3238,154,14,20241026,78,3
3239,185,8,20220610,91,2
3240,27,7,20230301,35,2
3241,160,5,20220927,20,2
3242,147,11,20240906,31,5
3243,145,7,20210901,59,4
3244,86,14,20210121,60,4
3245,238,12,20240101,98,3
3246,80,13,20230907,77,3
3247,197,3,20241024,66,5
3248,156,10,20220423,67,3
3249,25,5,20210706,86,1
3250,1,9,20210325,76,4
3251,228,2,20241106,37,1
3252,141,8,20220910,47,4
3253,85,10,20211222,64,5
3254,32,6,20230610,83,2
3255,122,11,20240709,51,4
3256,126,9,20210314,15,2
3257,216,1,20230924,10,3
3258,137,13,20210121,10,5
3259,106,5,20240518,52,4
3260,183,8,20211010,9,4
3261,172,5,20240613,92,4
3262,237,3,20220503,95,3
3263,90,1,20240908,95,4
3264,4,3,20240120,26,2
3265,55,3,20240615,26,4
3266,175,8,20240705,43,2
3267,138,12,20210602,12,5
3268,33,6,20230606,34,4
3269,47,12,20220426,71,2
3270,44,11,20240423,84,1
3271,12,7,20230703,47,3
3272,6,4,20240706,94,1
3273,187,9,20210502,28,5
3274,95,13,20231013,65,2
3275,111,5,20240812,48,4
3276,162,11,20220819,49,2
3277,110,12,20240723,57,2
3278,245,9,20210609,82,3
3279,32,11,20231107,98,5
3280,68,4,20210908,76,3
3281,219,9,20211024,59,3
3282,170,7,20231028,3,4
3283,135,13,20210528,64,1
3284,222,14,20240203,82,4
3285,1,3,20210910,81,3
3286,219,2,20230525,38,5
3287,218,9,20230710,98,1
3288,5,3,20230211,5,2
3289,231,6,20221022,7,4
3290,103,5,20240509,53,2
3291,71,11,20221023,12,1
3292,117,1,20240317,6,4
3293,245,5,20211019,54,5
3294,108,13,20240420,74,5
3295,190,4,20220828,90,3
3296,152,1,20210723,57,4
3297,246,8,20220907,83,2
3298,158,1,20220515,99,5
3299,216,14,20240319,39,2
3300,63,10,20240220,32,5
3301,110,9,20231022,68,3
3302,102,13,20240917,85,1
3303,223,8,20221218,52,1
3304,128,4,20230711,66,2
3305,54,12,20240825,30,3
3306,56,6,20211223,44,3
3307,31,4,20230327,2,4
3308,108,7,20240108,21,4
3309,217,2,20210223,26,5
3310,161,1,20220219,44,2
3311,102,6,20240426,53,1
3312,164,9,20210910,50,4
3313,1,10,20211228,59,4
3314,124,5,20210724,30,3
3315,31,3,20230211,31,5
3316,149,3,20231015,5,5
3317,94,8,20211011,14,3
3318,47,3,20221125,8,3
3319,88,7,20230907,53,3
3320,194,1,20220915,39,3
3321,158,7,20231120,91,4
3322,124,4,20241027,91,3
3323,21,6,20230402,35,1
3324,10,14,20230705,6,2
3325,144,8,20240205,92,3
3326,162,3,20211104,56,3
3327,101,1,20240805,82,1
3328,228,9,20220913,1,3
3329,211,14,20210703,92,4
3330,235,10,20230623,72,4
3331,179,2,20210418,63,5
3332,120,7,20230110,6,3
3333,57,10,20220118,6,3
3334,125,12,20220913,95,1
3335,114,2,20210621,78,2
3336,228,1,20240803,42,4
3337,13,14,20240218,98,3
3338,151,13,20210816,45,3
3339,243,10,20210501,1,4
3340,36,13,20240212,33,3
3341,29,3,20230708,75,4
3342,187,1,20240721,79,1
3343,71,5,20220320,15,2
3344,76,7,20210910,16,4
3345,142,2,20220213,56,2
3346,227,11,20230412,1,2
3347,51,3,20240505,76,2
3348,241,14,20220810,2,3
3349,48,3,20211019,11,4
3350,184,9,20221021,73,3
3351,3,2,20230925,95,1
3352,121,2,20220820,93,4
3353,38,1,20240521,21,2
3354,237,9,20240108,93,2
3355,15,3,20230414,35,1
3356,24,3,20230328,43,4
3357,104,5,20230624,82,3
3358,38,14,20220609,98,2
3359,113,3,20210220,9,4
3360,37,8,20211011,26,5
3361,224,9,20220515,22,2
3362,10,4,20240616,57,4
3363,95,13,20240205,9,5
3364,79,7,20230908,87,5
3365,54,3,20240117,30,1
3366,178,12,20240922,70,5
3367,131,5,20230724,30,1
3368,141,7,20240717,28,3
3369,5,11,20211112,27,3
3370,217,14,20230525,29,4
3371,124,4,20240303,22,5
3372,42,1,20211001,97,5
3373,85,2,20220226,96,5
3374,51,8,20240125,34,4
3375,91,4,20210324,60,3
3376,58,10,20240203,68,1
3377,147,1,20220405,54,2
3378,112,14,20210910,41,3
3379,101,13,20220425,71,2
3380,146,13,20210315,72,3
3381,243,4,20221202,19,1
3382,81,5,20220325,89,5
3383,188,2,20221210,1,2
3384,110,5,20230117,42,1
3385,205,11,20231108,72,1
3386,144,12,20220126,62,3
3387,155,10,20241222,9,2
3388,156,1,20230910,25,5
3389,240,3,20220728,27,3
3390,196,8,20220627,34,5
3391,156,6,20211008,41,3
3392,124,11,20240819,31,2
3393,60,1,20211125,24,5
3394,188,12,20211202,17,2
3395,127,14,20210805,16,3
3396,91,14,20220520,48,1
3397,236,4,20211208,50,2
3398,189,10,20240728,49,3
3399,91,14,20230501,33,5
3400,102,3,20230414,37,3
3401,14,12,20230801,3,3
3402,31,11,20210318,32,2
3403,91,5,20220217,46,3
3404,58,3,20220728,70,2
3405,144,1,20220304,47,4
3406,137,9,20230227,33,3
3407,103,3,20241220,63,2
3408,156,5,20240804,59,3
3409,212,2,20230709,46,4
3410,102,8,20220304,85,4
3411,239,8,20210117,62,5
3412,41,1,20221025,58,5
3413,75,4,20220224,52,2
3414,56,13,20211105,72,1
3415,163,2,20221211,94,1
3416,203,3,20240423,74,2
3417,210,13,20220903,24,1
3418,130,7,20221215,66,1
3419,44,14,20220621,52,2
3420,221,8,20220306,5,3
3421,37,2,20210714,8,5
3422,205,9,20211105,0,5
3423,91,6,20231111,13,2
3424,167,14,20221205,31,2
3425,48,8,20210913,58,1
3426,44,13,20230104,6,3
3427,63,1,20240202,10,1
3428,164,7,20240315,96,5
3429,101,5,20240808,94,1
3430,76,13,20240510,35,4
3431,222,3,20210210,68,5
3432,49,5,20221119,61,1
3433,60,11,20220811,19,5
3434,142,1,20231205,99,3
3435,83,5,20210205,37,1
3436,89,9,20220213,31,5
3437,121,4,20241117,53,3
3438,195,14,20210604,44,5
3439,238,8,20230814,95,3
3440,131,14,20240714,19,3
3441,121,3,20240523,80,2
3442,87,11,20230704,81,3
3443,137,10,20210211,74,5
3444,86,6,20230620,34,1
3445,188,3,20240502,32,3
3446,194,14,20220109,87,5
3447,46,4,20220113,7,2
3448,25,4,20210802,78,3
3449,29,1,20240716,67,2
3450,147,10,20241014,9,5
3451,150,6,20211125,74,5
3452,87,9,20220216,15,5
3453,81,14,20220123,24,1
3454,100,8,20210920,78,1
3455,76,8,20231114,85,2
3456,218,14,20231222,7,4
3457,218,11,20231028,72,1
3458,31,6,20210815,13,5
3459,32,12,20241228,24,1
3460,140,1,20220115,62,2
3461,68,14,20230826,77,5
3462,101,7,20220710,51,3
3463,133,5,20230808,6,5
3464,138,5,20240304,72,5
3465,133,5,20230214,65,3
3466,117,9,20230218,44,5
3467,213,3,20230620,74,1
3468,213,13,20210412,26,3
3469,43,5,20210616,34,4
3470,92,14,20211104,58,2
3471,87,8,20220924,38,1
3472,104,8,20240212,79,2
3473,193,3,20221117,68,3
3474,61,10,20220801,63,4
3475,151,5,20210513,55,5
3476,124,4,20231202,6,3
3477,106,13,20230217,81,3
3478,220,5,20210101,83,3
3479,84,1,20240301,60,5
3480,118,8,20220620,23,2
3481,92,9,20230624,65,1
3482,3,3,20220526,9,5
3483,89,4,20210813,68,3
3484,60,13,20221124,52,4
3485,65,9,20230328,72,1
3486,98,13,20210223,85,2
3487,118,10,20210723,61,5
3488,216,5,20220425,74,1
3489,173,12,20220204,56,2
3490,69,2,20230914,30,2
3491,153,8,20220120,98,4
3492,13,14,20231119,84,3
3493,25,13,20241004,18,2
3494,46,2,20220224,54,4
3495,168,14,20231105,54,2
3496,47,14,20210416,44,5
3497,107,2,20241107,21,1
3498,232,8,20230824,8,2
3499,218,12,20240918,24,3
3500,96,10,20220816,68,2
3501,187,10,20240827,23,3
3502,37,7,20230108,64,5
3503,29,13,20211219,37,2
3504,240,11,20210303,17,2
3505,170,5,20210319,20,3
3506,242,11,20210627,6,2
3507,193,4,20230705,3,2
3508,39,12,20231009,72,1
3509,29,8,20220718,4,1
3510,100,5,20241011,8,3
3511,186,4,20220307,76,4
3512,233,3,20241115,10,1
3513,43,13,20220221,1,1
3514,228,10,20231207,80,2
3515,159,5,20210309,78,4
3516,191,6,20210120,29,5
3517,46,10,20210511,44,2
3518,196,8,20240705,40,5
3519,11,7,20220910,92,2
3520,1,7,20210919,99,5
3521,44,7,20240504,67,3
3522,139,7,20230719,48,1
3523,41,9,20220726,92,2
3524,108,4,20220526,88,5
3525,187,2,20230606,15,4
3526,39,2,20220926,68,3
3527,168,8,20221108,71,3
3528,100,3,20220516,28,3
3529,228,10,20240902,30,2
3530,102,5,20230201,60,4
3531,39,13,20210619,44,1
3532,33,1,20230207,27,4
3533,19,12,20211026,50,4
3534,217,4,20211021,42,3
3535,153,10,20240319,48,4
3536,223,4,20220218,17,1
3537,201,12,20240704,30,4
3538,71,4,20240624,59,2
3539,209,7,20231211,84,5
3540,175,8,20240928,53,4
3541,182,7,20220714,61,4
3542,174,13,20230723,79,5
3543,73,8,20230821,28,5
3544,164,6,20210321,45,3
3545,223,7,20230912,69,1
3546,22,2,20211206,94,5
3547,21,9,20220927,83,3
3548,82,13,20230814,1,4
3549,202,11,20231209,48,3
3550,151,11,20210722,4,5
3551,169,13,20211121,89,2
3552,8,6,20240613,96,3
3553,216,11,20220606,81,5
3554,114,6,20210426,57,1
3555,1,1,20210808,31,5
3556,84,3,20211127,25,5
3557,185,12,20210803,75,5
3558,5,10,20240708,21,3
3559,235,10,20240607,56,2
3560,64,8,20211128,31,2
3561,119,2,20240806,71,4
3562,233,11,20231207,37,5
3563,144,3,20240806,43,2
3564,239,1,20210301,4,1
3565,84,12,20220117,7,2
3566,250,10,20210416,12,4
3567,135,6,20230421,67,1
3568,83,1,20210603,27,5
3569,215,1,20221101,8,4
3570,10,6,20220921,39,4
3571,54,8,20230602,75,2
3572,65,9,20230426,3,1
3573,138,6,20220711,53,1
3574,51,3,20221112,61,4
3575,8,2,20240223,89,1
3576,93,7,20210726,71,3
3577,111,3,20210808,52,3
3578,181,10,20210523,77,1
3579,23,5,20210325,63,5
3580,240,11,20210916,72,5
3581,93,14,20220525,3,1
3582,155,1,20240802,79,5
3583,152,10,20211227,62,4
3584,54,12,20240816,47,5
3585,163,12,20230301,13,1
3586,235,9,20220708,88,4
3587,114,8,20210227,98,3
3588,122,2,20240514,35,1
3589,243,10,20221013,91,5
3590,22,12,20210214,37,4
3591,206,7,20230318,99,1
3592,198,9,20210321,52,2
3593,78,11,20240302,53,4
3594,198,9,20240218,71,1
3595,140,1,20210728,75,4
3596,216,13,20210103,6,2
3597,151,7,20230811,24,2
3598,152,8,20231227,83,1
3599,179,8,20230720,49,5
3600,249,13,20210513,97,2
3601,211,6,20210619,64,3
3602,92,9,20221012,71,2
3603,93,4,20230821,98,3
3604,36,9,20230601,6,1
3605,50,5,20241108,23,1
3606,75,9,20230313,17,2
3607,165,6,20231107,26,4
3608,84,2,20221228,56,5
3609,139,13,20240521,63,1
3610,159,2,20210128,10,4
3611,72,4,20210808,56,1
3612,77,1,20210214,83,4
3613,12,11,20210425,33,3
3614,94,11,20230215,49,3
3615,247,14,20220525,94,1
3616,140,9,20211015,3,5
3617,28,1,20221217,79,5
3618,34,9,20240707,97,3
3619,59,5,20211106,53,1
3620,77,6,20210420,42,1
3621,3,6,20240824,24,1
3622,13,4,20220201,28,1
3623,102,9,20220314,63,4
3624,151,4,20210816,94,3
3625,57,5,20231221,44,4
3626,182,6,20241126,28,5
3627,223,3,20210120,13,3
3628,104,12,20210605,83,3
3629,170,8,20211002,5,2
3630,191,5,20241221,57,5
3631,72,5,20221110,4,2
3632,205,8,20240326,9,1
3633,205,14,20210701,11,1
3634,204,9,20220820,72,2
3635,76,7,20230110,86,1
3636,101,2,20230216,49,4
3637,41,4,20240320,30,3
3638,114,8,20231008,97,2
3639,50,4,20220726,75,3
3640,177,5,20221213,16,3
3641,192,13,20231221,22,1
3642,122,5,20210511,47,5
3643,224,13,20230921,40,4
3644,163,3,20231226,84,5
3645,231,11,20220518,98,3
3646,115,13,20230328,27,1
3647,186,2,20211102,23,1
3648,144,4,20230517,27,3
3649,127,12,20221207,8,4
3650,154,9,20230610,4,4
3651,199,9,20241204,51,5
3652,155,5,20230202,78,2
3653,113,10,20240225,27,1
3654,19,1,20220211,91,5
3655,174,7,20210405,8,2
3656,97,1,20231117,48,5
3657,173,10,20210807,27,3
3658,190,5,20230927,23,1
3659,187,13,20210428,47,5
3660,177,9,20210205,46,2
3661,87,5,20241026,66,2
3662,190,2,20220627,47,4
3663,56,1,20220302,1,5
3664,53,10,20240712,99,3
3665,165,11,20220513,3,3
3666,102,8,20230216,91,5
3667,104,10,20240801,20,5
3668,81,11,20241218,28,2
3669,215,5,20210923,64,2
3670,215,2,20220502,84,4
3671,106,14,20221106,55,2
3672,99,13,20211102,34,2
3673,81,9,20220126,32,4
3674,178,7,20240628,3,2
3675,198,1,20230728,85,4
3676,20,9,20220123,56,5
3677,176,12,20210526,93,5
3678,68,2,20230218,51,4
3679,200,14,20240306,52,1
3680,244,1,20241120,65,3
3681,86,13,20220405,97,4
3682,185,13,20240226,81,3
3683,211,11,20230310,13,3
3684,218,2,20221211,79,5
3685,71,12,20210118,54,5
3686,78,3,20230114,95,1
3687,74,5,20240318,23,3
3688,106,1,20240714,35,2
3689,183,9,20230727,4,1
3690,233,14,20231226,58,3
3691,236,3,20230604,64,4
3692,38,3,20230502,68,1
3693,132,3,20230303,15,4
3694,156,4,20230103,61,2
3695,123,2,20220108,32,2
3696,172,7,20211020,82,3
3697,92,6,20220828,33,2
3698,239,12,20210408,62,1
3699,156,5,20220604,31,5
3700,220,11,20220223,26,4
3701,50,3,20221006,48,1
3702,35,11,20210725,89,2
3703,242,2,20230921,96,1
3704,88,5,20230512,35,1
3705,133,2,20240915,84,5
3706,95,4,20221208,53,1
3707,108,5,20230816,2,3
3708,184,9,20210703,11,4
3709,35,9,20220411,8,3
3710,137,7,20241027,38,2
3711,230,2,20231215,37,4
3712,61,3,20211125,30,1
3713,235,9,20240221,93,2
3714,232,14,20241009,2,4
3715,13,6,20240219,62,1
3716,69,7,20230719,73,1
3717,61,5,20230923,33,4
3718,86,8,20210426,58,2
3719,187,10,20221124,62,5
3720,243,9,20221128,53,1
3721,157,10,20210628,91,1
3722,92,6,20241123,0,5
3723,235,4,20230324,85,3
3724,61,8,20210904,39,2
3725,18,6,20230802,63,5
3726,105,9,20220622,72,5
3727,81,3,20220505,64,3
3728,209,10,20240513,86,4
3729,198,7,20240607,89,1
3730,119,1,20240627,72,2
3731,202,11,20220503,61,3
3732,125,6,20240108,58,2
3733,126,3,20220705,28,4
3734,171,1,20230928,26,4
3735,23,8,20210617,53,3
3736,234,2,20210211,92,1
3737,2,10,20240217,88,3
3738,184,4,20240425,38,5
3739,40,11,20230615,53,4
3740,37,9,20221218,52,4
3741,121,5,20240811,6,4
3742,141,12,20220809,60,2
3743,156,10,20230114,35,3
3744,249,6,20220104,56,2
3745,236,11,20220614,42,4
3746,39,13,20230327,48,2
3747,70,13,20240120,2,2
3748,188,10,20240218,31,5
3749,91,7,20240219,72,5
3750,203,9,20220117,64,4
3751,186,10,20221121,10,4
3752,201,4,20210610,95,3
3753,150,4,20231103,69,5
3754,158,5,20240108,69,5
3755,132,7,20241103,62,3
3756,241,10,20210908,20,4
3757,111,9,20231215,73,5
3758,21,6,20220327,18,3
3759,85,2,20230602,76,3
3760,130,8,20221023,51,1
3761,159,2,20210310,89,4
3762,83,8,20240101,92,4
3763,241,14,20241108,35,3
3764,144,2,20220105,59,3
3765,58,2,20241127,70,4
3766,169,11,20240714,19,3
3767,106,7,20230610,50,4
3768,143,11,20210913,95,5
3769,131,14,20231226,81,3
3770,49,10,20241207,79,3
3771,189,2,20230824,1,3
3772,115,7,20220801,52,1
3773,180,12,20221125,39,4
3774,182,10,20210904,45,2
3775,246,1,20241026,21,4
3776,188,10,20240528,75,4
3777,234,13,20210717,43,1
3778,144,12,20220613,12,1
3779,136,13,20230520,99,3
3780,221,6,20221012,51,5
3781,249,3,20241012,65,3
3782,13,11,20210328,96,5
3783,147,13,20230819,40,3
3784,190,8,20220721,93,2
3785,105,2,20241009,12,5
3786,132,14,20240504,0,5
3787,130,13,20220602,2,3
3788,235,13,20210105,43,5
3789,144,10,20240108,28,2
3790,52,10,20220323,5,3
3791,102,13,20221014,28,5
3792,17,10,20211203,51,4
3793,49,1,20210804,63,3
3794,145,14,20220122,31,4
3795,28,7,20230323,15,3
3796,182,11,20221205,69,2
3797,231,7,20240217,90,4
3798,199,5,20220916,90,1
3799,133,14,20221213,95,4
3800,202,8,20230203,94,1
3801,179,4,20220911,78,5
3802,19,6,20210208,3,3
3803,119,11,20221217,10,5
3804,170,2,20230622,2,5
3805,160,11,20230215,59,2
3806,86,12,20240527,87,2
3807,85,3,20231113,16,1
3808,233,1,20230123,20,4
3809,5,14,20220521,47,1
3810,239,11,20230417,11,3
3811,176,13,20221111,55,2
3812,183,5,20231224,98,2
3813,145,10,20240920,28,5
3814,130,13,20231011,77,1
3815,66,8,20220209,93,5
3816,40,2,20240104,10,4
3817,141,1,20240815,75,3
3818,163,7,20211109,46,5
3819,39,12,20210928,35,2
3820,17,7,20241218,25,4
3821,62,7,20241020,43,5
3822,233,12,20231006,79,4
3823,126,12,20210903,34,2
3824,142,11,20231207,16,4
3825,30,11,20210924,60,4
3826,155,14,20211116,56,5
3827,172,7,20240402,35,2
3828,112,12,20241203,22,3
3829,15,10,20231207,3,3
3830,69,6,20240405,84,4
3831,101,9,20231012,68,3
3832,68,13,20210805,35,2
3833,13,1,20210407,91,5
3834,162,12,20211224,10,2
3835,180,11,20230227,83,4
3836,88,8,20240723,78,3
3837,13,11,20211123,45,3
3838,184,4,20230201,61,1
3839,66,4,20211011,79,2
3840,209,2,20231007,84,2
3841,136,3,20230406,20,3
3842,108,2,20210203,46,3
3843,117,12,20221128,72,3
3844,52,7,20220501,36,5
3845,105,6,20230213,45,5
3846,81,7,20220319,14,2
3847,59,3,20210904,41,2
3848,228,9,20240815,54,5
3849,155,7,20211001,8,4
3850,76,2,20240721,71,3
3851,211,7,20220519,37,1
3852,60,7,20220311,63,4
3853,11,13,20240413,11,4
3854,109,4,20230711,46,2
3855,13,14,20230414,23,2
3856,140,13,20230203,54,2
3857,106,1,20230824,91,3
3858,2,7,20240814,48,2
3859,27,7,20230925,53,5
3860,134,6,20230704,29,2
3861,199,4,20210615,49,4
3862,182,3,20220226,57,4
3863,68,6,20230408,17,4
3864,143,4,20211007,80,1
3865,43,14,20230205,83,2
3866,36,12,20230425,47,5
3867,238,14,20231005,59,3
3868,98,8,20230310,8,4
3869,122,5,20230706,40,3
3870,235,9,20211108,11,5
3871,141,5,20210824,53,4
3872,165,5,20230624,19,2
3873,111,2,20221001,48,1
3874,189,13,20210315,11,1
3875,102,6,20210111,37,3
3876,226,12,20230321,30,1
3877,174,8,20230119,7,1
3878,247,3,20220212,73,3
3879,164,8,20241226,16,3
3880,218,8,20230711,77,5
3881,124,5,20240918,26,1
3882,235,3,20240521,8,4
3883,93,2,20220501,18,1
3884,222,1,20230127,1,4
3885,174,5,20230909,24,4
3886,94,5,20240217,11,4
3887,90,4,20210718,77,3
3888,112,4,20211103,96,5
3889,208,5,20240608,10,4
3890,138,10,20211015,40,2
3891,53,8,20220515,82,5
3892,16,3,20221228,16,4
3893,52,2,20211205,84,4
3894,67,5,20230820,71,1
3895,157,5,20210514,53,3
3896,26,5,20230210,17,3
3897,2,6,20220525,84,5
3898,216,4,20231128,6,2
3899,185,13,20240309,73,4
3900,191,11,20241105,37,3
3901,49,13,20221227,74,2
3902,166,3,20210118,23,4
3903,215,12,20240522,95,4
3904,162,12,20240602,89,2
3905,180,4,20210508,10,4
3906,77,11,20240624,16,2
3907,217,10,20240324,60,3
3908,138,1,20210114,93,4
3909,211,7,20220211,52,2
3910,50,6,20211024,80,5
3911,105,10,20240321,31,1
3912,222,14,20240611,23,4
3913,6,10,20220226,28,5
3914,108,7,20220120,1,5
3915,44,2,20240528,29,5
3916,118,8,20240126,38,3
3917,4,6,20230503,92,1
3918,103,8,20230504,28,3
3919,120,2,20221109,87,3
3920,87,14,20240116,18,3
3921,182,14,20240520,63,3
3922,95,11,20241102,90,4
3923,183,13,20230125,58,4
3924,13,14,20210106,81,2
3925,240,3,20210128,77,3
3926,209,4,20220310,39,1
3927,22,13,20240310,10,4
3928,153,11,20240210,36,1
3929,16,7,20240523,15,5
3930,242,8,20230912,79,1
3931,19,11,20220304,92,5
3932,16,1,20221113,23,4
3933,81,12,20210214,54,2
3934,83,11,20230921,55,5
3935,101,9,20240413,74,4
3936,77,9,20221219,18,5
3937,205,5,20210118,39,4
3938,35,7,20211221,49,5
3939,198,7,20230701,79,3
3940,192,2,20230412,66,1
3941,115,7,20210126,81,5
3942,203,2,20240820,84,1
3943,127,6,20230415,17,2
3944,221,2,20220422,45,1
3945,115,1,20240218,81,1
3946,42,13,20241002,83,5
3947,197,9,20211119,28,4
3948,32,13,20230620,83,3
3949,144,8,20220416,89,3
3950,13,8,20240108,31,1
3951,115,3,20221011,16,3
3952,144,7,20231112,42,3
3953,46,8,20230908,64,5
3954,76,14,20210627,3,2
3955,49,2,20241212,38,3
3956,150,14,20220805,26,3
3957,18,13,20241118,64,3
3958,95,11,20220701,87,2
3959,193,4,20231216,97,5
3960,98,5,20220513,43,2
3961,88,6,20241001,89,5
3962,195,12,20221118,59,3
3963,18,13,20241215,88,3
3964,220,13,20240715,32,5
3965,157,13,20230921,35,5
3966,124,13,20210113,45,4
3967,107,13,20220113,23,2
3968,85,1,20231213,49,3
3969,66,5,20210204,79,2
3970,149,12,20221122,36,3
3971,113,14,20230912,85,3
3972,98,7,20230525,34,2
3973,226,9,20241226,53,4
3974,21,12,20210704,79,5
3975,43,12,20240211,12,2
3976,143,8,20220326,80,5
3977,122,11,20231004,87,5
3978,88,3,20240302,97,1
3979,162,9,20241227,70,2
3980,232,6,20241023,94,5
3981,60,8,20210318,79,2
3982,73,7,20210123,41,5
3983,3,3,20210103,85,1
3984,232,8,20241004,61,3
3985,207,4,20230403,79,3
3986,112,3,20211108,48,2
3987,94,12,20210315,79,5
3988,122,3,20240913,26,2
3989,131,7,20221202,52,3
3990,200,7,20240619,48,2
3991,170,13,20230804,56,1
3992,221,5,20210503,10,5
3993,223,7,20241206,8,5
3994,168,10,20230410,41,5
3995,37,5,20230212,44,2
3996,190,7,20240917,59,3
3997,158,12,20220427,12,4
3998,211,8,20220601,32,5
3999,132,9,20211226,75,5
4000,49,4,20221019,94,2
4001,206,11,20230122,97,1
4002,196,10,20220102,32,3
4003,124,13,20230404,46,4
4004,49,1,20220313,9,1
4005,58,11,20221027,65,3
4006,209,4,20240825,96,2
4007,220,8,20230406,84,2
4008,246,11,20231021,42,3
4009,152,7,20230921,50,1
4010,2,8,20221002,84,2
4011,155,7,20240927,96,1
4012,1,11,20231207,57,2
4013,41,1,20210711,0,3
4014,158,2,20220607,4,5
4015,250,5,20230207,13,1
4016,81,3,20231103,53,4
4017,116,6,20220720,60,4
4018,132,5,20241120,95,4
4019,41,9,20220920,73,5
4020,223,13,20241213,94,2
4021,222,3,20210226,1,1
4022,23,5,20220211,77,5
4023,249,8,20221021,30,1
4024,63,4,20220816,0,1
4025,178,11,20230903,95,1
4026,226,14,20240505,94,5
4027,94,4,20240815,95,2
4028,231,3,20230528,79,3
4029,132,11,20241011,5,1
4030,119,8,20230717,68,1
4031,97,2,20220609,61,5
4032,39,7,20211212,90,3
4033,246,3,20241002,37,3
4034,236,14,20240426,41,5
4035,197,4,20240702,77,4
4036,135,8,20210305,56,2
4037,143,8,20210106,3,3
4038,105,1,20221207,47,3
4039,45,12,20210525,22,2
4040,97,13,20240622,12,1
4041,213,2,20221103,58,3
4042,218,7,20210602,45,2
4043,54,6,20230606,39,1
4044,120,4,20230417,87,1
4045,96,13,20220905,82,2
4046,39,4,20240801,94,4
4047,29,7,20220526,13,4
4048,12,2,20220719,67,1
4049,99,3,20220822,26,3
4050,187,4,20230918,98,3
4051,75,14,20211218,91,1
4052,53,12,20240628,98,5
4053,218,13,20230226,87,5
4054,237,9,20230223,92,1
4055,139,9,20240117,34,1
4056,71,14,20210422,2,1
4057,36,9,20210206,38,4
4058,98,3,20240116,71,5
4059,174,1,20230415,5,1
4060,198,14,20230616,54,2
4061,162,7,20210305,9,1
4062,230,12,20230517,16,4
4063,96,2,20211103,57,3
4064,20,7,20210819,43,4
4065,24,5,20230909,84,5
4066,61,6,20221019,29,1
4067,153,12,20210123,84,3
4068,243,5,20211222,21,1
4069,116,13,20220725,69,1
4070,227,10,20210222,61,3
4071,20,14,20240716,4,4
4072,227,9,20230516,95,2
4073,192,3,20230924,18,4
4074,190,14,20240911,16,3
4075,41,1,20240208,17,2
4076,158,13,20230920,35,1
4077,168,1,20241209,19,5
4078,121,9,20221213,80,4
4079,129,5,20240110,1,3
4080,101,11,20240605,42,3
4081,210,5,20231104,18,4
4082,17,2,20230723,50,5
4083,191,3,20240403,33,1
4084,202,5,20221219,98,4
4085,9,5,20231005,16,3
4086,9,5,20240811,42,3
4087,122,3,20221226,56,5
4088,126,10,20210726,39,3
4089,198,3,20241104,12,5
4090,92,8,20220123,17,4
4091,18,11,20230718,68,4
4092,217,8,20241206,18,2
4093,37,1,20230418,34,1
4094,102,10,20230324,68,1
4095,243,9,20240407,16,4
4096,79,14,20210711,37,2
4097,79,2,20210410,23,3
4098,103,1,20230321,8,5
4099,87,1,20240425,52,4
4100,214,5,20240121,99,3
4101,35,13,20230818,30,5
4102,194,12,20241202,81,1
4103,194,13,20220211,5,3
4104,213,8,20240117,44,4
4105,209,3,20231108,42,4
4106,223,8,20220502,36,5
4107,198,11,20230918,69,5
4108,169,13,20230418,57,3
4109,40,4,20220926,20,3
4110,101,5,20210703,66,2
4111,139,1,20230705,40,5
4112,7,7,20231103,64,5
4113,163,4,20210116,47,4
4114,134,5,20210119,59,4
4115,114,10,20231016,54,5
4116,70,14,20220525,23,3
4117,210,6,20240216,13,5
4118,206,12,20231218,52,5
4119,236,9,20210812,92,5
4120,188,11,20230516,54,1
4121,69,6,20210119,42,2
4122,244,11,20240813,3,5
4123,93,10,20220727,49,2
4124,207,10,20230701,29,1
4125,98,10,20220717,95,4
4126,188,1,20220427,49,2
4127,52,6,20230314,49,4
4128,181,9,20241105,22,2
4129,237,8,20241027,14,1
4130,128,7,20220608,96,4
4131,193,11,20231005,85,1
4132,195,1,20230204,74,3
4133,43,12,20220616,94,5
4134,149,4,20240205,55,2
4135,26,9,20231214,92,3
4136,184,6,20241019,54,2
4137,144,6,20240626,13,2
4138,143,9,20220419,74,3
4139,21,10,20221214,90,5
4140,96,11,20210420,98,5
4141,79,5,20210112,78,4
4142,16,8,20220114,80,5
4143,200,13,20230801,63,5
4144,127,14,20220219,60,2
4145,62,11,20220605,68,1
4146,38,2,20211215,22,4
4147,74,8,20220603,92,1
4148,111,5,20241015,69,1
4149,180,6,20230606,34,2
4150,116,9,20240108,18,2
4151,186,12,20240713,17,1
4152,114,11,20220328,55,5
4153,161,8,20230718,58,5
4154,94,2,20220414,38,3
4155,119,12,20230521,5,1
4156,192,4,20211223,84,5
4157,37,1,20240602,57,5
4158,126,6,20241206,49,4
4159,103,10,20220209,78,4
4160,99,5,20210114,79,1
4161,204,7,20210707,73,5
4162,49,13,20210725,34,5
4163,66,3,20211104,6,4
4164,55,10,20221025,87,2
4165,171,3,20220310,29,1
4166,164,11,20240723,73,3
4167,50,4,20221119,75,4
4168,131,1,20230421,71,1
4169,127,2,20210307,6,4
4170,79,1,20220128,19,1
4171,243,2,20211117,68,2
4172,219,6,20230411,32,1
4173,195,14,20240327,3,4
4174,11,7,20241127,76,4
4175,37,7,20231027,72,1
4176,14,8,20240224,57,3
4177,199,9,20210524,93,3
4178,164,4,20211118,26,1
4179,167,3,20230310,34,2
4180,177,4,20240616,69,2
4181,133,3,20231203,64,2
4182,14,11,20221005,82,1
4183,45,2,20210722,92,2
4184,120,6,20240925,25,5
4185,177,5,20220311,42,4
4186,101,12,20210810,21,3
4187,89,3,20210310,50,3
4188,115,4,20240325,8,4
4189,166,7,20240819,72,2
4190,128,12,20241117,89,1
4191,193,10,20241207,1,5
4192,88,12,20220621,23,3
4193,103,8,20220215,34,2
4194,152,5,20220510,68,4
4195,32,7,20220606,46,4
4196,72,5,20240717,16,2
4197,9,3,20220811,61,5
4198,179,2,20240616,55,2
4199,69,3,20220914,33,2
4200,167,6,20220318,92,3
4201,62,2,20240721,42,4
4202,202,4,20231122,67,3
4203,141,2,20230216,5,4
4204,23,2,20240628,59,3
4205,210,9,20230711,22,4
4206,218,5,20230925,10,3
4207,32,2,20220116,52,5
4208,12,8,20220715,25,3
4209,151,9,20240301,65,5
4210,169,2,20241019,25,2
4211,37,7,20240612,32,4
4212,234,13,20221008,83,3
4213,199,5,20210610,28,4
4214,120,3,20241225,33,4
4215,66,1,20210212,48,5
4216,94,7,20230601,42,5
4217,163,5,20231210,6,3
4218,102,13,20241101,81,4
4219,216,11,20230807,97,3
4220,64,10,20230813,39,2
4221,248,14,20241101,59,4
4222,107,13,20240221,41,5
4223,100,5,20241117,47,2
4224,246,5,20230915,3,4
4225,90,5,20211018,77,2
4226,35,1,20220213,62,2
4227,224,14,20241013,67,2
4228,225,3,20230409,82,2
4229,181,1,20240114,47,1
4230,54,13,20221214,77,3
4231,55,10,20230415,87,3
4232,132,8,20210822,42,5
4233,217,8,20230707,18,2
4234,249,3,20240422,59,1
4235,242,9,20210504,95,3
4236,203,8,20210525,74,2
4237,214,9,20230106,94,3
4238,132,4,20240814,56,5
4239,171,6,20210619,35,1
4240,242,8,20230403,98,4
4241,157,1,20240909,35,2
4242,210,10,20210724,31,4
4243,20,11,20221108,89,1
4244,150,13,20210109,48,1
4245,17,14,20240921,52,2
4246,59,9,20210318,18,5
4247,12,7,20210510,79,2
4248,154,9,20220628,99,4
4249,11,1,20231019,11,1
4250,4,14,20230720,33,4
4251,55,5,20240923,76,5
4252,194,7,20210923,40,2
4253,215,5,20230603,24,4
4254,79,8,20240909,93,2
4255,72,1,20210120,62,4
4256,187,13,20230204,93,3
4257,150,6,20240107,10,2
4258,102,9,20230507,32,2
4259,70,10,20221112,28,5
4260,178,1,20230417,93,2
4261,37,9,20240402,21,1
4262,194,10,20220416,92,5
4263,73,3,20240511,92,4
4264,143,10,20240509,70,5
4265,205,3,20211015,62,3
4266,44,11,20230503,83,2
4267,87,3,20240616,89,2
4268,191,12,20221115,98,3
4269,20,1,20240519,47,4
4270,93,3,20241028,39,3
4271,155,9,20231104,59,1
4272,29,12,20241004,57,5
4273,128,4,20210822,51,2
4274,37,1,20220819,74,2
4275,99,8,20240221,91,1
4276,213,3,20240411,37,2
4277,229,2,20231006,84,5
4278,182,4,20220716,36,2
4279,232,10,20210328,77,5
4280,60,5,20240808,39,2
4281,58,3,20210814,23,4
4282,46,6,20230901,52,1
4283,68,6,20221018,34,3
4284,141,8,20240106,63,2
4285,191,14,20210628,7,5
4286,233,4,20220814,62,4
4287,145,5,20211024,92,5
4288,68,10,20240113,70,2
4289,248,8,20220919,10,2
4290,103,6,20221102,55,3
4291,111,1,20230205,35,2
4292,74,4,20221223,58,1
4293,139,6,20210819,15,3
4294,38,13,20240705,74,5
4295,131,12,20240708,12,2
4296,106,14,20230317,24,5
4297,33,9,20240116,28,3
4298,212,12,20211108,9,5
4299,225,4,20211225,37,4
4300,125,9,20210923,55,5
4301,155,12,20241005,22,1
4302,111,12,20220603,63,4
4303,121,6,20240614,19,2
4304,69,2,20230228,17,2
4305,209,2,20240613,23,2
4306,43,14,20240517,33,1
4307,157,9,20230116,43,2
4308,153,10,20210901,64,4
4309,180,13,20210625,99,3
4310,137,5,20230912,53,4
4311,157,13,20240905,92,2
4312,119,8,20231009,50,3
4313,133,3,20231002,88,5
4314,228,7,20241207,58,2
4315,226,12,20240912,74,5
4316,120,10,20240404,85,5
4317,128,14,20220527,54,4
4318,179,13,20241211,69,5
4319,97,8,20231210,71,4
4320,106,11,20240721,88,3
4321,237,9,20230120,41,3
4322,22,2,20220422,80,3
4323,217,2,20210912,82,1
4324,78,9,20210312,94,5
4325,130,2,20230202,64,5
4326,78,5,20230523,42,2
4327,174,3,20220107,6,3
4328,46,7,20220704,37,5
4329,203,13,20240812,39,5
4330,124,7,20240922,13,2
4331,107,1,20221110,86,5
4332,100,6,20211006,71,3
4333,82,10,20241110,8,2
4334,126,13,20211013,32,1
4335,209,12,20241120,63,3
4336,138,3,20230804,83,4
4337,182,7,20220403,31,3
4338,167,3,20240824,99,4
4339,145,7,20210328,37,4
4340,229,8,20210228,15,4
4341,126,5,20220309,30,3
4342,59,6,20220216,96,1
4343,204,14,20210915,11,5
4344,83,4,20220227,36,2
4345,201,9,20220803,83,2
4346,6,3,20240827,45,5
4347,170,9,20230326,3,4
4348,243,12,20230128,46,1
4349,114,4,20220819,58,3
4350,198,13,20211025,70,4
4351,189,2,20240722,61,5
4352,185,12,20220109,2,5
4353,20,12,20220323,68,5
4354,207,5,20220702,71,1
4355,157,11,20230806,12,3
4356,71,6,20241012,67,2
4357,168,5,20230527,68,3
4358,17,8,20211102,11,4
4359,240,2,20210908,94,4
4360,119,10,20240723,14,3
4361,72,12,20230408,19,1
4362,47,8,20211227,82,2
4363,204,1,20211115,79,4
4364,29,9,20221106,28,5
4365,168,4,20220628,44,3
4366,103,10,20211202,46,2
4367,122,10,20211011,84,4
4368,36,1,20220613,6,4
4369,74,12,20240824,99,5
4370,236,9,20210211,51,3
4371,3,3,20220905,75,2
4372,44,5,20211019,67,3
4373,77,2,20230613,13,2
4374,17,13,20220606,19,2
4375,18,1,20230909,76,5
4376,210,2,20211106,27,3
4377,195,11,20210807,19,3
4378,188,10,20220516,17,1
4379,162,2,20221015,47,5
4380,95,7,20220214,49,5
4381,140,3,20220307,9,5
4382,159,10,20220103,33,3
4383,158,5,20221021,98,1
4384,248,13,20220807,19,4
4385,194,14,20210108,74,3
4386,19,8,20240809,52,2
4387,51,6,20231013,20,3
4388,8,6,20241210,86,4
4389,6,5,20210527,87,3
4390,36,7,20211222,96,4
4391,153,8,20220912,1,1
4392,126,12,20241201,1,3
4393,197,1,20220418,58,4
4394,16,10,20240715,66,3
4395,92,5,20210916,89,4
4396,49,14,20210715,20,1
4397,73,10,20240925,52,3
4398,1,4,20210326,84,1
4399,93,12,20220712,88,4
4400,131,10,20220126,59,2
4401,144,8,20210422,43,4
4402,95,6,20220420,33,2
4403,138,12,20210920,56,5
4404,205,1,20240614,21,1
4405,82,1,20241006,16,3
4406,244,3,20210527,28,5
4407,17,8,20230909,90,1
4408,144,14,20211202,29,5
4409,143,3,20230716,25,2
4410,179,5,20210615,89,1
4411,138,1,20211224,9,4
4412,146,5,20210616,30,5
4413,239,7,20240410,73,5
4414,3,8,20240625,40,4
4415,120,4,20220907,90,3
4416,243,7,20240119,65,2
4417,139,14,20210627,64,5
4418,180,2,20231221,11,4
4419,37,12,20220206,39,5
4420,137,11,20230401,69,1
4421,241,10,20230228,73,4
4422,218,13,20240427,44,5
4423,127,11,20210114,49,5
4424,52,10,20230716,61,5
4425,112,10,20230417,11,5
4426,77,6,20210707,7,4
4427,237,11,20240617,96,1
4428,166,6,20240315,12,2
4429,84,11,20240920,68,5
4430,67,8,20241227,72,3
4431,113,10,20240425,9,1
4432,230,2,20231025,32,1
4433,53,11,20230427,18,2
4434,148,14,20230209,85,3
4435,140,2,20220111,49,4
4436,236,10,20240625,40,3
4437,218,12,20210202,85,2
4438,11,2,20230624,64,5
4439,80,3,20240526,56,3
4440,135,3,20240419,14,3
4441,7,3,20210802,70,3
4442,146,14,20221201,91,4
4443,232,10,20210408,30,2
4444,124,8,20210810,68,2
4445,187,1,20221123,71,2
4446,147,2,20221105,51,5
4447,157,10,20210427,40,2
4448,142,12,20240312,98,3
4449,39,14,20211017,79,2
4450,134,9,20210225,86,1
4451,234,6,20240501,41,1
4452,155,12,20230113,98,2
4453,130,4,20210904,55,3
4454,132,1,20240124,98,4
4455,180,9,20221207,6,1
4456,119,7,20241208,62,1
4457,170,3,20240106,81,1
4458,117,4,20211102,47,1
4459,112,13,20220802,35,5
4460,227,7,20230724,11,4
4461,199,14,20220713,26,5
4462,56,12,20221125,88,5
4463,38,6,20240620,27,1
4464,167,7,20231208,29,3
4465,26,12,20220206,46,5
4466,117,7,20230227,22,1
4467,141,7,20220728,31,4
4468,206,1,20230311,10,4
4469,97,10,20211226,68,5
4470,28,1,20210408,5,2
4471,134,13,20221218,74,1
4472,28,5,20231208,18,1
4473,193,14,20230204,74,2
4474,79,1,20240223,51,4
4475,203,6,20211221,74,2
4476,233,8,20210303,98,1
4477,203,10,20231207,28,2
4478,6,10,20211026,69,3
4479,81,10,20220311,91,2
4480,220,14,20220817,88,4
4481,249,11,20230924,19,1
4482,238,11,20230318,80,4
4483,224,2,20231208,19,1
4484,157,13,20220727,44,3
4485,15,7,20230406,60,5
4486,119,3,20240618,78,4
4487,142,6,20220711,25,1
4488,7,5,20210508,83,2
4489,130,10,20230125,87,3
4490,113,7,20240119,27,3
4491,9,12,20220428,47,2
4492,147,14,20211106,9,5
4493,136,9,20220115,41,4
4494,60,7,20210827,60,1
4495,206,12,20210412,76,2
4496,170,11,20240215,18,3
4497,38,1,20230705,63,2
4498,239,13,20220804,17,1
4499,237,7,20211010,64,5
4500,53,13,20231022,30,2
4501,117,14,20230605,58,1
4502,34,9,20211128,0,4
4503,49,2,20240319,66,5
4504,4,1,20221207,49,4
4505,248,14,20230512,97,2
4506,12,7,20210823,46,3
4507,48,6,20240826,11,1
4508,85,12,20220416,84,2
4509,229,1,20230120,15,4
4510,104,8,20241103,84,2
4511,161,9,20240524,47,3
4512,243,12,20220808,95,2
4513,62,13,20220923,14,4
4514,12,4,20240911,7,1
4515,236,8,20210814,75,4
4516,219,1,20220810,62,2
4517,58,9,20220804,5,4
4518,162,11,20220707,63,3
4519,146,7,20220515,79,2
4520,117,2,20220812,75,2
4521,12,10,20230605,74,5
4522,145,13,20211109,54,2
4523,91,2,20240125,12,5
4524,239,3,20230307,50,3
4525,40,4,20230204,99,1
4526,165,1,20241118,91,5
4527,86,2,20240421,99,5
4528,30,12,20240428,71,1
4529,164,1,20240218,56,2
4530,200,13,20210923,34,4
4531,106,10,20210213,34,1
4532,168,13,20210224,8,2
4533,185,5,20240704,51,4
4534,63,4,20230311,13,4
4535,8,10,20230624,33,5
4536,164,8,20220606,17,2
4537,142,9,20210901,1,1
4538,226,3,20240610,3,3
4539,107,14,20240203,29,1
4540,220,6,20221126,40,4
4541,157,12,20221203,32,2
4542,133,7,20241227,21,1
4543,87,12,20241201,45,2
4544,54,4,20210308,33,1
4545,237,11,20220517,64,3
4546,37,3,20210918,46,3
4547,46,2,20230304,37,5
4548,41,12,20210325,28,3
4549,24,2,20220611,49,4
4550,119,9,20220818,26,4
4551,171,11,20210422,92,4
4552,186,5,20230120,15,3
4553,237,8,20220411,76,4
4554,205,1,20230823,20,4
4555,18,5,20220913,94,2
4556,20,9,20210202,54,5
4557,247,11,20241101,55,1
4558,230,14,20220706,48,3
4559,214,7,20241127,64,5
4560,102,12,20241219,87,3
4561,216,9,20230515,19,4
4562,44,7,20240104,51,3
4563,161,3,20240313,50,2
4564,116,11,20240819,41,3
4565,198,2,20240523,76,4
4566,94,13,20230219,70,4
4567,22,4,20221216,73,3
4568,228,13,20240912,57,5
4569,120,1,20230106,72,3
4570,174,3,20240503,99,2
4571,221,7,20241016,69,2
4572,17,9,20240815,55,5
4573,7,13,20220219,19,1
4574,149,13,20221123,73,4
4575,201,8,20231225,36,4
4576,137,2,20240808,85,4
4577,88,11,20230618,10,2
4578,179,11,20210804,14,4
4579,160,14,20220724,31,4
4580,108,4,20230925,2,5
4581,141,1,20240615,10,2
4582,168,3,20231108,58,3
4583,108,10,20210309,12,5
4584,198,14,20210427,16,1
4585,64,1,20210717,65,2
4586,21,7,20230304,81,5
4587,160,11,20230614,23,4
4588,58,2,20240716,53,1
4589,38,3,20210408,54,4
4590,106,14,20220502,61,2
4591,17,13,20231212,39,3
4592,192,1,20220515,39,4
4593,10,9,20231109,23,5
4594,219,7,20210108,46,2
4595,175,9,20211104,93,2
4596,91,5,20220828,94,4
4597,54,14,20230510,76,2
4598,20,14,20220107,81,5
4599,83,3,20230609,76,3
4600,39,14,20210109,67,4
4601,34,3,20230217,70,1
4602,84,2,20240313,6,1
4603,136,5,20240519,56,1
4604,203,11,20230105,71,1
4605,175,2,20240727,34,1
4606,120,10,20240703,42,3
4607,250,14,20231210,54,4
4608,137,7,20240801,68,5
4609,204,6,20211012,75,5
4610,200,11,20220205,29,3
4611,186,14,20210125,62,5
4612,81,13,20210928,90,1
4613,154,4,20221123,5,3
4614,160,6,20220717,96,3
4615,211,8,20230818,75,3
4616,77,1,20240215,64,2
4617,223,12,20210127,60,2
4618,16,7,20240707,52,1
4619,6,14,20210803,4,1
4620,48,4,20210108,55,1
4621,221,12,20240114,29,2
4622,2,10,20220416,49,4
4623,151,11,20220225,67,1
4624,179,7,20211216,33,4
4625,91,13,20230811,95,3
4626,172,13,20231004,31,2
4627,250,12,20230811,48,1
4628,22,14,20210106,25,3
4629,154,10,20230511,39,1
4630,214,9,20210604,71,1
4631,25,13,20210415,68,1
4632,224,12,20211023,79,2
4633,37,10,20230828,37,1
4634,195,4,20210406,68,4
4635,97,3,20231223,38,2
4636,152,14,20230402,71,3
4637,110,7,20240921,41,3
4638,243,11,20220619,55,1
4639,87,7,20220822,45,5
4640,131,6,20210701,60,1
4641,155,7,20210518,63,5
4642,132,11,20230422,77,1
4643,200,5,20220319,74,4
4644,90,8,20210427,55,1
4645,91,13,20210512,82,2
4646,134,2,20210619,23,4
4647,95,14,20221201,96,5
4648,28,11,20211206,11,2
4649,15,4,20230812,81,4
4650,63,8,20240113,88,2
4651,155,2,20220803,16,4
4652,14,14,20241025,39,5
4653,187,3,20230817,25,3
4654,180,12,20210205,34,1
4655,208,11,20241018,97,3
4656,126,3,20220501,55,3
4657,115,10,20230404,52,3
4658,239,10,20220220,97,2
4659,171,7,20210210,52,4
4660,213,4,20231206,99,5
4661,158,11,20240724,80,5
4662,21,1,20240721,41,3
4663,97,8,20210214,41,2
4664,64,11,20241215,53,5
4665,185,3,20211216,88,3
4666,87,13,20220210,56,3
4667,7,12,20220823,69,3
4668,161,8,20211219,52,5
4669,80,2,20240725,7,4
4670,90,7,20210213,86,5
4671,199,1,20210203,78,2
4672,61,9,20210313,3,3
4673,80,14,20210827,94,3
4674,98,4,20230604,78,1
4675,50,11,20230619,28,1
4676,229,2,20220713,97,1
4677,86,7,20210418,15,2
4678,153,6,20231211,4,2
4679,137,8,20210528,43,3
4680,201,9,20230509,34,2
4681,181,9,20230109,95,4
4682,233,12,20211125,33,1
4683,13,12,20220425,85,5
4684,37,6,20210309,45,5
4685,144,10,20240223,10,4
4686,30,5,20220428,38,3
4687,33,9,20230714,15,5
4688,124,11,20210720,87,1
4689,25,7,20221004,59,2
4690,93,3,20221201,54,2
4691,213,14,20230807,93,1
4692,184,5,20210312,79,4
4693,13,7,20220214,45,4
4694,14,13,20240320,82,2
4695,18,11,20220825,57,3
4696,111,2,20240902,24,4
4697,60,14,20220717,30,3
4698,162,6,20211212,55,4
4699,212,11,20230221,55,4
4700,75,3,20230911,80,1
4701,123,13,20231008,48,1
4702,97,5,20211028,23,5
4703,62,6,20210825,45,1
4704,134,8,20210108,52,3
4705,164,3,20230716,72,3
4706,199,3,20230418,68,5
4707,74,8,20210704,44,3
4708,28,2,20240216,5,1
4709,171,5,20241004,87,5
4710,107,10,20231217,82,4
4711,42,6,20210817,97,2
4712,236,11,20220809,41,5
4713,237,2,20220924,99,2
4714,150,1,20231212,75,5
4715,168,1,20230223,84,2
4716,115,8,20230305,65,4
4717,112,11,20220320,11,1
4718,199,4,20231010,8,2
4719,125,12,20210928,37,4
4720,158,1,20231212,30,1
4721,101,1,20240426,93,4
4722,20,5,20220308,75,1
4723,128,3,20210928,22,4
4724,131,9,20210712,45,5
4725,221,9,20230905,22,2
4726,70,3,20240418,88,2
4727,185,4,20220110,62,5
4728,86,12,20240509,66,4
4729,87,3,20210111,20,2
4730,230,14,20240918,7,5
4731,136,10,20220208,33,4
4732,203,1,20240303,39,4
4733,191,4,20221209,9,5
4734,172,4,20231018,96,3
4735,115,13,20220506,14,3
4736,125,9,20220606,53,4
4737,47,6,20241219,88,5
4738,168,14,20230807,31,1
4739,75,9,20240103,70,4
4740,7,6,20220817,13,1
4741,115,12,20231205,48,5
4742,200,14,20240218,60,1
4743,211,12,20230126,27,1
4744,246,5,20220308,94,2
4745,52,13,20230101,97,5
4746,49,5,20240404,46,3
4747,187,12,20210908,34,4
4748,39,8,20221220,74,4
4749,126,4,20240226,18,2
4750,7,12,20211205,98,2
4751,73,6,20231123,88,1
4752,75,10,20230617,58,3
4753,232,2,20241117,10,4
4754,29,7,20220806,76,2
4755,96,14,20240712,0,4
4756,231,10,20220419,80,4
4757,51,11,20220802,33,2
4758,8,4,20231122,82,3
4759,221,11,20230422,34,2
4760,153,9,20240707,0,3
4761,69,7,20210512,47,5
4762,231,13,20230903,74,3
4763,1,5,20230822,13,1
4764,60,4,20241221,94,5
4765,68,11,20230326,90,4
4766,243,14,20210124,0,5
4767,12,12,20220511,14,5
4768,181,6,20210707,25,5
4769,130,5,20241222,23,1
4770,37,10,20211124,35,1
4771,115,1,20211019,65,3
4772,90,10,20230401,64,4
4773,91,8,20210528,86,5
4774,110,7,20230927,59,2
4775,54,9,20241203,19,2
4776,51,9,20240403,0,4
4777,11,2,20220919,24,3
4778,38,10,20230811,27,3
4779,233,4,20210709,54,3
4780,68,7,20230905,31,5
4781,189,1,20211226,3,1
4782,64,14,20230626,80,4
4783,90,9,20221221,32,5
4784,130,14,20241009,9,3
4785,211,14,20231224,76,3
4786,230,5,20220314,16,2
4787,114,3,20231224,57,2
4788,144,10,20220916,65,4
4789,33,2,20240106,36,1
4790,84,1,20220424,7,5
4791,13,11,20221228,27,4
4792,215,11,20231109,47,3
4793,135,5,20220304,74,2
4794,101,3,20211223,4,4
4795,99,12,20240922,13,5
4796,234,12,20240604,56,1
4797,130,3,20210320,28,4
4798,101,4,20210423,48,1
4799,179,5,20211117,78,5
4800,1,2,20210826,89,4
4801,79,8,20240916,64,1
4802,217,7,20240109,4,2
4803,3,7,20211116,98,3
4804,127,1,20220920,88,4
4805,70,8,20230803,38,3
4806,44,12,20231104,12,4
4807,107,11,20210101,69,3
4808,169,5,20240303,11,2
4809,197,11,20230403,8,4
4810,61,6,20210626,3,3
4811,216,1,20230626,63,3
4812,14,12,20210102,70,4
4813,126,12,20210820,14,1
4814,173,9,20210521,9,1
4815,90,11,20230522,54,1
4816,45,14,20241006,17,3
4817,72,4,20231118,81,4
4818,244,4,20240209,1,3
4819,74,7,20210518,58,2
4820,5,2,20241217,96,3
4821,215,2,20230504,85,3
4822,76,8,20240206,49,1
4823,228,4,20210626,98,4
4824,30,6,20210321,26,3
4825,236,14,20210928,19,2
4826,167,11,20230905,88,5
4827,144,14,20210212,41,4
4828,235,8,20211019,97,3
4829,182,7,20221109,93,3
4830,66,8,20240526,19,4
4831,61,8,20220324,8,4
4832,243,3,20240213,41,2
4833,2,3,20210109,7,3
4834,235,6,20241221,94,3
4835,120,1,20210508,69,4
4836,74,6,20230818,6,3
4837,172,9,20220803,33,3
4838,18,1,20220407,96,2
4839,238,1,20220306,90,4
4840,92,3,20241007,82,4
4841,82,11,20240601,45,2
4842,173,4,20230510,68,1
4843,157,4,20210406,44,3
4844,148,11,20211114,51,2
4845,16,6,20240609,61,3
4846,79,11,20240720,86,2
4847,70,8,20230412,10,4
4848,39,3,20220305,49,2
4849,58,2,20240815,35,3
4850,236,12,20230519,22,1
4851,127,4,20230122,0,2
4852,204,13,20230707,38,5
4853,88,7,20210122,76,1
4854,65,13,20220611,43,1
4855,173,14,20221104,5,1
4856,106,1,20220502,79,2
4857,34,9,20241022,60,5
4858,124,3,20210720,88,4
4859,189,12,20240324,63,2
4860,5,11,20240713,50,4
4861,96,10,20230301,26,2
4862,166,2,20231202,96,3
4863,212,9,20210120,68,2
4864,140,14,20220414,96,3
4865,136,2,20220628,52,3
4866,22,8,20231028,0,3
4867,162,10,20230903,11,4
4868,110,6,20240206,70,2
4869,11,8,20220617,51,4
4870,91,10,20211009,76,4
4871,176,2,20210926,0,5
4872,35,8,20240713,88,2
4873,28,14,20210820,56,3
4874,48,4,20220521,69,1
4875,228,14,20220815,94,1
4876,224,14,20220617,95,5
4877,139,9,20240725,91,5
4878,80,12,20240605,27,3
4879,197,1,20230923,70,3
4880,195,11,20220810,39,1
4881,28,7,20230713,52,3
4882,219,2,20220805,58,1
4883,71,2,20210722,99,1
4884,212,10,20211008,40,2
4885,221,2,20230709,76,1
4886,9,13,20220720,26,4
4887,161,8,20210209,15,5
4888,240,5,20221205,12,2
4889,211,10,20240127,18,2
4890,106,7,20230809,73,3
4891,115,12,20240207,96,2
4892,229,11,20240112,74,3
4893,181,2,20240123,80,4
4894,163,3,20241201,66,3
4895,65,14,20210608,29,5
4896,40,11,20241016,84,4
4897,144,14,20241201,3,3
4898,217,4,20210807,11,5
4899,189,2,20210222,17,4
4900,145,4,20220705,66,3
4901,97,11,20230822,90,4
4902,142,8,20240821,28,1
4903,4,7,20230707,71,2
4904,219,2,20220115,77,1
4905,31,1,20210905,28,5
4906,63,8,20240505,42,1
4907,38,2,20211223,68,2
4908,170,3,20220415,67,3
4909,234,14,20211111,87,3
4910,144,5,20220915,87,3
4911,180,1,20240312,30,1
4912,110,12,20241112,3,1
4913,210,11,20220326,76,3
4914,50,3,20230905,47,4
4915,201,8,20230515,14,3
4916,29,2,20231019,55,5
4917,152,10,20241106,63,5
4918,196,9,20240127,25,3
4919,143,9,20240327,40,4
4920,211,13,20240415,23,2
4921,230,10,20210202,27,4
4922,170,3,20221211,33,2
4923,168,2,20230608,95,4
4924,25,4,20210618,78,1
4925,40,9,20230116,65,5
4926,65,4,20240524,60,4
4927,149,14,20230823,26,4
4928,170,6,20230704,0,2
4929,180,12,20241212,35,4
4930,6,2,20240719,4,3
4931,250,10,20211224,67,3
4932,155,8,20240921,97,2
4933,174,13,20210325,67,5
4934,129,6,20211022,33,3
4935,97,12,20210518,72,1
4936,10,8,20240416,96,3
4937,13,4,20241125,24,1
4938,227,8,20230226,82,4
4939,233,4,20230805,90,2
4940,130,13,20230627,72,2
4941,227,9,20220815,79,5
4942,67,7,20210620,32,3
4943,164,1,20221006,16,4
4944,25,1,20230908,78,4
4945,35,1,20230606,66,2
4946,239,14,20230508,33,5
4947,164,5,20230804,70,3
4948,90,1,20220919,47,4
4949,73,13,20240312,8,4
4950,148,10,20230701,91,2
4951,163,10,20231204,44,2
4952,47,8,20220916,80,3
4953,145,2,20211122,10,3
4954,11,4,20221204,28,3
4955,11,2,20231126,26,5
4956,148,2,20240702,14,1
4957,9,2,20231005,53,5
4958,33,4,20230412,66,4
4959,99,8,20240614,42,2
4960,112,9,20211020,6,1
4961,168,9,20241013,32,1
4962,85,7,20241127,18,1
4963,195,10,20241219,32,4
4964,42,2,20221225,32,3
4965,213,8,20221005,9,2
4966,83,7,20241005,94,1
4967,193,5,20211106,51,5
4968,85,4,20210510,81,2
4969,238,13,20241123,92,4
4970,244,7,20230808,34,3
4971,81,5,20210728,19,2
4972,87,3,20240720,57,1
4973,31,11,20220615,32,2
4974,250,11,20240813,18,4
4975,144,3,20220828,11,5
4976,213,13,20210212,18,5
4977,118,5,20230321,0,1
4978,183,4,20230813,90,2
4979,79,7,20240518,75,5
4980,209,10,20240215,33,4
4981,51,11,20241027,28,3
4982,210,14,20210903,98,4
4983,99,2,20210614,96,3
4984,27,10,20210406,44,2
4985,82,14,20210409,44,2
4986,16,13,20240704,8,4
4987,243,10,20240422,52,5
4988,5,6,20210111,39,1
4989,39,7,20220802,83,3
4990,110,2,20240202,28,4
4991,97,14,20230218,29,5
4992,213,10,20211209,97,4
4993,200,7,20211122,67,2
4994,98,9,20210815,45,4
4995,210,12,20220319,10,4
4996,57,7,20230410,44,2
4997,7,2,20220613,78,2
4998,82,13,20240322,48,4
4999,225,12,20211116,19,2
5000,76,8,20230124,70,1
5001,26,7,20230201,8,4
5002,34,10,20221105,40,4
5003,83,2,20220912,47,3
5004,195,1,20220425,38,4
5005,159,1,20210815,37,3
5006,61,5,20231208,76,3
5007,202,3,20220111,78,3
5008,116,7,20220318,73,2
5009,69,13,20220901,3,5
5010,248,1,20230316,11,3
5011,66,6,20230528,30,3
5012,154,9,20240804,75,1
5013,249,6,20231014,9,3
5014,129,12,20240314,20,4
5015,111,13,20220404,14,1
5016,53,6,20230803,53,5
5017,66,1,20240621,68,2
5018,89,6,20240217,89,1
5019,208,13,20240305,77,1
5020,86,2,20230726,62,1
5021,20,8,20230626,67,2
5022,127,10,20210815,88,4
5023,105,4,20231203,28,4
5024,137,6,20211203,31,3
5025,148,9,20231216,87,4
5026,26,14,20220916,51,4
5027,60,13,20220628,97,2
5028,183,4,20220318,51,5
5029,243,2,20210526,32,5
5030,120,9,20210927,90,5
5031,11,13,20240518,94,3
5032,32,6,20241115,13,5
5033,161,10,20220901,59,5
5034,241,6,20211104,34,5
5035,32,5,20240904,64,5
5036,127,8,20230826,93,1
5037,130,1,20210713,41,4
5038,162,12,20210501,29,3
5039,180,9,20240216,81,2
5040,167,10,20240417,19,4
5041,67,3,20240701,21,2
5042,123,10,20220325,91,4
5043,90,14,20230424,74,2
5044,97,14,20220408,34,2
5045,247,6,20211225,97,2
5046,32,13,20230116,53,5
5047,128,12,20240711,3,5
5048,178,9,20210622,87,3
5049,202,6,20220825,79,5
5050,42,4,20241219,56,1
5051,214,5,20210402,41,1
5052,169,7,20220711,95,5
5053,6,5,20211207,83,5
5054,22,5,20220501,86,3
5055,115,14,20220622,75,2
5056,150,2,20220328,62,4
5057,23,9,20220426,3,4
5058,3,4,20240207,16,4
5059,237,2,20230111,63,4
5060,90,4,20230924,33,5
5061,102,14,20220702,81,4
5062,91,8,20210522,16,3
5063,121,12,20230408,83,1
5064,19,13,20210125,77,1
5065,6,7,20210809,56,5
5066,120,10,20240920,33,5
5067,244,9,20220718,40,4
5068,38,6,20220222,8,4
5069,109,7,20230707,89,5
5070,249,2,20210120,46,4
5071,72,4,20220405,25,2
5072,34,14,20240412,87,1
5073,15,3,20240706,95,2
5074,49,12,20210205,19,3
5075,126,10,20220809,15,2
5076,77,7,20240602,31,1
5077,244,3,20240211,79,5
5078,86,4,20230911,29,2
5079,20,1,20230218,68,5
5080,27,6,20221122,88,5
5081,210,8,20240526,23,3
5082,12,3,20221207,29,3
5083,123,12,20240815,68,4
5084,188,8,20230405,62,2
5085,7,7,20230218,57,5
5086,193,1,20240313,62,4
5087,232,12,20241116,24,3
5088,183,8,20220414,88,5
5089,104,10,20240118,3,3
5090,128,11,20231223,83,5
5091,56,4,20230319,46,4
5092,117,2,20230310,63,3
5093,164,6,20240209,12,3
5094,18,4,20241103,76,1
5095,26,4,20230507,78,5
5096,30,8,20231016,30,1
5097,191,10,20230122,60,4
5098,213,11,20220615,32,1
5099,99,11,20221124,82,3
5100,105,6,20231021,89,1
5101,103,1,20221108,77,1
5102,26,12,20240401,33,2
5103,202,12,20240927,40,1
5104,100,13,20240423,40,3
5105,8,8,20240925,37,2
5106,172,7,20221223,22,2
5107,43,12,20210705,9,5
5108,27,7,20231121,62,3
5109,244,10,20210504,96,4
5110,177,1,20221027,73,5
5111,230,8,20220113,92,1
5112,187,9,20220708,28,5
5113,249,7,20210619,77,4
5114,161,4,20210420,98,3
5115,175,8,20241015,36,3
5116,116,12,20240825,14,3
5117,94,9,20220518,88,4
5118,130,11,20240209,65,5
5119,40,1,20210201,0,5
5120,248,3,20240622,56,5
5121,76,3,20221016,46,5
5122,50,12,20241103,65,4
5123,101,4,20240228,47,5
5124,213,3,20210212,28,2
5125,206,9,20211128,88,5
5126,246,6,20210909,10,1
5127,140,7,20210923,69,2
5128,126,13,20241120,4,2
5129,82,8,20240203,0,2
5130,230,12,20220516,70,4
5131,102,2,20231114,62,3
5132,105,10,20221012,86,2
5133,239,3,20221218,89,1
5134,83,3,20241218,42,4
5135,238,7,20210823,40,4
5136,125,1,20210523,55,3
5137,60,6,20231226,76,1
5138,214,3,20220607,74,1
5139,190,1,20240721,81,4
5140,77,14,20230627,4,5
5141,20,8,20230609,14,4
5142,172,8,20240201,14,5
5143,159,3,20210913,70,4
5144,104,12,20230620,79,3
5145,193,7,20221024,38,3
5146,203,12,20210118,81,4
5147,174,7,20231024,57,2
5148,145,1,20221102,80,5
5149,140,11,20230212,7,1
5150,138,3,20230920,58,5
5151,37,11,20210720,40,2
5152,244,10,20230911,6,3
5153,133,13,20211026,66,3
5154,232,7,20220826,82,5
5155,32,4,20210425,33,4
5156,169,5,20230527,19,2
5157,156,9,20220623,40,5
5158,34,7,20210627,93,4
5159,186,8,20220707,31,1
5160,137,4,20240311,25,1
5161,115,4,20230507,60,5
5162,166,1,20231112,0,5
5163,99,14,20240705,82,3
5164,233,11,20240512,97,1
5165,190,3,20210322,15,2
5166,148,12,20210205,81,1
5167,173,8,20220421,23,4
5168,245,6,20210207,5,4
5169,91,1,20221114,91,2
5170,154,10,20210511,38,3
5171,101,7,20221025,37,5
5172,136,12,20220806,31,5
5173,235,1,20211012,2,1
5174,233,3,20230501,44,3
5175,182,4,20210214,37,5
5176,171,1,20221022,51,5
5177,200,4,20210612,87,5
5178,47,4,20230917,94,5
5179,144,6,20241212,16,2
5180,213,14,20210417,81,3
5181,170,8,20230703,94,4
5182,157,8,20240411,68,5
5183,41,11,20240111,64,1
5184,90,1,20230213,90,4
5185,147,13,20230308,24,1
5186,113,2,20230602,15,3
5187,72,3,20221008,61,4
5188,152,3,20220509,48,4
5189,14,6,20210108,52,5
5190,210,3,20220922,34,3
5191,230,3,20220624,46,1
5192,120,8,20240816,83,4
5193,81,1,20241102,90,5
5194,44,7,20210201,88,2
5195,180,7,20220922,92,3
5196,79,14,20220303,63,4
5197,219,1,20211022,95,4
5198,229,2,20240822,59,1
5199,47,12,20241204,64,4
5200,45,10,20210520,4,1
5201,7,1,20210817,42,4
5202,7,13,20230426,33,4
5203,107,13,20210316,54,1
5204,39,6,20210313,38,3
5205,136,10,20240823,72,4
5206,158,8,20210505,93,2
5207,32,5,20220409,7,2
5208,67,10,20210219,49,3
5209,114,11,20210223,33,3
5210,129,3,20210219,72,4
5211,23,10,20210222,70,1
5212,200,10,20241210,13,2
5213,120,4,20220824,11,2
5214,148,8,20240411,45,4
5215,67,6,20210802,65,5
5216,245,4,20240315,44,5
5217,186,8,20220722,26,3
5218,77,5,20240718,17,3
5219,199,13,20230426,12,2
5220,234,13,20230402,94,5
5221,24,11,20210204,83,5
5222,168,1,20221119,9,5
5223,181,10,20230626,65,4
5224,35,13,20221025,36,4
5225,84,5,20230115,78,5
5226,90,9,20231028,41,3
5227,5,13,20240310,79,3
5228,233,9,20210503,23,4
5229,218,10,20210826,94,3
5230,9,12,20221124,18,3
5231,221,12,20231109,85,4
5232,58,12,20231010,17,2
5233,112,9,20230901,92,5
5234,113,6,20231209,90,1
5235,179,5,20220719,70,3
5236,44,13,20230717,36,1
5237,189,1,20220227,78,4
5238,53,2,20220409,62,4
5239,244,2,20231127,75,3
5240,69,9,20230828,98,2
5241,58,6,20241006,71,5
5242,147,2,20211223,36,3
5243,9,13,20221203,0,1
5244,49,9,20240903,39,1
5245,181,11,20230524,17,5
5246,168,7,20230816,78,1
5247,193,13,20221119,54,2
5248,217,13,20230424,81,3
5249,199,3,20220928,38,2
5250,80,7,20220507,57,3
5251,197,3,20221120,39,5
5252,41,7,20240317,76,3
5253,136,2,20240125,5,2
5254,177,13,20241225,98,3
5255,172,14,20240712,7,2
5256,147,7,20221209,89,3
5257,121,1,20230804,49,3
5258,93,4,20210825,45,1
5259,92,14,20211028,39,5
5260,108,13,20240708,34,2
5261,33,7,20240617,63,5
5262,232,6,20210324,65,4
5263,24,1,20210105,92,3
5264,35,2,20240715,71,2
5265,188,9,20220104,61,2
5266,156,12,20220806,42,2
5267,192,8,20210709,37,1
5268,214,3,20220616,15,4
5269,129,9,20211012,83,3
5270,85,10,20210906,61,5
5271,204,3,20220211,31,2
5272,208,5,20220924,79,4
5273,114,14,20241114,38,1
5274,9,5,20241003,42,1
5275,221,2,20230517,58,2
5276,40,3,20230827,74,2
5277,181,9,20221212,25,4
5278,9,9,20240510,76,2
5279,180,2,20230904,19,3
5280,225,2,20211009,14,2
5281,19,11,20230220,65,3
5282,184,4,20231219,79,3
5283,52,3,20231219,88,4
5284,31,12,20230709,95,2
5285,14,10,20230405,55,3
5286,210,11,20230724,17,5
5287,146,4,20210523,24,1
5288,151,3,20241028,83,4
5289,73,3,20230724,7,2
5290,36,5,20230503,35,4
5291,110,6,20221120,66,5
5292,240,11,20240919,71,4
5293,131,5,20240828,45,2
5294,193,7,20210823,99,5
5295,155,14,20211005,67,1
5296,250,3,20210901,71,1
5297,37,9,20241013,4,3
5298,250,6,20220505,94,4
5299,127,7,20220621,6,4
5300,14,4,20220224,52,5
5301,93,2,20210414,23,5
5302,194,6,20211225,21,5
5303,147,4,20210903,49,2
5304,45,8,20240706,23,1
5305,143,7,20220624,26,4
5306,4,1,20230921,97,1
5307,138,2,20220305,12,2
5308,197,13,20240907,0,3
5309,239,6,20240410,16,1
5310,39,13,20241022,49,2
5311,157,3,20240428,99,4
5312,42,11,20210612,30,5
5313,239,7,20231126,5,3
5314,242,6,20240403,59,4
5315,146,14,20240908,17,1
5316,104,13,20220221,3,1
5317,193,2,20240910,98,2
5318,56,8,20210614,79,4
5319,101,7,20241209,8,5
5320,137,1,20240917,1,4
5321,91,1,20220311,71,1
5322,7,14,20230704,6,2
5323,136,11,20220907,43,3
5324,36,12,20230909,50,2
5325,19,14,20220607,97,2
5326,66,13,20230615,33,5
5327,161,7,20240511,41,2
5328,40,10,20220807,86,3
5329,30,7,20211206,7,5
5330,3,5,20220609,40,4
5331,217,9,20211202,41,3
5332,128,11,20240127,38,2
5333,218,7,20210322,3,3
5334,68,3,20231125,66,4
5335,239,7,20241127,34,3
5336,64,9,20240704,89,2
5337,202,2,20230208,78,5
5338,100,12,20230619,56,5
5339,193,3,20230316,16,3
5340,72,11,20230815,14,3
5341,147,9,20240217,97,2
5342,210,12,20210720,66,5
5343,206,11,20241209,81,4
5344,217,3,20211205,73,4
5345,192,1,20240810,33,3
5346,153,9,20211118,94,3
5347,114,8,20241008,78,1
5348,218,8,20231018,33,3
5349,53,5,20210614,47,4
5350,147,1,20220921,66,4
5351,66,11,20220912,29,5
5352,230,7,20240724,37,3
5353,183,12,20240321,64,2
5354,103,3,20210621,57,4
5355,172,2,20230109,56,4
5356,196,5,20221221,82,3
5357,248,9,20220821,31,2
5358,125,7,20211125,32,1
5359,88,9,20210226,28,3
5360,132,9,20221003,3,2
5361,50,7,20231206,84,2
5362,53,6,20241109,47,5
5363,86,8,20241202,21,2
5364,117,12,20230610,7,1
5365,139,11,20210313,70,3
5366,97,8,20220824,70,3
5367,97,10,20210808,64,3
5368,141,11,20240204,32,3
5369,78,12,20210709,46,5
5370,63,2,20231203,29,1
5371,105,8,20211209,53,1
5372,84,12,20230407,97,1
5373,181,13,20230125,84,3
5374,180,5,20221009,54,2
5375,70,3,20230624,65,4
5376,76,5,20221002,71,5
5377,228,7,20230414,84,2
5378,187,8,20230605,13,5
5379,152,6,20211211,31,3
5380,147,10,20210904,36,3
5381,64,5,20230722,94,4
5382,100,8,20220528,52,2
5383,12,6,20230923,19,1
5384,217,12,20231123,98,5
5385,51,6,20210913,46,2
5386,194,2,20210527,47,4
5387,224,10,20220214,48,4
5388,109,11,20230311,20,1
5389,42,8,20240108,0,2
5390,59,13,20221212,83,2
5391,250,3,20210318,54,2
5392,51,10,20230904,62,1
5393,58,4,20211207,25,3
5394,244,7,20220706,71,4
5395,145,12,20240425,85,2
5396,236,4,20221128,28,1
5397,113,9,20210507,33,4
5398,117,7,20211218,16,2
5399,102,10,20210502,21,4
5400,218,10,20240609,58,3
5401,110,1,20211125,11,1
5402,117,9,20241020,93,2
5403,198,3,20230718,41,1
5404,215,13,20220909,38,3
5405,189,5,20220215,3,4
5406,99,5,20210816,69,5
5407,20,10,20230717,61,5
5408,231,5,20220403,90,3
5409,76,9,20220223,92,5
5410,105,1,20230707,56,2
5411,201,5,20210827,58,3
5412,117,8,20240916,88,4
5413,149,12,20230903,47,4
5414,218,10,20220813,48,3
5415,153,5,20240426,84,2
5416,153,2,20230508,94,1
5417,98,5,20210703,41,4
5418,164,8,20240123,72,2
5419,210,5,20220123,6,3
5420,134,10,20240208,37,2
5421,33,13,20210718,96,1
5422,13,14,20231017,83,2
5423,226,5,20210114,68,3
5424,189,7,20211220,53,4
5425,163,9,20221208,32,2
5426,159,13,20221018,1,1
5427,216,7,20210326,49,4
5428,150,5,20241127,43,3
5429,66,2,20230422,85,3
5430,146,14,20210701,82,5
5431,165,9,20231206,47,1
5432,86,4,20220326,18,4
5433,22,8,20240811,86,4
5434,102,2,20240102,17,3
5435,153,5,20230404,65,3
5436,174,1,20210406,31,5
5437,11,7,20210213,73,2
5438,188,3,20240907,78,3
5439,202,12,20240719,70,1
5440,79,9,20230805,82,5
5441,249,8,20230421,20,1
5442,154,5,20211225,6,4
5443,159,5,20230905,16,4
5444,188,14,20240620,20,3
5445,140,8,20221025,11,5
5446,176,7,20240415,27,4
5447,211,10,20210127,41,5
5448,238,13,20221113,25,2
5449,34,10,20210502,18,2
5450,234,11,20240505,71,1
5451,248,2,20241003,87,1
5452,119,6,20240518,15,3
5453,156,6,20210527,66,4
5454,55,8,20230807,90,3
5455,185,1,20230320,92,2
5456,171,10,20210225,33,4
5457,104,1,20220219,14,2
5458,66,9,20210324,33,4
5459,124,7,20220825,11,4
5460,76,1,20220511,53,4
5461,66,5,20231128,66,2
5462,125,5,20240220,2,4
5463,250,11,20230317,42,5
5464,189,3,20230613,28,5
5465,122,10,20231109,70,5
5466,2,12,20210613,93,5
5467,209,6,20230417,75,5
5468,207,1,20211212,35,2
5469,165,7,20221201,46,1
5470,127,6,20241016,25,5
5471,16,14,20231014,21,5
5472,64,2,20230403,99,5
5473,137,4,20241025,5,3
5474,144,12,20211215,35,2
5475,4,14,20240522,67,3
5476,173,14,20220820,32,2
5477,151,14,20210612,53,2
5478,75,11,20210916,5,2
5479,29,6,20240423,52,2
5480,101,1,20231028,90,1
5481,91,6,20240526,1,3
5482,108,9,20220717,28,3
5483,40,14,20220126,48,2
5484,105,2,20220808,5,2
5485,19,12,20210408,3,5
5486,179,12,20241102,48,1
5487,236,4,20210427,25,5
5488,104,2,20210121,55,4
5489,227,12,20210908,41,1
5490,156,7,20220905,57,4
5491,29,10,20230921,72,3
5492,94,10,20220622,94,1
5493,76,14,20220805,26,5
5494,150,11,20210819,88,3
5495,79,7,20211214,64,1
5496,120,14,20220711,26,1
5497,65,13,20240814,54,1
5498,26,3,20240508,88,3
5499,241,3,20220420,71,5
5500,105,4,20230711,68,4
5501,11,12,20221215,48,2
5502,116,8,20230927,74,5
5503,198,8,20211125,9,3
5504,188,9,20240926,49,2
5505,49,11,20240224,59,1
5506,238,9,20240508,41,5
5507,185,6,20240426,59,3
5508,107,12,20240915,10,3
5509,206,3,20230614,3,2
5510,63,13,20231102,95,4
5511,200,3,20220809,4,2
5512,239,5,20240128,59,5
5513,224,7,20240219,52,4
5514,151,8,20231007,88,4
5515,205,9,20240322,21,5
5516,50,7,20240905,91,2
5517,184,9,20240102,28,5
5518,36,7,20220309,41,2
5519,63,10,20220114,16,2
5520,182,6,20210513,36,3
5521,210,9,20221207,3,3
5522,7,9,20240816,64,1
5523,112,2,20240413,16,2
5524,45,10,20221027,49,5
5525,195,10,20220219,12,2
5526,233,12,20241203,45,4
5527,238,10,20240119,23,1
5528,90,6,20211019,78,4
5529,233,9,20210715,21,1
5530,247,12,20210223,43,2
5531,95,6,20230303,66,3
5532,100,7,20230319,35,5
5533,234,1,20230119,97,2
5534,226,1,20220421,99,1
5535,219,10,20231224,19,4
5536,42,2,20240708,41,4
5537,204,10,20230516,30,2
5538,65,14,20230821,75,4
5539,58,9,20210515,82,5
5540,17,7,20240416,59,3
5541,45,2,20220927,77,5
5542,84,11,20210912,78,5
5543,163,12,20241204,40,4
5544,174,1,20220804,31,4
5545,235,4,20220823,4,4
5546,183,11,20231019,26,1
5547,54,1,20220903,60,4
5548,46,6,20210617,94,4
5549,184,12,20230516,20,3
5550,79,4,20240424,6,5
5551,139,14,20230318,61,5
5552,229,9,20220906,34,3
5553,234,12,20210922,57,2
5554,112,6,20220105,71,1
5555,148,14,20210608,91,4
5556,230,14,20220803,4,3
5557,114,14,20231004,17,5
5558,12,11,20210302,0,1
5559,223,2,20210912,18,3
5560,237,8,20230223,54,1
5561,143,14,20210323,73,4
5562,224,13,20210116,69,4
5563,133,3,20230210,36,4
5564,65,2,20240422,67,1
5565,145,6,20230206,45,1
5566,13,2,20221210,76,1
5567,240,14,20220922,52,3
5568,38,9,20211024,13,4
5569,67,3,20210316,43,1
5570,103,9,20210606,9,4
5571,224,2,20230602,0,1
5572,178,8,20210815,27,5
5573,174,14,20240504,8,2
5574,19,13,20241105,78,4
5575,41,12,20240405,26,2
5576,51,9,20220903,16,2
5577,39,12,20221225,73,5
5578,46,7,20240910,74,3
5579,198,7,20231225,84,5
5580,195,7,20230628,6,2
5581,81,1,20210606,32,4
5582,90,6,20220708,68,3
5583,86,5,20221218,70,5
5584,174,10,20220721,56,3
5585,111,8,20241213,56,5
5586,3,1,20220302,33,4
5587,45,5,20230717,96,3
5588,233,14,20221215,58,5
5589,207,1,20240108,36,2
5590,19,6,20230913,57,5
5591,35,6,20231125,57,1
5592,57,7,20220925,87,4
5593,109,1,20240625,59,5
5594,205,1,20240909,45,2
5595,96,2,20221220,54,1
5596,87,7,20211014,17,3
5597,238,2,20241015,8,4
5598,96,1,20220406,21,4
5599,33,4,20210824,35,3
5600,163,10,20210522,62,4
5601,148,13,20221218,27,2
5602,1,13,20210209,83,3
5603,235,2,20230525,12,4
5604,93,1,20240605,78,3
5605,112,6,20211019,31,2
5606,215,10,20240601,98,3
5607,21,3,20240104,63,1
5608,28,13,20240712,98,5
5609,147,14,20241210,50,4
5610,56,9,20221102,4,4
5611,57,6,20240128,5,1
5612,218,14,20230711,49,4
5613,176,12,20241214,80,2
5614,238,12,20240117,94,5
5615,109,1,20240509,30,2
5616,161,2,20221003,33,1
5617,57,11,20210625,99,4
5618,122,4,20230923,53,4
5619,8,12,20211001,80,4
5620,135,3,20240312,48,4
5621,84,11,20210117,30,2
5622,58,13,20240507,23,1
5623,202,6,20230624,25,3
5624,48,12,20240627,1,3
5625,225,2,20240703,6,1
5626,186,3,20221108,80,4
5627,22,8,20241101,67,4
5628,152,1,20210428,97,4
5629,239,11,20240308,17,5
5630,219,5,20230218,13,1
5631,239,1,20210217,44,1
5632,210,2,20240125,20,5
5633,182,7,20241102,80,2
5634,177,14,20220513,70,2
5635,58,4,20241225,77,3
5636,91,9,20220625,34,2
5637,199,5,20240828,65,4
5638,64,10,20220515,76,3
5639,158,3,20230117,1,1
5640,20,9,20221207,77,1
5641,1,2,20230422,54,3
5642,213,8,20241106,29,3
5643,32,7,20230701,64,1
5644,36,5,20220607,88,5
5645,94,14,20210618,18,5
5646,118,10,20240614,9,3
5647,238,14,20240725,71,3
5648,206,4,20240507,70,2
5649,13,7,20211209,78,4
5650,242,12,20240804,33,3
5651,142,13,20210101,81,4
5652,99,10,20240325,67,1
5653,24,3,20221027,6,3
5654,8,4,20231011,3,3
5655,78,4,20231214,77,4
5656,152,12,20240208,53,5
5657,1,5,20241010,48,2
5658,74,13,20221202,55,2
5659,38,7,20210309,57,5
5660,55,8,20210406,34,4
5661,201,11,20210822,74,5
5662,34,14,20210323,49,5
5663,202,13,20220724,66,3
5664,158,13,20231119,65,3
5665,138,13,20240223,55,3
5666,143,1,20230908,32,1
5667,49,4,20220403,86,1
5668,27,14,20230723,14,3
5669,231,12,20230511,56,1
5670,32,10,20221210,17,2
5671,165,13,20240708,19,5
5672,192,9,20240107,55,1
5673,182,13,20240105,20,1
5674,163,11,20211020,67,2
5675,62,11,20240512,21,2
5676,183,1,20230918,10,5
5677,44,1,20210311,2,4
5678,250,1,20210614,58,2
5679,56,1,20211009,4,3
5680,173,9,20220210,15,5
5681,70,7,20210902,68,1
5682,188,5,20240627,20,1
5683,68,10,20210507,47,5
5684,45,10,20210720,45,3
5685,133,11,20210602,8,1
5686,125,4,20220415,20,4
5687,26,12,20231110,90,4
5688,94,10,20221004,68,4
5689,57,2,20230608,26,2
5690,88,11,20230412,23,5
5691,68,5,20230408,62,5
5692,29,13,20241202,35,5
5693,152,8,20210428,32,3
5694,53,12,20220425,14,4
5695,1,3,20230307,11,5
5696,88,12,20240311,36,5
5697,131,6,20231110,30,3
5698,174,11,20240504,96,4
5699,208,4,20240210,3,3
5700,246,7,20240127,82,2
5701,186,4,20241102,81,1
5702,147,8,20240309,16,1
5703,197,10,20211110,92,2
5704,250,4,20231007,85,4
5705,178,9,20240511,72,4
5706,117,10,20241121,56,2
5707,14,1,20231019,34,4
5708,227,13,20210503,31,4
5709,228,2,20230406,33,3
5710,211,13,20230812,93,3
5711,142,9,20210612,15,4
5712,73,1,20230925,61,2
5713,125,2,20240407,50,4
5714,148,1,20211122,57,5
5715,188,2,20220519,70,1
5716,87,5,20240212,36,2
5717,193,10,20241202,22,1
5718,155,4,20221114,52,1
5719,249,13,20231024,40,2
5720,210,3,20230202,20,2
5721,193,8,20230219,13,2
5722,181,1,20240624,94,1
5723,23,11,20211214,86,2
5724,52,7,20211207,9,2
5725,13,7,20210909,9,2
5726,79,2,20241209,45,2
5727,103,1,20220418,34,4
5728,152,10,20230608,31,3
5729,179,11,20240610,68,2
5730,102,14,20230612,25,5
5731,179,4,20211228,63,5
5732,28,7,20210115,26,4
5733,164,9,20211202,94,5
5734,43,4,20230124,79,2
5735,219,12,20240505,77,1
5736,25,9,20210310,74,3
5737,115,6,20240821,1,2
5738,92,2,20210508,14,4
5739,240,3,20230921,54,3
5740,121,4,20220124,67,1
5741,149,13,20240127,16,4
5742,38,7,20230827,14,3
5743,89,4,20240301,74,5
5744,241,9,20220802,93,3
5745,33,7,20241022,66,4
5746,110,1,20210808,0,3
5747,162,10,20220925,95,5
5748,40,5,20230601,16,4
5749,192,2,20230220,9,1
5750,124,2,20230306,31,3
5751,90,13,20240401,23,1
5752,23,11,20220903,3,5
5753,135,1,20220503,76,1
5754,15,14,20220312,78,5
5755,225,9,20210102,45,2
5756,191,7,20220306,21,1
5757,221,13,20230725,81,2
5758,39,10,20240813,70,4
5759,40,5,20210924,71,2
5760,151,7,20220125,3,1
5761,225,8,20231022,14,5
5762,63,8,20230824,0,3
5763,75,4,20230207,21,2
5764,104,6,20230706,94,5
5765,103,12,20220927,99,3
5766,22,4,20210614,47,1
5767,40,2,20210518,55,4
5768,78,2,20241111,59,3
5769,106,10,20231011,52,1
5770,69,12,20240128,56,3
5771,78,3,20210611,45,2
5772,23,12,20241017,35,4
5773,57,2,20230317,64,5
5774,99,6,20230406,39,3
5775,160,4,20220506,20,3
5776,22,9,20230508,71,3
5777,229,8,20240922,64,3
5778,247,8,20240825,54,5
5779,82,3,20220402,79,3
5780,247,5,20240305,98,5
5781,235,11,20210305,69,5
5782,116,1,20220718,11,3
5783,101,10,20210701,73,3
5784,247,4,20220716,80,5
5785,67,11,20220213,53,1
5786,45,13,20210304,83,4
5787,140,3,20240205,59,5
5788,235,1,20210714,64,4
5789,3,9,20240818,55,1
5790,105,14,20220119,12,1
5791,58,9,20220608,61,2
5792,11,5,20220402,33,3
5793,118,1,20240220,3,1
5794,67,7,20220427,1,5
5795,51,13,20230806,93,2
5796,110,4,20210105,29,2
5797,134,12,20220627,91,5
5798,55,4,20240201,35,3
5799,141,11,20240410,40,3
5800,237,12,20221016,34,5
5801,198,4,20210813,84,3
5802,194,10,20210322,79,2
5803,59,13,20211204,98,1
5804,207,12,20230618,63,1
5805,48,1,20240427,5,1
5806,122,12,20220626,88,1
5807,125,8,20231027,0,2
5808,33,5,20231113,97,5
5809,133,9,20210901,80,1
5810,96,7,20241028,60,3
5811,153,10,20241126,87,4
5812,124,5,20240519,24,3
5813,183,12,20230514,28,1
5814,22,10,20220219,24,2
5815,210,4,20210704,65,1
5816,219,12,20220506,42,5
5817,4,10,20220111,45,4
5818,180,3,20210512,30,1
5819,249,2,20220520,30,3
5820,43,9,20240626,59,5
5821,244,10,20231010,51,2
5822,29,6,20230526,65,1
5823,239,13,20240714,12,4
5824,23,14,20221223,71,5
5825,20,4,20230627,94,1
5826,22,5,20240313,85,5
5827,11,12,20241022,79,1
5828,64,8,20210328,4,4
5829,91,7,20220224,9,2
5830,100,10,20221102,72,5
5831,199,10,20241001,24,1
5832,48,12,20220303,70,5
5833,6,11,20240924,49,1
5834,5,5,20230920,88,4
5835,150,14,20231219,15,4
5836,5,11,20230722,69,2
5837,95,14,20230418,74,3
5838,193,5,20240123,88,1
5839,140,11,20230524,75,4
5840,182,9,20231002,44,5
5841,43,9,20211119,57,4
5842,224,13,20240821,40,2
5843,163,1,20210624,14,1
5844,57,12,20221125,51,2
5845,117,13,20240120,27,1
5846,188,3,20230806,20,3
5847,40,14,20230228,24,2
5848,172,10,20230511,57,3
5849,86,6,20220402,92,3
5850,26,11,20240602,31,1
5851,148,7,20220221,45,3
5852,23,13,20210309,30,5
5853,59,4,20230609,67,3
5854,106,8,20230712,86,3
5855,231,7,20240614,62,5
5856,177,7,20241210,98,1
5857,213,3,20241123,34,4
5858,133,7,20240815,33,5
5859,104,5,20211022,9,1
5860,207,3,20231011,68,2
5861,186,5,20210624,18,3
5862,205,6,20230913,5,3
5863,37,1,20210818,19,5
5864,71,11,20220513,17,4
5865,171,4,20230215,7,5
5866,87,9,20220815,62,3
5867,80,8,20240720,6,3
5868,187,6,20240417,20,3
5869,117,1,20211216,1,5
5870,226,12,20211223,12,4
5871,129,1,20220208,22,3
5872,83,8,20231012,44,3
5873,82,5,20221228,58,3
5874,201,5,20221212,30,5
5875,56,2,20220823,4,3
5876,184,6,20230601,38,4
5877,129,13,20210625,17,2
5878,150,5,20210621,13,1
5879,178,2,20210210,35,2
5880,176,13,20210514,43,3
5881,139,14,20210107,85,3
5882,227,5,20221223,3,3
5883,205,4,20220825,36,4
5884,142,7,20210422,9,1
5885,76,1,20221001,48,2
5886,226,13,20220625,18,2
5887,91,9,20210311,29,3
5888,60,5,20210126,33,2
5889,227,1,20210419,58,3
5890,132,3,20230921,13,2
5891,18,7,20230814,38,5
5892,90,10,20230201,47,5
5893,80,4,20230716,31,2
5894,30,10,20230818,5,3
5895,192,7,20230703,35,5
5896,244,6,20230407,77,2
5897,128,2,20210904,5,2
5898,222,1,20210912,88,1
5899,132,6,20230306,99,5
5900,130,9,20231008,55,3
5901,33,3,20241102,25,3
5902,193,5,20210905,1,4
5903,160,11,20220420,17,2
5904,239,6,20210418,68,5
5905,188,12,20221126,66,2
5906,56,10,20220904,42,5
5907,187,2,20221216,80,5
5908,5,1,20210114,96,1
5909,85,5,20221122,77,3
5910,15,13,20221216,19,4
5911,99,13,20231007,54,2
5912,246,11,20210215,36,1
5913,170,8,20240618,95,1
5914,11,8,20241126,95,4
5915,75,1,20210921,3,5
5916,168,2,20210612,37,5
5917,111,13,20240812,19,4
5918,203,6,20231117,67,3
5919,111,7,20230602,15,2
5920,60,10,20220313,21,3
5921,135,1,20231218,93,2
5922,233,9,20210627,62,2
5923,218,14,20231003,3,4
5924,96,6,20240722,57,1
5925,43,14,20220327,48,5
5926,225,7,20210125,30,1
5927,41,8,20220524,67,1
5928,40,12,20210109,77,1
5929,41,2,20230311,47,5
5930,186,8,20240413,37,5
5931,139,6,20220410,2,1
5932,22,2,20240607,18,4
5933,243,12,20240210,39,4
5934,31,6,20240820,10,5
5935,154,11,20230425,75,5
5936,4,6,20230616,18,2
5937,12,1,20241115,96,2
5938,74,14,20241207,92,1
5939,107,1,20241009,85,5
5940,41,7,20211210,19,3
5941,114,10,20240627,11,4
5942,90,2,20211126,47,5
5943,105,2,20230709,35,2
5944,52,9,20240210,33,5
5945,25,11,20230415,89,2
5946,201,9,20230910,8,4
5947,34,2,20240618,99,4
5948,46,2,20210817,56,5
5949,229,3,20231208,63,5
5950,1,12,20230802,87,1
5951,77,2,20240102,42,1
5952,163,10,20210712,25,1
5953,40,7,20240807,56,3
5954,205,13,20221015,50,2
5955,187,10,20230917,10,1
5956,94,9,20240926,57,3
5957,101,4,20241110,92,1
5958,62,1,20220705,17,3
5959,109,4,20220519,89,4
5960,23,4,20210219,71,4
5961,207,7,20220909,88,5
5962,111,7,20211109,44,3
5963,133,10,20220711,71,3
5964,155,3,20220905,17,2
5965,7,10,20241210,20,3
5966,197,6,20241022,79,2
5967,209,2,20230921,71,1
5968,73,1,20241216,19,2
5969,75,3,20220514,59,3
5970,104,4,20220626,30,5
5971,42,7,20221220,0,1
5972,50,9,20210617,46,4
5973,75,8,20211213,81,3
5974,175,10,20231211,10,5
5975,29,10,20221109,33,1
5976,15,13,20210204,33,4
5977,109,7,20240207,90,4
5978,95,14,20231228,68,5
5979,13,2,20240302,76,1
5980,232,5,20230404,49,2
5981,235,1,20221023,62,3
5982,73,9,20240318,70,2
5983,195,3,20230522,69,1
5984,63,7,20230215,62,4
5985,3,14,20211205,3,5
5986,203,14,20231216,93,3
5987,56,5,20210817,98,4
5988,241,5,20241214,5,1
5989,107,2,20210121,39,5
5990,177,8,20241104,78,3
5991,241,13,20230701,60,5
5992,244,2,20220109,72,3
5993,122,13,20231127,49,5
5994,81,4,20241219,55,3
5995,9,14,20210501,73,4
5996,159,2,20220420,72,4
5997,44,3,20220623,6,3
5998,15,1,20210818,56,1
5999,138,13,20210127,47,1
6000,106,6,20220410,0,2
6001,106,12,20230509,29,3
6002,63,7,20210702,33,2
6003,57,3,20210626,15,4
6004,166,8,20231103,70,5
6005,249,1,20241022,8,3
6006,95,6,20240905,6,3
6007,72,2,20220209,25,1
6008,12,2,20230120,88,2
6009,75,3,20241103,63,3
6010,79,3,20210924,87,5
6011,13,9,20220102,11,2
6012,162,7,20231217,93,5
6013,123,14,20210504,17,1
6014,243,7,20240312,58,5
6015,27,4,20240810,47,4
6016,109,8,20221007,2,5
6017,100,5,20220728,40,5
6018,28,5,20230207,49,1
6019,243,13,20210326,78,4
6020,113,9,20210820,72,5
6021,2,4,20210510,81,1
6022,7,9,20210510,18,2
6023,227,8,20221222,39,5
6024,110,5,20210719,48,2
6025,243,6,20220227,40,4
6026,220,7,20220106,48,4
6027,236,2,20210517,26,1
6028,195,2,20230707,52,1
6029,123,13,20230605,27,5
6030,157,4,20221010,25,3
6031,235,8,20231103,31,2
6032,155,10,20230212,39,3
6033,7,10,20230901,73,1
6034,77,3,20220614,56,5
6035,159,10,20220510,59,3
6036,52,13,20220612,79,5
6037,119,1,20220409,8,1
6038,225,14,20220807,32,1
6039,70,3,20210315,59,4
6040,244,4,20230610,29,4
6041,191,13,20240603,83,1
6042,33,14,20211017,48,2
6043,180,8,20221115,77,2
6044,207,10,20210515,32,2
6045,99,4,20220102,76,5
6046,181,5,20231205,24,2
6047,213,7,20210826,34,2
6048,65,10,20210309,87,1
6049,161,8,20240409,94,1
6050,127,1,20240905,16,5
6051,80,8,20231128,85,3
6052,99,7,20220907,54,3
6053,221,13,20220510,58,1
6054,48,1,20230404,93,3
6055,185,9,20221115,79,1
6056,209,14,20210816,57,4
6057,200,6,20240428,66,4
6058,12,7,20211010,88,3
6059,210,5,20211020,89,2
6060,213,7,20211127,28,3
6061,12,3,20210326,52,2
6062,98,10,20231206,76,2
6063,202,6,20241104,52,1
6064,199,13,20211208,67,5
6065,104,7,20210415,29,3
6066,81,8,20220418,54,2
6067,200,6,20210313,66,5
6068,249,6,20210504,46,1
6069,124,8,20221009,66,1
6070,65,3,20210910,80,4
6071,156,5,20230106,12,4
6072,127,13,20220425,97,2
6073,119,6,20230804,36,5
6074,162,7,20230816,88,3
6075,129,12,20230509,20,2
6076,93,7,20220823,6,3
6077,50,6,20211114,25,3
6078,132,6,20220526,47,5
6079,184,7,20210211,84,2
6080,177,6,20210610,11,3
6081,113,5,20241105,55,3
6082,193,6,20210501,44,1
6083,205,9,20230907,32,2
6084,239,14,20241013,72,5
6085,63,3,20230301,29,1
6086,206,14,20230103,19,5
6087,171,6,20240227,29,5
6088,40,12,20220317,9,3
6089,75,6,20220806,94,3
6090,73,8,20210306,0,5
6091,229,6,20220921,90,3
6092,210,10,20220818,93,4
6093,67,7,20211020,5,4
6094,189,10,20210724,78,1
6095,93,5,20210727,60,4
6096,52,12,20220920,66,3
6097,112,2,20211010,31,2
6098,88,9,20211224,28,4
6099,73,5,20210528,56,2
6100,175,1,20210512,1,1
6101,216,6,20210403,4,1
6102,13,13,20240401,39,5
6103,132,13,20230527,73,3
6104,32,6,20231017,34,1
6105,128,8,20221116,75,2
6106,203,6,20241118,48,5
6107,180,12,20230817,96,1
6108,160,4,20210310,40,2
6109,86,5,20210815,75,5
6110,155,3,20210425,21,5
6111,78,5,20240904,28,5
6112,217,7,20220828,61,3
6113,238,8,20220502,68,3
6114,153,1,20241028,97,2
6115,141,14,20240616,89,3
6116,173,1,20210105,60,2
6117,166,1,20221016,69,4
6118,176,4,20240405,86,4
6119,235,3,20230726,89,1
6120,112,5,20240112,61,1
6121,234,14,20210824,83,1
6122,158,14,20240803,36,5
6123,206,9,20220221,59,3
6124,186,5,20230221,81,2
6125,173,11,20240516,63,3
6126,162,7,20230725,52,3
6127,203,12,20230404,85,1
6128,120,1,20210401,28,5
6129,143,12,20230801,77,4
6130,35,5,20210503,16,4
6131,151,14,20220922,4,5
6132,218,6,20221018,2,3
6133,113,10,20240319,15,5
6134,206,14,20211116,93,5
6135,250,13,20210922,26,5
6136,11,11,20230722,85,1
6137,78,6,20210824,25,2
6138,18,11,20220623,68,3
6139,32,12,20240919,52,2
6140,96,14,20240418,12,5
6141,24,11,20240608,28,2
6142,49,10,20231127,34,1
6143,27,14,20240925,88,5
6144,62,1,20210218,12,3
6145,234,9,20240326,14,4
6146,68,6,20240903,53,2
6147,59,9,20230720,17,4
6148,20,1,20230525,63,3
6149,157,11,20221219,16,4
6150,138,6,20230713,44,2
6151,102,12,20230625,13,5
6152,242,3,20220702,59,4
6153,23,14,20210202,14,4
6154,127,1,20220727,88,2
6155,45,5,20240914,65,2
6156,108,3,20230128,22,1
6157,148,4,20210507,85,2
6158,227,8,20231102,14,2
6159,189,7,20221113,78,3
6160,195,5,20220404,37,5
6161,43,1,20220726,76,3
6162,174,11,20220905,38,2
6163,97,1,20220325,88,3
6164,188,9,20220201,15,5
6165,211,1,20220121,86,2
6166,205,3,20220617,27,4
6167,121,14,20231228,54,4
6168,52,2,20211006,35,5
6169,229,6,20240307,12,5
6170,99,9,20230801,31,5
6171,105,9,20240120,81,3
6172,250,9,20210319,57,1
6173,132,10,20210120,56,3
6174,212,2,20220608,9,5
6175,70,11,20210226,19,4
6176,117,3,20240321,48,5
6177,52,12,20210608,88,2
6178,152,14,20230624,49,4
6179,54,6,20220914,91,3
6180,65,7,20210919,9,4
6181,165,10,20220723,87,3
6182,27,12,20241113,45,1
6183,156,11,20230904,89,5
6184,147,14,20220214,33,4
6185,250,2,20210526,36,5
6186,141,6,20220417,28,2
6187,139,4,20211126,42,3
6188,121,10,20230821,74,2
6189,154,12,20240223,44,2
6190,46,11,20221202,99,5
6191,108,12,20241110,28,3
6192,26,5,20220821,47,3
6193,207,2,20230209,64,2
6194,207,1,20220924,52,3
6195,190,14,20210924,9,5
6196,159,6,20231223,61,2
6197,226,9,20240122,10,4
6198,157,7,20230919,5,1
6199,194,4,20231025,27,2
6200,99,1,20241228,1,3
6201,219,14,20230611,41,5
6202,193,2,20220410,39,2
6203,131,7,20230123,18,3
6204,199,3,20211223,92,4
6205,22,6,20231219,93,3
6206,73,7,20220108,47,3
6207,125,14,20221026,11,5
6208,158,8,20210226,50,5
6209,209,11,20210304,39,1
6210,114,8,20210410,52,3
6211,238,1,20230328,53,2
6212,58,10,20221026,15,1
6213,224,12,20231108,34,4
6214,157,1,20230126,51,3
6215,76,10,20210122,96,3
6216,242,12,20220325,92,2
6217,215,3,20241026,69,5
6218,93,13,20230915,37,2
6219,19,12,20210909,73,3
6220,10,12,20231021,29,3
6221,135,5,20231205,31,5
6222,183,10,20210307,50,4
6223,48,3,20231025,52,4
6224,22,6,20230311,15,5
6225,159,9,20210604,35,5
6226,241,1,20240525,7,2
6227,216,4,20240711,94,2
6228,9,12,20230713,81,1
6229,17,1,20210416,63,5
6230,134,4,20230301,7,4
6231,138,10,20210328,95,4
6232,115,2,20210504,24,4
6233,208,14,20211228,10,2
6234,214,12,20210817,66,2
6235,62,2,20221219,54,2
6236,76,3,20211206,73,2
6237,178,3,20231025,98,5
6238,233,7,20211028,56,4
6239,38,1,20210405,50,5
6240,221,4,20241209,59,1
6241,245,8,20241118,33,2
6242,1,12,20221209,90,5
6243,60,4,20231007,35,1
6244,38,2,20220325,45,2
6245,87,11,20220611,43,3
6246,84,8,20210403,27,5
6247,62,10,20240102,30,3
6248,79,4,20240223,64,5
6249,136,4,20221226,68,3
6250,206,13,20240913,15,4
6251,72,14,20210104,15,2
6252,165,11,20210316,8,4
6253,5,9,20220626,13,2
6254,16,5,20240317,97,2
6255,230,6,20230914,39,5
6256,111,10,20231206,62,4
6257,20,11,20211116,17,1
6258,179,5,20210313,59,1
6259,64,3,20240403,63,1
6260,224,5,20240526,29,2
6261,185,6,20220415,75,4
6262,59,10,20210915,98,3
6263,209,7,20240902,96,1
6264,32,1,20231027,33,1
6265,109,5,20230106,53,4
6266,97,12,20230717,70,1
6267,6,11,20210706,41,3
6268,59,1,20240212,80,1
6269,63,14,20210402,31,4
6270,194,8,20230610,97,1
6271,40,6,20241108,54,5
6272,161,7,20231101,70,1
6273,208,1,20220904,43,3
6274,68,14,20230519,73,5
6275,152,10,20210519,63,5
6276,48,9,20220926,67,1
6277,229,1,20221210,40,4
6278,246,3,20210328,37,3
6279,37,8,20230322,79,2
6280,212,7,20220211,43,2
6281,233,10,20210925,10,4
6282,176,1,20210803,29,2
6283,154,12,20210126,2,3
6284,43,8,20240712,77,4
6285,25,11,20210614,7,3
6286,173,8,20220707,86,4
6287,14,3,20220410,34,3
6288,129,5,20220325,0,1
6289,74,7,20220213,82,5
6290,152,4,20240118,33,5
6291,63,4,20230803,1,2
6292,163,11,20220528,33,5
6293,233,5,20230904,40,1
6294,129,1,20230306,0,4
6295,213,2,20231028,92,1
6296,94,4,20230218,47,2
6297,226,12,20220810,27,4
6298,119,2,20240725,11,3
6299,158,5,20241112,93,1
6300,10,5,20231026,91,5
6301,194,5,20231106,64,5
6302,184,4,20240218,75,1
6303,88,7,20220224,65,2
6304,80,4,20210618,41,1
6305,49,12,20210423,7,1
6306,39,3,20230724,93,3
6307,112,13,20240816,22,3
6308,33,7,20210403,45,5
6309,61,7,20230302,76,1
6310,187,13,20230221,13,1
6311,236,5,20240504,82,3
6312,178,8,20241109,54,1
6313,136,14,20231122,26,3
6314,58,8,20210917,23,4
6315,184,11,20211026,17,5
6316,179,9,20220916,72,3
6317,242,12,20210614,43,1
6318,162,13,20240912,52,2
6319,48,2,20220609,29,2
6320,70,5,20210512,72,2
6321,154,3,20230203,95,3
6322,89,8,20210423,52,2
6323,185,10,20210710,50,2
6324,85,6,20211215,58,3
6325,41,4,20220815,62,2
6326,147,5,20220608,76,2
6327,54,11,20221107,14,4
6328,96,6,20210928,25,1
6329,173,12,20220607,36,3
6330,94,2,20240404,24,1
6331,172,4,20220511,68,4
6332,139,3,20220716,66,5
6333,123,7,20220601,13,3
6334,111,10,20220513,17,4
6335,136,6,20241215,73,3
6336,44,1,20220302,96,3
6337,4,13,20231206,35,5
6338,102,11,20210106,71,4
6339,208,4,20230826,78,2
6340,37,4,20240322,19,1
6341,233,8,20220614,22,1
6342,228,6,20210621,12,5
6343,131,3,20210911,75,5
6344,45,13,20231213,56,2
6345,57,5,20231210,0,3
6346,191,12,20211225,30,3
6347,30,9,20231123,87,3
6348,181,8,20230525,1,1
6349,144,13,20240414,32,5
6350,141,1,20241112,59,5
6351,119,12,20210319,76,1
6352,158,12,20240305,17,4
6353,229,3,20240509,18,3
6354,39,2,20220320,33,1
6355,207,8,20210119,60,3
6356,249,7,20221209,10,3
6357,169,2,20210120,87,4
6358,35,1,20240402,16,5
6359,98,4,20230611,65,5
6360,247,11,20221012,34,5
6361,250,12,20240312,99,4
6362,190,3,20240102,66,2
6363,182,8,20230710,84,4
6364,244,5,20240914,98,4
6365,169,6,20210102,41,5
6366,242,9,20241206,10,3
6367,46,2,20240824,98,5
6368,121,11,20241008,79,3
6369,108,5,20230406,79,5
6370,206,2,20211007,90,2
6371,130,9,20221126,45,5
6372,136,5,20220805,70,5
6373,56,14,20220114,65,4
6374,73,4,20210514,32,4
6375,146,10,20240722,23,3
6376,210,8,20230104,64,4
6377,219,1,20240113,55,4
6378,117,11,20230328,88,5
6379,73,14,20210418,39,4
6380,233,5,20230517,24,5
6381,177,4,20230326,4,2
6382,228,5,20230405,34,2
6383,71,11,20221001,43,5
6384,147,8,20220911,96,4
6385,218,3,20230314,81,1
6386,212,13,20240317,87,5
6387,182,4,20221005,56,1
6388,171,9,20220904,47,3
6389,51,3,20220114,57,2
6390,80,13,20231203,95,2
6391,190,11,20230314,34,1
6392,228,1,20231010,46,2
6393,160,5,20230122,29,3
6394,120,6,20220726,28,3
6395,2,8,20240521,23,1
6396,242,13,20240307,2,2
6397,226,7,20231202,29,2
6398,233,12,20220117,33,3
6399,99,13,20220618,12,1
6400,180,8,20210106,25,3
6401,21,7,20221121,33,5
6402,228,8,20220911,10,5
6403,73,4,20240226,76,1
6404,134,7,20221020,18,5
6405,42,12,20220709,81,4
6406,121,4,20220727,6,4
6407,111,7,20210907,97,5
6408,65,7,20231126,37,3
6409,10,10,20231006,25,3
6410,157,12,20210217,7,2
6411,228,14,20211201,67,3
6412,12,9,20210604,47,5
6413,218,13,20221220,25,4
6414,13,10,20240807,18,2
6415,32,6,20210815,8,3
6416,197,5,20240124,25,1
6417,123,7,20230918,55,4
6418,23,8,20210314,88,5
6419,245,7,20230806,49,3
6420,223,13,20221006,98,4
6421,56,11,20210727,65,4
6422,80,3,20220907,67,5
6423,161,10,20240102,36,1
6424,9,9,20240103,19,5
6425,11,12,20210214,56,2
6426,248,8,20210822,99,2
6427,99,14,20230321,93,4
6428,109,2,20211226,54,1
6429,64,4,20230226,33,3
6430,157,3,20220306,35,3
6431,222,13,20231122,21,4
6432,227,1,20241211,5,4
6433,152,8,20240624,71,2
6434,108,8,20241219,8,3
6435,62,9,20230205,63,1
6436,86,8,20241012,15,3
6437,244,8,20230719,51,5
6438,101,1,20210207,88,1
6439,166,3,20221023,94,5
6440,131,4,20210617,40,2
6441,56,5,20230824,59,4
6442,163,4,20230612,60,1
6443,144,7,20221128,12,4
6444,52,12,20210528,66,1
6445,220,5,20211003,36,5
6446,169,4,20220102,95,5
6447,116,5,20220812,57,2
6448,210,6,20210524,90,2
6449,221,3,20230512,21,1
6450,69,9,20231014,20,4
6451,29,5,20221015,12,3
6452,121,14,20221110,82,3
6453,224,7,20220520,81,3
6454,110,10,20230416,41,1
6455,239,12,20220310,91,1
6456,206,3,20220111,40,4
6457,212,14,20220823,53,3
6458,197,12,20210924,93,3
6459,106,2,20211006,47,1
6460,27,14,20220102,26,2
6461,90,14,20230402,33,2
6462,27,6,20220127,26,5
6463,193,2,20221115,67,1
6464,187,6,20220514,96,1
6465,147,2,20230210,74,2
6466,83,10,20210411,63,3
6467,135,9,20220313,33,4
6468,243,1,20230126,8,3
6469,28,3,20210721,34,3
6470,206,6,20220808,76,2
6471,34,5,20230717,90,4
6472,91,10,20240914,63,4
6473,225,6,20240914,53,2
6474,164,1,20221013,89,4
6475,64,9,20210315,60,2
6476,115,6,20220324,66,3
6477,139,9,20240324,28,3
6478,140,6,20221022,49,4
6479,129,5,20240728,1,5
6480,77,13,20210211,88,2
6481,197,13,20211207,72,1
6482,222,2,20230428,69,3
6483,183,1,20230112,93,4
6484,77,3,20230702,3,3
6485,131,11,20210707,4,5
6486,219,10,20210711,98,5
6487,210,3,20230622,74,2
6488,240,13,20220827,54,5
6489,144,7,20220217,98,3
6490,195,10,20220605,90,3
6491,90,10,20240727,13,5
6492,224,13,20240123,8,4
6493,32,7,20230827,67,3
6494,92,13,20241203,87,1
6495,163,13,20220320,24,4
6496,83,14,20230802,12,5
6497,118,10,20240525,48,3
6498,75,12,20241115,18,1
6499,170,10,20230516,36,1
6500,33,7,20240126,13,2
6501,18,13,20220616,61,1
6502,33,1,20240819,18,1
6503,187,11,20230816,13,1
6504,247,8,20220409,25,4
6505,35,6,20240526,24,2
6506,75,8,20231019,69,4
6507,180,11,20220826,58,5
6508,157,8,20220114,60,5
6509,44,8,20241202,52,1
6510,237,10,20230902,99,4
6511,103,6,20240120,60,3
6512,30,13,20240103,17,1
6513,226,14,20230918,53,4
6514,53,13,20231227,46,1
6515,144,11,20230928,91,5
6516,188,2,20210411,9,5
6517,184,13,20240809,60,2
6518,100,8,20220722,64,3
6519,5,6,20231021,64,4
6520,176,8,20240906,93,4
6521,175,4,20241221,81,3
6522,103,2,20210419,79,2
6523,181,8,20240403,73,5
6524,108,14,20230624,0,1
6525,147,4,20231206,97,5
6526,70,8,20230505,56,4
6527,51,4,20211022,43,3
6528,64,14,20240109,74,1
6529,119,8,20211107,67,3
6530,23,9,20241214,3,2
6531,209,2,20220801,38,3
6532,241,6,20211026,77,1
6533,109,12,20230526,14,2
6534,202,5,20240710,5,2
6535,108,12,20220409,91,3
6536,98,1,20220601,60,1
6537,215,7,20220226,91,3
6538,226,13,20240928,73,1
6539,165,4,20211102,33,4
6540,21,14,20240920,9,4
6541,195,9,20230524,77,3
6542,59,2,20240724,24,4
6543,4,3,20210720,69,1
6544,207,13,20240407,62,1
6545,118,5,20210928,78,4
6546,190,3,20230907,89,5
6547,211,7,20220212,42,1
6548,24,6,20230510,51,3
6549,241,8,20210115,94,3
6550,142,12,20240125,50,4
6551,5,13,20220423,28,3
6552,101,7,20211203,46,5
6553,208,3,20221220,3,5
6554,227,6,20210807,42,2
6555,1,1,20230920,87,1
6556,100,11,20231121,99,4
6557,51,5,20241223,12,1
6558,184,7,20231201,54,1
6559,61,8,20211009,88,5
6560,142,2,20220904,7,5
6561,193,10,20221209,60,2
6562,122,13,20230806,17,3
6563,99,4,20220423,11,1
6564,230,3,20220110,66,4
6565,69,1,20230918,38,3
6566,218,12,20211219,54,2
6567,213,6,20230314,30,4
6568,127,5,20230407,78,2
6569,15,10,20230217,11,1
6570,48,11,20230902,43,1
6571,54,5,20211004,49,4
6572,20,6,20230103,57,5
6573,108,11,20240628,30,4
6574,191,14,20240724,41,3
6575,153,6,20240214,34,1
6576,230,12,20211215,9,2
6577,31,2,20220819,34,4
6578,10,10,20220513,80,5
6579,155,5,20230626,17,4
6580,84,11,20220726,56,4
6581,99,7,20230712,88,5
6582,140,8,20240215,5,5
6583,141,10,20210202,30,2
6584,221,12,20220525,2,2
6585,106,12,20230224,50,4
6586,111,8,20210707,33,2
6587,142,14,20220401,8,5
6588,4,2,20220428,72,5
6589,149,13,20240806,90,5
6590,177,1,20211110,5,4
6591,17,4,20211023,50,4
6592,84,13,20230612,61,5
6593,239,4,20231025,29,4
6594,118,3,20210116,11,5
6595,163,9,20220105,26,4
6596,77,13,20230606,57,2
6597,174,11,20230826,50,1
6598,202,3,20241014,26,1
6599,245,5,20220708,46,2
6600,231,1,20240503,19,4
6601,136,7,20240721,93,5
6602,98,14,20211225,43,1
6603,48,12,20240105,41,2
6604,68,4,20220305,39,5
6605,74,3,20210619,41,2
6606,118,14,20220926,69,2
6607,39,2,20240510,74,5
6608,56,3,20210303,27,3
6609,57,3,20231102,14,3
6610,76,7,20220205,75,4
6611,86,3,20211024,62,5
6612,124,4,20240725,51,1
6613,236,5,20220217,94,2
6614,146,14,20230907,90,3
6615,23,1,20240414,83,2
6616,170,1,20210715,98,1
6617,142,4,20221209,23,1
6618,190,11,20240414,87,1
6619,14,14,20240218,37,1
6620,113,4,20210628,21,4
6621,63,10,20230619,82,3
6622,229,6,20220120,95,2
6623,84,8,20230408,2,2
6624,47,10,20240118,30,5
6625,32,2,20241013,95,1
6626,196,3,20220412,27,2
6627,49,8,20230920,89,2
6628,2,14,20240120,31,5
6629,41,1,20240911,79,4
6630,58,12,20210619,91,1
6631,42,10,20220204,38,2
6632,211,2,20210121,97,4
6633,199,7,20220817,46,2
6634,20,2,20220927,70,3
6635,63,11,20210511,62,4
6636,67,12,20221117,30,4
6637,136,8,20220518,81,3
6638,109,8,20230714,96,1
6639,211,1,20220820,47,3
6640,84,6,20240515,71,3
6641,238,7,20210327,28,4
6642,156,6,20240122,16,4
6643,198,5,20230214,34,2
6644,209,13,20240928,26,5
6645,166,10,20230718,41,5
6646,232,9,20210805,4,2
6647,190,7,20231202,88,3
6648,127,3,20210317,92,3
6649,95,4,20210603,37,1
6650,52,4,20220506,31,2
6651,12,4,20230614,73,1
6652,101,1,20241023,21,4
6653,206,7,20221127,65,4
6654,227,1,20240712,70,1
6655,111,11,20230421,67,1
6656,165,11,20240917,69,1
6657,8,11,20230211,48,4
6658,21,5,20240821,5,5
6659,217,5,20231122,34,2
6660,17,4,20240425,41,2
6661,78,13,20210518,67,5
6662,96,3,20221218,2,2
6663,154,13,20220720,0,3
6664,224,12,20240509,59,1
6665,3,14,20240507,18,3
6666,188,6,20221227,15,5
6667,224,10,20220607,99,2
6668,91,7,20241201,76,1
6669,137,7,20220918,17,4
6670,32,9,20211116,15,4
6671,241,2,20220807,78,4
6672,88,2,20211119,3,4
6673,213,2,20240718,93,5
6674,191,11,20210623,87,5
6675,70,6,20220616,54,5
6676,232,10,20220612,65,3
6677,200,5,20230405,43,3
6678,100,12,20221020,95,4
6679,74,2,20240806,45,3
6680,11,8,20241215,96,3
6681,98,7,20230607,56,3
6682,83,6,20231206,45,2
6683,162,13,20210323,79,2
6684,179,8,20240222,15,2
6685,203,1,20220620,12,2
6686,232,2,20220212,55,4
6687,38,1,20210125,77,1
6688,240,12,20211027,33,3
6689,113,11,20221021,21,5
6690,171,9,20230408,37,3
6691,106,11,20220827,60,3
6692,95,3,20210515,59,3
6693,199,12,20230119,0,3
6694,143,3,20211202,41,2
6695,123,8,20240614,38,5
6696,50,14,20240627,69,2
6697,83,6,20221007,19,1
6698,179,12,20210627,41,5
6699,75,2,20220809,56,2
6700,114,3,20231218,66,4
6701,222,13,20231214,32,2
6702,102,10,20241021,87,3
6703,235,12,20230104,93,2
6704,11,3,20210809,32,5
6705,156,7,20241120,3,2
6706,126,5,20220528,73,1
6707,69,9,20220911,83,2
6708,35,12,20230212,20,2
6709,115,8,20240708,10,2
6710,246,3,20230505,96,3
6711,178,11,20221102,66,5
6712,21,12,20230416,89,4
6713,100,14,20231104,65,2
6714,167,10,20210709,98,2
6715,9,8,20220710,57,4
6716,149,6,20220828,9,4
6717,39,10,20240528,86,5
6718,82,4,20230108,41,3
6719,163,3,20221017,45,1
6720,144,11,20240407,27,5
6721,15,8,20220308,9,4
6722,71,9,20210205,71,5
6723,20,5,20240525,66,1
6724,175,1,20220218,4,4
6725,208,5,20230921,7,2
6726,234,6,20240704,92,5
6727,143,5,20240202,66,2
6728,61,7,20221202,76,5
6729,121,10,20211010,13,4
6730,75,13,20211102,60,2
6731,107,4,20240801,94,4
6732,85,14,20241125,30,3
6733,190,10,20240416,22,2
6734,131,5,20240805,22,5
6735,198,11,20220710,41,4
6736,60,11,20220407,19,1
6737,200,12,20210221,59,3
6738,61,1,20240912,23,5
6739,65,1,20240414,24,2
6740,90,3,20231017,4,3
6741,214,11,20210719,3,2
6742,37,10,20231207,46,2
6743,234,9,20211102,64,5
6744,120,12,20240712,34,1
6745,212,5,20211014,90,2
6746,216,13,20240806,69,4
6747,51,5,20230728,67,3
6748,101,14,20240227,32,4
6749,25,2,20210911,60,3
6750,117,9,20240618,25,5
6751,168,13,20211015,59,4
6752,8,9,20240812,21,4
6753,128,5,20231005,56,1
6754,156,6,20240801,39,2
6755,183,3,20240418,11,2
6756,37,11,20230515,69,1
6757,208,14,20240414,6,3
6758,3,8,20230206,2,5
6759,80,6,20230523,41,2
6760,21,4,20230524,20,4
6761,111,10,20240707,97,4
6762,135,2,20231019,47,5
6763,8,12,20211222,96,5
6764,147,7,20240715,95,1
6765,147,9,20221003,50,2
6766,59,6,20230219,80,1
6767,56,14,20241004,22,2
6768,146,5,20240713,77,2
6769,238,4,20210121,72,1
6770,222,8,20230515,91,4
6771,89,2,20210418,96,2
6772,55,7,20210419,25,1
6773,152,5,20231004,68,5
6774,58,3,20210213,14,3
6775,184,13,20210415,4,3
6776,153,9,20220219,67,5
6777,36,13,20230318,42,5
6778,196,4,20210122,71,4
6779,36,6,20210909,10,5
6780,160,11,20220220,29,4
6781,231,7,20210707,37,4
6782,138,14,20210226,35,4
6783,250,13,20241119,42,5
6784,132,2,20230123,68,3
6785,193,14,20210405,94,4
6786,29,2,20240609,39,5
6787,128,4,20221012,59,1
6788,24,10,20210712,53,2
6789,77,10,20230326,36,4
6790,225,2,20231127,60,4
6791,13,2,20210125,11,1
6792,23,8,20210128,29,1
6793,82,9,20220415,90,2
6794,3,6,20230108,95,3
6795,16,2,20211209,83,3
6796,18,9,20230107,8,3
6797,232,13,20240711,48,3
6798,178,9,20220804,66,1
6799,55,12,20231116,42,2
6800,147,12,20210514,70,2
6801,150,3,20210323,43,4
6802,161,13,20211205,27,5
6803,38,1,20220121,0,2
6804,99,13,20210718,2,1
6805,202,3,20231104,51,4
6806,213,5,20210616,59,1
6807,13,9,20241027,96,3
6808,162,1,20220315,31,1
6809,93,14,20231213,8,2
6810,239,14,20210125,45,5
6811,116,12,20230313,24,4
6812,42,13,20210314,74,1
6813,43,4,20240510,7,3
6814,221,13,20210628,28,4
6815,86,9,20240605,83,2
6816,146,1,20210406,67,2
6817,66,11,20241220,26,2
6818,75,11,20221025,31,3
6819,71,13,20210912,35,1
6820,192,11,20220716,52,3
6821,176,5,20240310,39,5
6822,11,13,20210615,78,5
6823,193,9,20240226,37,2
6824,113,14,20240124,72,3
6825,96,6,20211212,52,2
6826,141,11,20240802,71,4
6827,224,2,20220725,61,5
6828,212,13,20220408,71,1
6829,139,2,20230709,39,5
6830,25,12,20220724,69,3
6831,43,6,20231109,63,1
6832,107,3,20210501,70,4
6833,190,6,20220817,73,2
6834,39,5,20210721,63,5
6835,75,9,20220618,76,3
6836,71,10,20220313,65,2
6837,121,3,20210906,6,4
6838,121,4,20210619,13,5
6839,217,5,20220508,88,4
6840,12,13,20220116,75,3
6841,87,6,20210607,51,5
6842,84,1,20240226,64,5
6843,81,9,20230124,50,1
6844,183,3,20240209,92,3
6845,4,10,20221109,73,5
6846,10,14,20210716,22,5
6847,148,6,20231028,36,1
6848,115,9,20230912,61,3
6849,175,1,20210616,6,4
6850,31,5,20220804,48,5
6851,153,12,20221028,16,1
6852,7,2,20240108,29,4
6853,100,12,20211104,12,3
6854,40,6,20230608,68,3
6855,83,5,20220702,60,1
6856,215,4,20210317,20,1
6857,66,2,20240309,9,4
6858,99,2,20220204,43,5
6859,50,2,20230311,28,2
6860,118,4,20240515,49,1
6861,133,1,20240322,80,4
6862,150,7,20240203,65,3
6863,114,12,20240916,41,1
6864,221,12,20240322,8,5
6865,230,6,20210803,48,5
6866,1,10,20240826,18,5
6867,120,13,20240105,27,4
6868,20,12,20210925,87,3
6869,99,8,20220219,48,1
6870,87,7,20231011,91,5
6871,3,1,20221105,74,5
6872,116,5,20211018,18,1
6873,95,4,20230705,23,1
6874,203,13,20220923,97,3
6875,216,6,20231205,93,5
6876,99,11,20230111,80,2
6877,149,5,20210517,29,5
6878,42,11,20211101,23,4
6879,177,12,20220820,55,3
6880,172,11,20220712,21,3
6881,235,8,20240913,34,4
6882,44,9,20240421,99,2
6883,20,6,20241111,35,2
6884,63,11,20220225,95,3
6885,238,5,20220515,63,5
6886,222,8,20210416,96,4
6887,208,8,20230510,58,4
6888,34,7,20211109,94,3
6889,9,3,20240909,64,3
6890,34,2,20210904,47,5
6891,141,5,20220724,13,5
6892,82,14,20240305,41,5
6893,175,9,20231018,54,5
6894,37,14,20211123,46,5
6895,156,12,20210602,86,3
6896,48,2,20220825,34,2
6897,216,12,20210212,17,1
6898,177,6,20230608,70,4
6899,51,6,20220622,58,1
6900,30,5,20220105,54,2
6901,211,7,20230425,36,5
6902,41,13,20221105,82,1
6903,186,8,20210201,38,1
6904,244,11,20231225,0,2
6905,243,1,20211203,0,3
6906,215,13,20220207,80,4
6907,10,2,20230608,93,1
6908,218,2,20240906,70,1
6909,17,2,20211009,4,4
6910,217,10,20220922,80,1
6911,106,1,20230223,78,3
6912,170,4,20230618,49,2
6913,62,4,20241115,21,2
6914,18,14,20230503,64,2
6915,83,2,20240309,72,1
6916,67,10,20240810,18,2
6917,179,11,20241018,52,1
6918,160,13,20210912,21,1
6919,67,14,20240428,44,5
6920,51,12,20240827,93,2
6921,107,8,20231112,81,2
6922,94,11,20231026,34,4
6923,54,2,20240124,71,3
6924,23,13,20220517,55,2
6925,226,8,20240917,10,3
6926,108,4,20210905,58,1
6927,222,4,20240219,37,4
6928,130,11,20220612,5,3
6929,63,5,20210326,53,1
6930,49,7,20240527,54,2
6931,140,14,20230811,97,4
6932,186,12,20230517,45,2
6933,114,10,20220111,18,2
6934,217,14,20240605,25,5
6935,47,8,20240328,28,3
6936,197,11,20240804,13,1
6937,114,1,20240924,7,1
6938,66,8,20221103,85,2
6939,171,7,20220722,40,4
6940,91,12,20230207,4,5
6941,121,11,20240814,18,1
6942,169,3,20240813,94,2
6943,198,8,20210104,71,1
6944,143,12,20230802,38,1
6945,145,7,20231019,81,2
6946,12,9,20210212,92,5
6947,37,13,20230922,76,2
6948,209,12,20240724,48,4
6949,193,3,20240410,69,3
6950,139,13,20241111,96,4
6951,224,3,20241013,36,1
6952,45,7,20240511,0,4
6953,240,9,20221016,13,1
6954,209,14,20240522,71,1
6955,105,11,20230218,84,5
6956,160,2,20240804,79,2
6957,123,5,20230201,34,1
6958,211,5,20210719,6,5
6959,109,10,20230426,89,1
6960,78,7,20220824,77,4
6961,129,12,20241218,42,2
6962,64,7,20221015,36,3
6963,208,8,20230723,79,3
6964,21,10,20220607,36,4
6965,155,13,20211008,55,1
6966,29,1,20240821,46,5
6967,16,5,20211209,88,3
6968,190,12,20211110,92,2
6969,34,7,20210208,19,2
6970,205,12,20220216,66,3
6971,138,8,20220107,37,4
6972,234,6,20240924,46,4
6973,46,5,20220314,84,2
6974,23,8,20211216,13,2
6975,239,1,20240423,79,3
6976,61,10,20230407,43,2
6977,221,11,20221124,53,1
6978,27,9,20230627,78,4
6979,187,14,20240101,82,2
6980,221,7,20240523,7,1
6981,117,4,20210101,90,4
6982,70,2,20230426,62,5
6983,183,6,20210924,0,1
6984,71,7,20221206,52,1
6985,168,11,20241125,42,1
6986,38,10,20230825,40,5
6987,27,4,20241017,39,1
6988,158,8,20230510,62,4
6989,52,8,20230710,51,1
6990,84,14,20230414,56,2
6991,242,5,20211107,94,2
6992,114,6,20231218,14,3
6993,212,12,20230601,90,3
6994,235,11,20230814,31,1
6995,36,3,20210505,38,2
6996,156,8,20220211,96,4
6997,236,14,20230319,11,4
6998,71,7,20240709,90,1
6999,4,10,20241203,15,4
7000,181,14,20230603,66,3
7001,43,10,20220828,51,1
7002,97,6,20230714,59,4
7003,82,12,20220305,26,3
7004,118,6,20240605,93,1
7005,209,6,20240317,24,1
7006,226,5,20220424,88,4
7007,125,10,20210508,71,2
7008,105,12,20220313,57,5
7009,217,10,20240816,35,2
7010,214,2,20210114,20,2
7011,166,8,20220621,63,2
7012,220,12,20240815,69,5
7013,89,13,20210307,6,3
7014,221,14,20211101,82,1
7015,72,12,20240501,15,1
7016,19,8,20220414,31,2
7017,71,10,20240616,39,1
7018,60,4,20231203,96,3
7019,200,6,20211017,75,1
7020,128,7,20211218,99,2
7021,224,10,20210805,62,2
7022,41,9,20230227,40,1
7023,178,5,20240906,30,5
7024,12,13,20210421,97,5
7025,171,8,20220109,17,2
7026,90,14,20230227,8,1
7027,238,9,20230828,82,4
7028,232,1,20221123,12,5
7029,241,13,20230114,92,5
7030,213,12,20210316,17,2
7031,72,5,20240213,90,4
7032,206,13,20221217,22,2
7033,170,11,20230211,14,1
7034,95,10,20231114,86,2
7035,93,5,20210204,86,1
7036,85,14,20210701,76,4
7037,83,5,20220615,11,3
7038,225,10,20220411,67,4
7039,152,3,20230705,89,1
7040,222,2,20231223,87,3
7041,180,7,20241019,96,1
7042,87,5,20241017,16,1
7043,126,11,20241104,42,5
7044,109,10,20240701,40,4
7045,109,6,20221103,90,2
7046,60,11,20240514,98,5
7047,122,2,20230117,11,5
7048,85,6,20230219,20,4
7049,209,5,20230102,21,1
7050,160,8,20220203,40,2
7051,187,9,20230206,58,2
7052,123,13,20211205,1,5
7053,167,12,20210222,6,1
7054,172,10,20241109,57,4
7055,208,6,20240517,98,5
7056,152,1,20241109,5,1
7057,132,7,20231220,33,1
7058,200,7,20210904,82,5
7059,225,11,20231207,6,3
7060,169,14,20240108,75,2
7061,29,4,20231022,19,4
7062,78,1,20230818,88,4
7063,165,14,20240202,20,1
7064,94,7,20230507,25,2
7065,242,13,20220511,53,2
7066,33,11,20221201,45,4
7067,236,3,20211025,43,4
7068,200,3,20240716,20,2
7069,89,1,20220915,1,2
7070,183,13,20240417,29,4
7071,176,10,20230814,98,1
7072,85,11,20220508,70,3
7073,137,12,20210909,12,2
7074,193,1,20220712,65,1
7075,181,9,20240703,11,4
7076,3,9,20220615,15,3
7077,66,10,20230119,86,1
7078,143,12,20240312,72,5
7079,24,13,20230124,93,1
7080,68,2,20220217,98,4
7081,141,6,20240823,89,2
7082,38,7,20220703,78,1
7083,120,11,20210325,32,4
7084,144,2,20220702,26,5
7085,120,12,20230809,8,1
7086,138,7,20220217,39,3
7087,35,11,20230209,38,4
7088,121,13,20220424,27,5
7089,131,8,20230203,41,4
7090,222,6,20221113,33,5
7091,77,9,20221109,6,2
7092,25,2,20211122,70,2
7093,146,6,20240308,64,4
7094,85,3,20231217,4,2
7095,197,10,20241204,54,1
7096,198,5,20210820,4,3
7097,188,7,20210112,81,3
7098,111,6,20210718,70,4
7099,4,5,20220115,26,2
7100,93,5,20221115,68,5
7101,218,12,20210404,69,5
7102,181,1,20230805,96,3
7103,150,10,20221013,0,5
7104,211,12,20241011,79,5
7105,78,11,20230608,43,5
7106,98,14,20230614,50,3
7107,188,6,20221016,99,3
7108,172,11,20240218,70,1
7109,176,6,20230304,14,4
7110,40,5,20240206,55,4
7111,245,7,20210410,69,1
7112,162,4,20220101,47,3
7113,196,12,20241127,57,3
7114,37,6,20210208,92,3
7115,241,9,20230517,76,1
7116,230,1,20220413,86,2
7117,81,8,20230318,39,2
7118,32,3,20220127,31,4
7119,58,5,20240905,98,1
7120,42,12,20220219,90,2
7121,8,1,20240122,14,4
7122,59,8,20230509,54,4
7123,63,3,20210510,10,3
7124,17,10,20220713,90,3
7125,6,8,20231210,18,5
7126,151,6,20240809,45,2
7127,13,1,20230322,20,5
7128,204,9,20220724,46,5
7129,75,5,20220120,69,3
7130,97,7,20230910,44,4
7131,31,12,20240806,35,1
7132,20,10,20220221,59,5
7133,54,1,20221011,40,1
7134,38,3,20230521,30,4
7135,126,11,20240711,36,5
7136,231,4,20240109,79,4
7137,67,2,20240512,70,3
7138,84,6,20210125,54,3
7139,103,13,20210904,64,5
7140,179,13,20210117,67,2
7141,147,3,20241118,95,2
7142,232,7,20211221,94,4
7143,33,11,20220525,3,1
7144,153,4,20210626,81,2
7145,164,5,20221118,50,2
7146,62,5,20230418,23,4
7147,114,11,20241211,91,2
7148,74,8,20230528,9,5
7149,111,6,20240817,74,2
7150,183,5,20220107,76,3
7151,124,5,20240527,55,4
7152,155,5,20231117,22,1
7153,51,9,20240716,28,1
7154,196,5,20220528,81,1
7155,121,14,20240225,5,3
7156,78,12,20210317,47,5
7157,231,9,20210607,5,5
7158,139,12,20220311,68,2
7159,96,11,20230815,11,4
7160,154,1,20210309,42,3
7161,32,10,20211017,86,1
7162,118,12,20210406,30,4
7163,150,12,20230915,7,2
7164,247,9,20230901,74,2
7165,119,4,20220521,75,3
7166,134,12,20240708,10,4
7167,169,4,20230128,40,1
7168,175,10,20221024,73,3
7169,122,13,20231226,64,1
7170,219,2,20241021,1,1
7171,53,13,20231019,43,5
7172,62,9,20210722,64,3
7173,113,5,20220612,43,1
7174,99,9,20210102,50,1
7175,82,8,20220404,41,5
7176,152,11,20240218,94,3
7177,174,2,20230225,1,5
7178,250,13,20210528,71,2
7179,114,2,20240122,15,2
7180,202,10,20230206,85,2
7181,62,13,20210304,64,5
7182,23,11,20220622,89,3
7183,197,10,20220607,23,1
7184,60,1,20240923,54,2
7185,52,10,20221216,68,2
7186,234,1,20210620,70,2
7187,65,3,20241220,91,5
7188,33,12,20220217,4,3
7189,49,9,20211116,14,4
7190,168,9,20240903,6,1
7191,205,12,20230526,40,3
7192,36,6,20210113,4,5
7193,149,14,20221005,13,2
7194,141,2,20240227,52,3
7195,5,9,20230120,2,2
7196,26,5,20220205,65,4
7197,185,2,20221010,83,5
7198,222,11,20220309,33,2
7199,7,3,20230923,10,2
7200,71,10,20220316,54,4
7201,169,10,20220209,97,2
7202,153,5,20241204,16,3
7203,50,11,20220522,3,3
7204,76,8,20210805,74,3
7205,153,6,20210121,14,2
7206,237,1,20210620,23,2
7207,226,4,20220206,21,1
7208,137,9,20240705,34,3
7209,192,10,20230105,5,3
7210,114,7,20230814,72,5
7211,155,3,20220907,2,4
7212,4,11,20210902,57,5
7213,236,5,20240302,80,5
7214,82,10,20220920,52,5
7215,67,4,20221214,39,5
7216,134,12,20231001,32,3
7217,244,6,20240210,94,2
7218,225,3,20230914,90,3
7219,194,12,20220320,57,3
7220,138,4,20220803,65,4
7221,24,1,20220314,72,2
7222,176,5,20210219,83,4
7223,104,2,20240203,88,1
7224,241,1,20240219,54,5
7225,184,7,20220605,28,2
7226,208,2,20220314,37,4
7227,164,13,20210226,87,5
7228,123,4,20240413,82,3
7229,105,12,20221121,14,1
7230,139,10,20220220,70,5
7231,13,12,20231004,80,3
7232,68,12,20240707,73,4
7233,60,5,20231110,99,1
7234,131,8,20241025,90,5
7235,249,5,20240421,69,3
7236,249,8,20221112,71,2
7237,102,12,20240416,49,5
7238,73,8,20230325,7,2
7239,7,10,20211210,49,1
7240,121,8,20231211,57,2
7241,187,14,20221204,36,2
7242,214,8,20230309,75,3
7243,179,6,20210626,28,2
7244,146,4,20220601,7,3
7245,93,2,20220927,42,4
7246,218,3,20210718,5,3
7247,238,8,20231022,66,4
7248,56,13,20240508,91,4
7249,23,4,20210912,33,4
7250,28,6,20240514,57,4
7251,237,13,20210813,40,2
7252,93,4,20221203,76,3
7253,3,11,20220611,64,3
7254,18,8,20210221,95,5
7255,196,7,20210203,4,5
7256,155,14,20231222,22,3
7257,113,12,20240902,42,3
7258,185,1,20210919,42,5
7259,68,4,20210603,87,4
7260,117,2,20220621,60,2
7261,87,11,20231001,66,4
7262,102,2,20210826,85,3
7263,234,3,20241116,66,1
7264,173,14,20241015,85,1
7265,238,8,20210111,71,1
7266,69,4,20240821,18,3
7267,167,8,20240523,41,1
7268,242,14,20240919,82,5
7269,165,13,20231226,68,2
7270,126,9,20230717,42,5
7271,250,7,20241016,55,4
7272,164,1,20211206,71,2
7273,99,5,20210608,61,5
7274,78,2,20230918,83,2
7275,125,10,20220902,4,4
7276,108,11,20221118,86,1
7277,92,2,20220317,23,3
7278,193,11,20220425,90,3
7279,224,6,20241027,50,2
7280,31,5,20230507,52,2
7281,60,10,20221212,69,5
7282,80,10,20210819,75,1
7283,24,4,20220811,16,5
7284,14,9,20240310,88,2
7285,11,12,20220803,78,4
7286,249,14,20230711,3,4
7287,100,8,20220725,92,5
7288,84,3,20241011,79,5
7289,207,7,20220511,59,1
7290,163,8,20210827,93,1
7291,235,7,20210602,40,1
7292,164,8,20230210,37,5
7293,146,13,20230915,76,2
7294,40,2,20231106,89,2
7295,106,9,20231107,79,5
7296,109,5,20230205,74,1
7297,162,1,20241023,1,4
7298,133,2,20240203,38,1
7299,188,11,20230606,97,5
7300,98,10,20211228,8,3
7301,191,3,20230924,57,2
7302,26,1,20210507,26,2
7303,201,8,20230127,66,1
7304,158,9,20230115,14,1
7305,133,10,20240627,29,5
7306,34,11,20220501,87,3
7307,152,9,20240125,72,5
7308,110,10,20230620,34,4
7309,115,4,20230808,52,4
7310,109,2,20230617,92,3
7311,176,7,20211004,27,5
7312,126,11,20220922,39,4
7313,58,1,20211025,31,4
7314,236,12,20220603,1,2
7315,36,11,20241103,38,2
7316,200,13,20210522,69,2
7317,207,3,20231123,35,4
7318,245,8,20211016,70,1
7319,245,13,20210425,54,5
7320,187,4,20221106,65,3
7321,9,9,20210228,88,5
7322,32,5,20240206,96,4
7323,163,8,20240816,26,5
7324,108,8,20240512,18,3
7325,79,7,20210910,22,1
7326,170,10,20210508,45,1
7327,20,9,20241108,83,2
7328,236,13,20231018,93,1
7329,46,10,20230825,13,3
7330,232,2,20230110,38,3
7331,96,8,20210116,39,3
7332,229,3,20241106,15,4
7333,228,13,20221115,21,3
7334,130,11,20220106,57,2
7335,230,2,20220321,25,2
7336,225,10,20240618,55,3
7337,116,14,20230203,1,5
7338,142,5,20220706,90,4
7339,216,14,20210309,49,1
7340,137,9,20230621,68,2
7341,250,11,20220620,13,3
7342,21,4,20210706,21,5
7343,117,14,20220802,40,3
7344,21,1,20230315,65,1
7345,81,4,20220105,96,4
7346,26,10,20230405,38,1
7347,40,10,20230205,84,2
7348,28,7,20210501,59,5
7349,30,6,20220816,91,2
7350,165,2,20230615,26,2
7351,198,9,20231215,60,3
7352,92,3,20220323,25,1
7353,69,8,20231214,93,3
7354,235,14,20220205,56,1
7355,165,5,20241205,80,1
7356,42,6,20240912,50,3
7357,17,1,20240903,36,1
7358,63,8,20240106,24,3
7359,182,6,20240318,84,2
7360,51,3,20210719,35,5
7361,136,9,20230226,1,5
7362,108,10,20220523,32,4
7363,231,13,20240709,18,2
7364,158,11,20240728,6,2
7365,95,5,20220918,48,3
7366,100,4,20230905,77,1
7367,122,12,20230724,74,3
7368,233,11,20210717,37,5
7369,245,10,20220522,66,2
7370,249,5,20230827,40,3
7371,43,13,20240213,21,3
7372,199,1,20220820,67,2
7373,216,13,20230911,28,2
7374,195,2,20240303,12,3
7375,183,5,20210115,17,5
7376,25,6,20240811,80,1
7377,13,3,20211109,29,4
7378,150,14,20230220,8,1
7379,91,11,20220813,68,1
7380,137,3,20231109,30,5
7381,106,3,20230603,75,3
7382,129,4,20230104,26,3
7383,154,12,20210202,24,5
7384,20,3,20241211,25,2
7385,30,2,20230627,88,1
7386,205,14,20220522,16,2
7387,193,12,20211107,88,3
7388,123,1,20240415,82,5
7389,191,4,20230327,2,2
7390,209,7,20210217,41,3
7391,74,3,20220412,29,5
7392,241,8,20220413,59,3
7393,177,3,20210516,22,3
7394,92,3,20220408,92,2
7395,108,9,20220707,27,3
7396,66,9,20230519,11,1
7397,129,13,20230925,53,2
7398,184,11,20220214,5,5
7399,174,13,20240824,56,3
7400,224,5,20220202,26,3
7401,188,11,20221209,50,4
7402,155,7,20220827,7,4
7403,8,1,20240713,68,2
7404,191,4,20220203,56,2
7405,171,4,20220105,28,2
7406,74,5,20220126,49,5
7407,165,7,20230903,76,1
7408,125,1,20210711,32,5
7409,241,12,20241104,91,2
7410,201,14,20230109,6,3
7411,176,9,20230513,76,4
7412,223,6,20231027,51,3
7413,165,14,20221216,98,1
7414,167,7,20220726,98,4
7415,113,14,20220702,60,4
7416,195,3,20241008,82,5
7417,48,13,20220427,91,5
7418,100,5,20220427,59,1
7419,54,10,20221118,35,4
7420,131,4,20220213,47,3
7421,79,12,20231115,85,3
7422,125,1,20210705,23,2
7423,230,10,20220624,57,4
7424,22,7,20221103,93,1
7425,27,9,20211121,49,3
7426,170,1,20231228,29,4
7427,240,14,20210826,22,5
7428,84,9,20240210,24,1
7429,249,3,20240903,86,3
7430,219,7,20220117,19,3
7431,134,13,20240908,84,3
7432,231,3,20241009,72,1
7433,101,2,20231128,50,2
7434,181,12,20231217,0,4
7435,65,8,20241119,78,2
7436,207,1,20210920,9,3
7437,247,12,20220320,66,4
7438,105,7,20241212,83,3
7439,193,14,20240305,2,5
7440,10,11,20210808,89,2
7441,140,7,20240323,45,2
7442,147,13,20240621,86,3
7443,164,6,20231215,56,3
7444,133,2,20240821,34,2
7445,94,2,20240521,67,5
7446,125,9,20231016,2,5
7447,23,10,20240916,18,5
7448,177,4,20240613,76,1
7449,231,8,20221120,98,2
7450,33,13,20210826,64,2
7451,75,3,20210116,52,3
7452,196,12,20230503,24,2
7453,195,8,20240402,10,4
7454,153,2,20210326,31,4
7455,191,14,20230321,93,3
7456,166,6,20221114,27,4
7457,75,5,20230925,17,1
7458,206,13,20220503,8,3
7459,180,13,20230822,19,4
7460,146,3,20241122,97,4
7461,22,4,20220422,65,5
7462,43,5,20240214,21,5
7463,117,2,20230504,22,2
7464,7,3,20211206,48,5
7465,223,14,20240321,82,2
7466,39,13,20220319,69,5
7467,34,11,20210912,50,1
7468,184,1,20240313,27,4
7469,116,13,20210902,3,5
7470,201,7,20240511,29,1
7471,96,12,20210118,46,4
7472,161,6,20240121,35,4
7473,217,14,20230107,96,5
7474,41,2,20220923,3,2
7475,101,6,20210903,39,5
7476,48,10,20210623,7,3
7477,247,7,20210324,21,5
7478,245,8,20220228,29,4
7479,68,7,20220721,17,1
7480,27,5,20221110,38,1
7481,74,2,20230614,3,1
7482,60,13,20240713,48,5
7483,177,5,20210808,70,1
7484,170,3,20220201,17,4
7485,29,5,20211204,29,2
7486,90,12,20210707,42,2
7487,26,2,20230425,67,4
7488,140,11,20230927,25,5
7489,168,4,20210925,81,5
7490,59,1,20221010,32,5
7491,215,5,20220518,96,2
7492,233,2,20230926,32,1
7493,7,8,20220113,4,3
7494,91,3,20211121,43,4
7495,13,9,20210105,18,5
7496,46,14,20231227,23,4
7497,222,5,20211013,34,5
7498,52,14,20231225,28,5
7499,110,14,20241119,20,5
7500,5,6,20220710,7,2
7501,86,10,20230519,69,3
7502,223,8,20231020,83,4
7503,133,14,20230224,89,1
7504,147,14,20211116,53,1
7505,48,10,20210512,62,1
7506,157,4,20211206,38,2
7507,12,3,20231005,0,4
7508,41,13,20221228,52,2
7509,169,14,20231010,20,2
7510,51,11,20211113,67,5
7511,218,9,20230817,22,3
7512,168,7,20220820,53,2
7513,17,6,20221216,96,3
7514,177,11,20221208,77,3
7515,130,8,20211106,87,1
7516,190,14,20230606,84,5
7517,212,8,20211212,33,4
7518,209,5,20210514,19,3
7519,8,5,20240501,3,4
7520,188,5,20220526,1,2
7521,169,14,20221011,8,5
7522,148,1,20230715,29,4
7523,96,9,20240319,67,4
7524,145,8,20230105,56,4
7525,145,11,20230814,85,1
7526,162,5,20211014,84,1
7527,27,5,20220902,76,4
7528,110,3,20220904,18,5
7529,243,12,20220820,71,3
7530,198,9,20220721,46,3
7531,123,6,20220817,24,2
7532,20,2,20210725,94,4
7533,65,5,20210702,91,1
7534,1,13,20210205,84,1
7535,214,11,20240701,22,5
7536,48,11,20221209,21,1
7537,97,3,20230724,83,3
7538,152,2,20220903,27,1
7539,129,10,20211219,53,5
7540,81,2,20220420,94,2
7541,43,13,20230209,52,4
7542,250,7,20241007,4,5
7543,248,10,20230501,5,1
7544,182,5,20240305,73,2
7545,161,3,20240416,24,1
7546,119,14,20220422,13,3
7547,57,8,20220614,12,1
7548,59,4,20220101,40,2
7549,2,14,20221214,43,4
7550,69,10,20220803,63,2
7551,236,8,20231214,29,4
7552,110,8,20210425,86,2
7553,50,1,20230612,26,4
7554,153,9,20220223,34,5
7555,80,12,20220622,37,4
7556,127,9,20210811,95,4
7557,236,13,20220127,17,3
7558,193,11,20240414,45,1
7559,81,10,20230908,86,4
7560,161,2,20220706,73,4
7561,145,4,20241202,45,2
7562,81,2,20240711,40,2
7563,95,8,20230606,44,1
7564,150,13,20230911,82,1
7565,180,5,20230603,45,4
7566,14,13,20211025,88,2
7567,131,14,20240313,57,4
7568,227,10,20220509,13,2
7569,70,6,20220211,36,3
7570,205,11,20240920,84,3
7571,236,11,20210523,3,1
7572,101,6,20230402,81,4
7573,10,14,20230623,17,2
7574,107,14,20240508,9,5
7575,215,13,20211010,3,3
7576,84,2,20230325,87,4
7577,185,9,20220606,41,5
7578,6,9,20230408,71,1
7579,132,14,20211202,51,1
7580,70,12,20240417,12,3
7581,55,1,20240307,90,5
7582,223,5,20241019,28,5
7583,25,13,20210821,96,5
7584,132,11,20230911,27,3
7585,139,3,20231213,0,4
7586,220,4,20210617,74,1
7587,215,9,20220802,33,4
7588,8,8,20210505,83,2
7589,113,2,20210405,85,1
7590,117,13,20220224,37,4
7591,67,13,20240502,46,1
7592,46,6,20210605,79,3
7593,137,6,20220810,93,1
7594,189,9,20230427,31,2
7595,9,10,20230821,24,3
7596,195,13,20210619,60,4
7597,105,6,20231015,58,2
7598,238,11,20241017,41,1
7599,204,6,20230226,95,2
7600,54,8,20220127,21,1
7601,47,12,20240619,92,4
7602,23,3,20221117,12,2
7603,33,6,20240611,98,3
7604,185,11,20240402,62,2
7605,216,6,20230216,42,5
7606,159,9,20210118,91,4
7607,13,11,20220301,67,1
7608,244,9,20240310,58,1
7609,138,11,20220326,42,2
7610,104,5,20210726,6,2
7611,67,6,20240715,46,5
7612,185,8,20240508,63,3
7613,92,6,20210414,98,1
7614,42,9,20210420,44,5
7615,46,4,20230713,86,5
7616,125,7,20210303,85,2
7617,142,1,20220909,56,1
7618,225,8,20240812,61,3
7619,140,3,20221123,87,4
7620,123,9,20210224,30,5
7621,247,10,20230126,2,4
7622,33,5,20240414,99,5
7623,41,4,20240502,43,2
7624,141,3,20230904,55,5
7625,229,1,20240920,29,3
7626,135,14,20241218,55,5
7627,237,3,20240314,22,5
7628,228,6,20230118,39,3
7629,246,2,20241101,54,2
7630,80,8,20221005,26,2
7631,188,13,20210206,61,1
7632,167,6,20220713,9,3
7633,213,11,20230517,82,2
7634,117,3,20210208,37,1
7635,208,4,20210911,25,3
7636,49,1,20210906,45,4
7637,90,13,20230501,91,2
7638,211,5,20220716,87,5
7639,9,14,20220202,68,5
7640,246,5,20210517,48,3
7641,79,2,20210309,96,2
7642,147,5,20220421,15,3
7643,31,8,20220214,25,1
7644,55,3,20210221,92,2
7645,180,3,20240706,41,3
7646,135,4,20220509,4,1
7647,57,6,20240812,79,3
7648,214,6,20221225,38,3
7649,59,6,20220602,58,2
7650,209,8,20230907,66,4
7651,37,12,20230621,86,5
7652,142,9,20220211,52,1
7653,248,1,20210213,63,4
7654,118,2,20230105,52,2
7655,149,1,20211026,18,3
7656,27,8,20221003,45,1
7657,178,12,20221115,46,5
7658,97,9,20210413,63,4
7659,154,6,20230206,64,1
7660,92,2,20210227,59,4
7661,74,12,20230312,2,3
7662,159,14,20221206,20,4
7663,202,7,20221017,52,1
7664,231,13,20220418,51,5
7665,163,12,20211219,92,1
7666,128,8,20210613,53,2
7667,225,11,20220110,2,4
7668,229,4,20211114,49,3
7669,63,12,20231209,56,5
7670,237,6,20230624,40,1
7671,172,6,20230725,94,4
7672,55,13,20220920,19,4
7673,83,12,20240720,79,1
7674,242,10,20220912,97,5
7675,2,11,20221015,94,3
7676,16,8,20211003,45,4
7677,220,3,20241214,33,3
7678,45,6,20220115,64,5
7679,90,7,20240905,26,1
7680,144,3,20210917,3,1
7681,191,5,20221211,14,5
7682,178,6,20240212,49,3
7683,140,11,20240923,20,4
7684,72,11,20210220,99,4
7685,110,3,20210326,16,3
7686,127,8,20221116,69,1
7687,20,3,20210604,1,5
7688,207,11,20210824,3,4
7689,75,5,20230627,13,4
7690,117,9,20220124,51,5
7691,165,5,20221111,19,1
7692,66,7,20220625,92,4
7693,73,5,20230313,49,2
7694,49,7,20231008,80,1
7695,4,8,20241107,64,5
7696,87,1,20210827,65,3
7697,245,9,20210206,16,2
7698,177,7,20230522,6,5
7699,4,9,20211111,65,3
7700,20,11,20230815,26,5
7701,185,4,20230712,4,1
7702,48,5,20221020,26,2
7703,208,12,20240805,63,5
7704,229,7,20211104,90,3
7705,172,9,20230614,68,4
7706,47,3,20240313,10,4
7707,188,3,20210516,72,2
7708,189,14,20221211,12,3
7709,209,12,20220604,4,1
7710,162,8,20210602,35,3
7711,235,4,20221215,88,1
7712,32,7,20221223,31,4
7713,225,4,20210522,10,5
7714,49,14,20210611,26,2
7715,121,2,20220913,59,2
7716,43,2,20210506,17,2
7717,138,9,20221220,82,4
7718,8,10,20240215,25,3
7719,228,1,20220106,28,1
7720,176,6,20231208,91,3
7721,121,2,20240802,41,2
7722,96,1,20231203,50,5
7723,99,12,20231124,32,1
7724,174,4,20240903,96,2
7725,249,12,20241111,53,5
7726,18,11,20230322,57,3
7727,243,13,20210719,46,3
7728,7,10,20231022,7,5
7729,73,12,20241011,57,3
7730,63,11,20240105,10,1
7731,129,8,20240817,80,1
7732,231,4,20220116,76,2
7733,178,5,20240907,8,5
7734,186,1,20240423,98,3
7735,136,14,20230615,58,5
7736,147,6,20210805,52,3
7737,26,7,20210727,74,2
7738,109,7,20241221,22,3
7739,176,2,20210228,82,3
7740,30,4,20240312,42,4
7741,39,8,20230928,77,5
7742,60,9,20210801,79,3
7743,47,6,20240228,80,3
7744,9,8,20240409,75,1
7745,136,6,20240313,12,4
7746,19,11,20221219,4,2
7747,122,8,20230423,22,3
7748,30,10,20230527,4,1
7749,240,11,20230927,91,5
7750,57,12,20210203,56,2
7751,249,10,20221106,11,2
7752,214,4,20240811,49,5
7753,210,10,20210222,80,3
7754,112,14,20230417,2,2
7755,116,11,20220307,29,4
7756,89,10,20230621,79,3
7757,233,9,20220317,82,1
7758,216,11,20221109,79,2
7759,164,10,20211008,67,2
7760,120,4,20241225,23,4
7761,111,11,20211102,91,5
7762,6,1,20221218,83,1
7763,49,6,20220319,84,3
7764,228,3,20210810,55,1
7765,229,12,20210922,75,5
7766,139,3,20210410,51,4
7767,119,6,20220902,97,5
7768,75,5,20220718,40,2
7769,46,4,20231101,35,1
7770,43,7,20211002,48,4
7771,249,6,20240709,33,3
7772,194,9,20230625,23,4
7773,39,8,20210211,19,1
7774,19,6,20220504,13,2
7775,31,7,20210322,57,2
7776,163,8,20210718,28,4
7777,134,5,20230105,48,5
7778,55,5,20240507,97,4
7779,31,10,20210103,69,4
7780,1,7,20231204,48,5
7781,101,6,20220905,17,3
7782,205,2,20241225,83,1
7783,155,7,20230611,1,5
7784,51,1,20240810,38,4
7785,17,13,20210311,31,3
7786,180,6,20241207,22,3
7787,156,13,20230809,25,5
7788,210,7,20240717,63,4
7789,17,12,20210621,99,4
7790,208,9,20210607,22,1
7791,160,9,20230411,92,2
7792,72,1,20231115,49,4
7793,217,1,20220821,57,3
7794,76,9,20221116,18,5
7795,142,5,20220522,38,4
7796,52,13,20221221,46,2
7797,11,5,20220625,18,3
7798,14,9,20220227,65,1
7799,129,1,20231027,70,3
7800,157,6,20231108,72,5
7801,136,3,20210208,70,5
7802,98,9,20210602,42,3
7803,159,8,20210104,60,1
7804,210,9,20231103,34,3
7805,140,13,20231026,35,5
7806,119,3,20211221,26,2
7807,124,10,20220207,65,2
7808,121,6,20231117,65,1
7809,83,11,20220714,21,4
7810,71,13,20210526,10,3
7811,227,3,20230411,35,3
7812,23,12,20230804,4,5
7813,82,1,20240804,34,5
7814,167,13,20240807,35,1
7815,35,2,20210518,18,4
7816,174,2,20220508,3,3
7817,192,6,20210102,67,5
7818,218,10,20211016,15,5
7819,1,1,20230324,6,3
7820,73,10,20220511,60,2
7821,55,12,20210715,0,5
7822,100,9,20220914,36,5
7823,99,2,20210803,64,2
7824,129,11,20230919,9,4
7825,11,9,20240713,41,4
7826,135,12,20240317,78,5
7827,163,13,20240224,60,4
7828,151,2,20221008,61,3
7829,223,14,20220112,84,3
7830,210,9,20231219,70,1
7831,134,5,20210820,50,1
7832,196,6,20240124,90,5
7833,89,8,20230627,84,5
7834,122,2,20230727,43,4
7835,213,10,20230306,15,1
7836,109,14,20221007,32,3
7837,158,9,20231014,79,1
7838,51,1,20230414,88,1
7839,164,10,20240103,63,3
7840,176,2,20220217,43,2
7841,27,5,20240301,25,4
7842,217,1,20230704,37,4
7843,189,5,20230418,90,5
7844,206,12,20210719,67,4
7845,11,7,20211001,88,3
7846,201,10,20220114,81,5
7847,86,10,20240925,12,2
7848,145,4,20240817,75,5
7849,85,2,20230414,4,2
7850,194,10,20211026,23,2
7851,175,1,20220608,52,3
7852,74,1,20210827,64,1
7853,178,13,20241224,89,3
7854,181,2,20220323,77,3
7855,237,9,20210817,14,2
7856,42,6,20210820,89,5
7857,202,5,20210623,77,3
7858,87,12,20220206,82,4
7859,37,13,20210926,96,3
7860,137,6,20210528,94,3
7861,149,8,20240617,41,2
7862,193,13,20240715,49,2
7863,184,9,20230901,8,3
7864,97,7,20230106,73,2
7865,167,13,20221201,44,4
7866,246,10,20210525,42,2
7867,148,6,20230925,73,2
7868,108,5,20210603,34,4
7869,81,6,20230201,90,4
7870,243,6,20240328,12,4
7871,59,9,20221021,43,2
7872,144,13,20220317,75,5
7873,40,8,20240819,26,3
7874,175,8,20210510,60,3
7875,201,1,20230516,45,1
7876,61,7,20221211,3,1
7877,179,1,20240903,51,1
7878,215,2,20231212,2,5
7879,87,14,20211210,68,3
7880,77,7,20210618,8,2
7881,239,13,20241002,58,4
7882,91,4,20221108,50,5
7883,177,14,20220706,10,1
7884,221,1,20210724,73,1
7885,173,10,20240326,58,5
7886,243,7,20210604,12,2
7887,118,14,20240624,21,5
7888,58,8,20241012,51,2
7889,126,6,20240703,6,5
7890,96,14,20210322,69,1
7891,171,4,20211021,38,3
7892,131,11,20220221,54,2
7893,127,12,20230522,32,3
7894,201,11,20210710,14,1
7895,97,1,20240302,83,1
7896,72,9,20220102,65,2
7897,126,12,20221002,86,4
7898,136,4,20210902,80,2
7899,190,1,20210613,10,3
7900,237,3,20220325,44,1
7901,240,6,20230616,19,3
7902,150,1,20220806,60,4
7903,65,1,20210413,2,1
7904,186,13,20230122,64,5
7905,155,11,20220322,83,5
7906,228,3,20211128,18,5
7907,196,9,20241116,65,2
7908,28,10,20240515,99,2
7909,234,12,20220415,95,1
7910,94,5,20221106,23,1
7911,236,1,20231118,19,2
7912,208,2,20240428,80,5
7913,133,11,20211008,7,2
7914,205,5,20220408,54,1
7915,33,3,20220502,80,2
7916,122,3,20221218,26,4
7917,204,12,20210821,45,4
7918,29,3,20230512,0,1
7919,88,13,20240716,85,3
7920,74,11,20220620,96,3
7921,140,12,20230724,31,5
7922,134,4,20240201,3,2
7923,200,14,20210615,78,1
7924,66,12,20220713,60,3
7925,56,8,20240609,42,4
7926,174,7,20210210,83,5
7927,45,12,20220328,82,3
7928,119,6,20210509,11,2
7929,214,7,20230827,67,4
7930,103,14,20211223,94,5
7931,234,6,20240607,8,2
7932,3,5,20230505,77,5
7933,172,2,20220103,91,4
7934,88,6,20211214,14,5
7935,195,7,20210923,48,2
7936,123,12,20210406,32,5
7937,162,13,20231214,19,1
7938,65,7,20230315,7,3
7939,187,8,20231226,33,2
7940,28,9,20220110,94,5
7941,49,12,20210620,27,4
7942,188,7,20230813,40,2
7943,233,8,20221002,35,4
7944,122,10,20240917,50,1
7945,107,8,20210319,6,1
7946,113,10,20211126,55,2
7947,124,14,20240716,70,1
7948,56,13,20240109,51,5
7949,57,3,20221004,20,4
7950,240,10,20241209,58,4
7951,84,13,20210926,27,1
7952,19,14,20210822,73,2
7953,180,9,20231216,92,1
7954,179,7,20240302,99,1
7955,67,5,20230409,55,3
7956,211,2,20231118,28,4
7957,110,4,20210718,71,5
7958,71,3,20240608,58,3
7959,92,5,20211021,82,1
7960,142,6,20210616,7,4
7961,162,3,20210825,22,5
7962,160,4,20210511,12,2
7963,145,12,20211216,13,1
7964,122,14,20231128,43,4
7965,68,1,20210403,90,1
7966,241,6,20240303,63,4
7967,58,7,20230324,52,1
7968,109,5,20231203,22,3
7969,42,9,20240424,43,1
7970,247,13,20210910,38,5
7971,94,6,20210113,33,4
7972,197,4,20230709,99,5
7973,228,14,20231209,48,5
7974,189,5,20210103,23,4
7975,5,11,20220112,87,3
7976,163,7,20230717,62,5
7977,170,1,20230213,53,3
7978,124,3,20220527,18,4
7979,108,7,20240824,6,5
7980,216,1,20231009,18,3
7981,160,5,20220824,36,2
7982,21,7,20220414,11,4
7983,40,9,20230225,94,4
7984,101,11,20230218,41,3
7985,233,2,20240113,23,5
7986,89,9,20231026,86,1
7987,21,11,20231020,56,1
7988,222,10,20230308,41,3
7989,109,3,20240924,83,4
7990,63,9,20221004,27,2
7991,83,8,20240226,56,2
7992,167,8,20210714,90,3
7993,128,13,20231020,9,1
7994,243,10,20210420,42,4
7995,63,13,20210723,45,4
7996,51,3,20240812,51,1
7997,222,9,20210905,60,2
7998,55,1,20221110,50,4
7999,60,14,20240124,74,5
8000,226,9,20220320,79,1
8001,244,5,20230727,14,2
8002,152,11,20220121,55,5
8003,65,13,20210519,95,1
8004,247,1,20221004,14,4
8005,248,5,20210205,47,1
8006,223,4,20210714,23,5
8007,6,14,20240306,85,1
8008,236,4,20210102,64,1
8009,159,2,20221228,80,2
8010,23,12,20240511,72,2
8011,26,5,20220325,5,1
8012,67,11,20210504,53,2
8013,103,6,20240202,26,5
8014,92,1,20230314,33,1
8015,215,1,20241008,66,4
8016,77,4,20241104,60,5
8017,145,14,20241119,78,2
8018,89,6,20240315,26,5
8019,250,3,20241024,78,2
8020,22,12,20211020,36,3
8021,70,10,20220710,75,1
8022,147,12,20210312,56,1
8023,211,6,20221105,69,1
8024,240,1,20221018,67,3
8025,158,11,20220227,63,1
8026,183,5,20231102,24,2
8027,87,8,20220605,58,2
8028,129,12,20220220,62,3
8029,61,13,20221219,64,5
8030,242,14,20240915,66,3
8031,95,10,20240322,88,2
8032,129,6,20220702,56,5
8033,140,12,20220924,84,2
8034,151,8,20211121,4,5
8035,177,10,20230502,94,1
8036,237,7,20211204,8,3
8037,163,5,20210405,93,1
8038,126,12,20211103,70,2
8039,244,4,20211207,85,2
8040,93,8,20220420,9,5
8041,245,1,20240102,25,1
8042,64,4,20210113,51,3
8043,101,14,20210108,65,5
8044,8,3,20220709,50,3
8045,13,3,20210718,69,1
8046,89,1,20220418,53,4
8047,177,13,20241108,63,3
8048,181,8,20210227,13,5
8049,209,9,20241001,64,5
8050,247,4,20210919,64,1
8051,175,4,20230216,48,4
8052,140,7,20210918,76,1
8053,187,11,20240302,74,3
8054,137,5,20220108,16,1
8055,51,12,20230510,58,1
8056,226,2,20230114,77,3
8057,206,9,20231024,39,4
8058,221,1,20220807,17,3
8059,15,5,20241123,85,1
8060,66,6,20210920,67,1
8061,24,1,20231117,86,2
8062,94,7,20210615,75,3
8063,82,12,20241120,46,3
8064,163,13,20230910,10,2
8065,201,9,20220725,93,2
8066,248,11,20220319,74,1
8067,110,1,20210425,33,1
8068,17,7,20210810,23,3
8069,56,12,20220320,23,3
8070,48,14,20230305,13,4
8071,86,13,20241008,90,5
8072,110,8,20220222,86,3
8073,43,8,20231122,42,1
8074,161,12,20210513,73,3
8075,26,11,20231202,42,1
8076,52,8,20210312,72,2
8077,14,2,20241204,90,2
8078,73,6,20220707,64,4
8079,180,8,20230428,87,2
8080,170,7,20231005,79,2
8081,150,12,20230919,64,3
8082,237,4,20210108,83,2
8083,174,8,20240907,89,1
8084,115,12,20220602,10,1
8085,10,5,20210924,3,3
8086,225,9,20241211,20,1
8087,200,14,20240826,49,3
8088,231,11,20220423,46,3
8089,197,7,20220916,81,3
8090,112,7,20210423,31,5
8091,18,13,20230818,35,3
8092,121,12,20240217,67,5
8093,124,13,20210418,46,1
8094,108,11,20240519,84,3
8095,157,6,20210425,60,4
8096,179,3,20240118,66,5
8097,201,13,20210601,92,5
8098,90,3,20210827,54,5
8099,4,6,20230328,46,4
8100,22,9,20231114,80,1
8101,230,4,20210709,46,2
8102,110,2,20230327,96,2
8103,46,5,20221025,90,2
8104,11,1,20240711,55,1
8105,21,6,20240502,15,5
8106,235,14,20230528,94,4
8107,24,10,20210101,85,4
8108,61,4,20220710,14,1
8109,5,1,20210726,50,5
8110,245,9,20210523,62,2
8111,144,9,20231206,49,2
8112,1,7,20231210,1,5
8113,100,7,20230720,47,2
8114,7,2,20221026,22,4
8115,165,3,20210613,31,3
8116,58,5,20240616,13,2
8117,66,10,20240828,98,1
8118,9,10,20220314,67,1
8119,137,11,20230715,64,1
8120,26,6,20230106,54,5
8121,77,3,20240410,46,1
8122,115,6,20241218,80,3
8123,221,7,20241215,75,1
8124,209,6,20220317,58,3
8125,150,8,20210610,0,3
8126,155,12,20220304,24,2
8127,55,14,20220602,85,1
8128,73,5,20241215,78,4
8129,178,12,20241201,13,5
8130,45,14,20221107,48,2
8131,224,1,20230520,38,4
8132,177,12,20210625,5,1
8133,114,8,20230909,36,5
8134,175,1,20230605,88,2
8135,96,12,20211224,42,5
8136,82,11,20210901,57,2
8137,193,8,20240916,44,3
8138,70,9,20241002,33,1
8139,21,3,20240115,65,1
8140,89,12,20220104,61,4
8141,220,9,20210428,22,1
8142,11,1,20210106,77,3
8143,3,7,20230120,30,3
8144,111,13,20220605,88,4
8145,225,3,20210414,62,5
8146,232,6,20221217,81,5
8147,21,14,20230310,99,1
8148,211,1,20240624,91,2
8149,243,11,20230628,29,3
8150,31,11,20220903,79,3
8151,221,9,20220625,50,2
8152,71,12,20211223,55,1
8153,36,14,20210228,86,4
8154,29,11,20221113,77,1
8155,36,10,20230828,43,1
8156,72,1,20231212,78,1
8157,88,6,20230617,46,2
8158,125,4,20220918,86,1
8159,174,13,20220304,17,3
8160,162,5,20231104,51,5
8161,114,4,20241024,49,1
8162,83,6,20230217,23,2
8163,134,4,20240113,73,4
8164,249,8,20230818,62,3
8165,146,9,20220503,67,1
8166,226,3,20230205,32,3
8167,222,9,20240410,55,3
8168,77,13,20231021,13,1
8169,39,12,20221101,90,4
8170,181,4,20220602,34,5
8171,104,12,20240517,52,4
8172,8,10,20230621,42,2
8173,20,7,20230505,70,2
8174,33,10,20240406,15,2
8175,116,6,20230418,13,5
8176,171,12,20220923,82,3
8177,29,2,20230802,79,2
8178,24,4,20210825,31,3
8179,5,5,20221117,60,5
8180,107,4,20240622,82,2
8181,220,9,20241121,71,3
8182,93,3,20230717,83,3
8183,136,4,20210226,85,3
8184,9,8,20230305,21,3
8185,2,8,20211118,32,4
8186,62,3,20240119,6,3
8187,223,12,20220611,56,1
8188,223,1,20221023,88,1
8189,44,10,20240207,55,1
8190,209,8,20210807,64,1
8191,149,4,20230815,6,5
8192,174,7,20210810,63,1
8193,223,13,20240927,56,4
8194,148,11,20220506,67,2
8195,229,11,20210314,37,5
8196,190,1,20221107,57,3
8197,219,3,20211009,66,1
8198,202,11,20220118,29,3
8199,235,7,20220128,80,5
8200,137,14,20230118,26,1
8201,65,12,20220206,46,4
8202,148,11,20210510,42,4
8203,247,5,20241021,6,4
8204,53,1,20210511,44,3
8205,66,12,20220321,82,5
8206,177,3,20230825,12,4
8207,57,8,20220814,17,4
8208,170,2,20230107,45,4
8209,241,4,20240226,98,1
8210,249,3,20221106,81,4
8211,79,13,20230226,79,4
8212,178,12,20210204,59,3
8213,85,13,20230109,4,1
8214,232,11,20241008,31,5
8215,157,8,20230113,9,3
8216,67,7,20220922,51,2
8217,119,10,20210721,62,4
8218,51,10,20220919,86,5
8219,91,9,20231104,53,1
8220,208,6,20240710,68,4
8221,44,13,20210720,68,1
8222,247,2,20210813,37,4
8223,234,11,20230615,76,1
8224,223,11,20241126,48,3
8225,7,2,20211217,88,4
8226,185,2,20220807,2,1
8227,28,5,20230819,59,2
8228,221,1,20240615,22,5
8229,52,6,20230702,57,4
8230,64,12,20210404,78,5
8231,22,6,20210806,56,2
8232,227,4,20230719,52,2
8233,77,12,20210704,29,2
8234,111,12,20230723,70,1
8235,133,1,20230206,6,5
8236,25,5,20220301,37,5
8237,116,4,20240909,8,5
8238,216,9,20221108,59,4
8239,243,11,20231203,59,4
8240,148,10,20221221,27,3
8241,195,3,20240713,9,2
8242,150,12,20230811,2,1
8243,68,11,20211019,59,3
8244,7,1,20211101,34,1
8245,157,4,20240609,38,1
8246,99,14,20231212,10,4
8247,166,1,20241111,6,5
8248,205,13,20241019,42,1
8249,12,14,20210710,1,2
8250,169,13,20230418,7,3
8251,80,1,20240401,52,2
8252,147,3,20210219,58,3
8253,17,5,20210203,15,5
8254,250,9,20220104,77,5
8255,74,9,20220324,99,2
8256,74,5,20220707,15,4
8257,187,2,20240625,6,3
8258,173,2,20220619,28,4
8259,93,14,20230412,61,4
8260,100,6,20230404,19,5
8261,112,8,20210319,26,2
8262,57,8,20230721,25,1
8263,33,10,20240824,48,2
8264,145,2,20230311,56,2
8265,22,9,20210914,91,4
8266,16,2,20211222,37,5
8267,169,7,20220211,93,3
8268,41,14,20241019,38,1
8269,107,11,20230718,72,3
8270,238,12,20210125,95,2
8271,77,12,20231118,52,4
8272,21,10,20240625,18,2
8273,191,13,20240426,93,5
8274,95,11,20211113,99,4
8275,211,2,20220321,49,4
8276,205,8,20240223,2,5
8277,123,7,20231227,95,5
8278,54,7,20210114,86,5
8279,68,10,20220713,23,5
8280,124,1,20220916,0,1
8281,156,7,20220526,26,1
8282,69,10,20210326,46,1
8283,50,3,20230912,19,2
8284,181,4,20231125,60,4
8285,65,5,20221128,0,3
8286,117,4,20230921,78,2
8287,119,3,20230310,45,3
8288,211,2,20230420,65,3
8289,120,5,20240602,59,5
8290,56,3,20240721,9,1
8291,62,7,20230220,16,5
8292,215,4,20240323,83,5
8293,154,7,20230410,38,4
8294,223,2,20230310,71,4
8295,247,10,20240720,22,4
8296,224,14,20211117,99,5
8297,204,12,20220111,1,5
8298,55,7,20221218,14,2
8299,120,6,20231124,5,2
8300,155,4,20211010,67,4
8301,69,4,20230926,85,4
8302,137,2,20220809,91,1
8303,72,5,20221207,96,1
8304,248,11,20221223,83,2
8305,118,13,20240724,96,5
8306,35,5,20240619,0,5
8307,192,2,20230101,71,4
8308,117,6,20211205,38,1
8309,77,7,20230127,81,3
8310,175,12,20230126,41,1
8311,32,10,20210515,87,2
8312,21,7,20220905,75,4
8313,109,5,20220227,53,4
8314,184,1,20231005,6,1
8315,243,8,20221014,55,3
8316,228,4,20210124,2,2
8317,9,14,20211010,70,3
8318,237,1,20230701,95,3
8319,12,5,20220925,93,2
8320,153,4,20241220,91,3
8321,121,5,20211021,68,5
8322,157,12,20240411,25,3
8323,217,7,20230610,36,1
8324,28,14,20221125,47,5
8325,25,9,20220727,56,5
8326,24,9,20231004,9,3
8327,188,8,20211027,61,2
8328,117,1,20210417,66,5
8329,220,4,20240908,13,5
8330,149,12,20240501,96,5
8331,146,7,20241019,0,4
8332,48,11,20220826,15,1
8333,11,9,20210209,50,5
8334,182,8,20211111,47,3
8335,226,3,20230221,36,3
8336,154,13,20240313,64,2
8337,207,6,20220802,96,1
8338,154,5,20210518,22,2
8339,105,7,20220625,51,1
8340,212,4,20220906,34,3
8341,158,8,20240720,4,4
8342,143,3,20220121,45,1
8343,223,1,20211228,40,4
8344,142,6,20240817,31,1
8345,203,4,20210722,69,3
8346,232,3,20230305,78,2
8347,51,13,20241111,62,3
8348,166,6,20220905,85,2
8349,215,6,20220906,86,1
8350,120,7,20231121,97,4
8351,20,11,20220426,49,2
8352,147,8,20220328,25,2
8353,22,7,20220304,73,4
8354,156,9,20231025,17,5
8355,83,1,20220922,85,2
8356,57,14,20220825,86,2
8357,139,10,20220615,72,1
8358,216,10,20240711,32,2
8359,89,5,20210511,45,1
8360,205,3,20210928,65,5
8361,63,9,20230218,94,1
8362,198,3,20210524,3,3
8363,15,6,20220802,89,5
8364,214,10,20241005,70,4
8365,217,2,20210616,71,3
8366,15,1,20240909,42,5
8367,183,11,20210111,82,1
8368,35,8,20221002,8,2
8369,182,3,20211027,46,5
8370,211,14,20240825,68,2
8371,91,1,20210609,20,5
8372,241,9,20230713,27,1
8373,227,3,20220316,51,4
8374,77,8,20221222,38,5
8375,192,12,20220222,52,5
8376,38,4,20230225,1,4
8377,44,6,20230421,35,3
8378,204,8,20220327,54,5
8379,163,6,20231028,53,3
8380,230,8,20241005,81,4
8381,172,14,20210720,99,2
8382,22,13,20220305,4,4
8383,92,12,20210403,93,4
8384,36,13,20221214,78,3
8385,81,1,20230622,37,2
8386,19,1,20231014,62,4
8387,29,4,20211205,36,2
8388,104,14,20240108,73,1
8389,224,11,20230320,48,1
8390,192,11,20220919,97,1
8391,186,9,20220221,80,1
8392,111,14,20240105,61,4
8393,148,4,20220716,77,4
8394,185,4,20211005,60,4
8395,225,9,20210323,94,3
8396,239,9,20241108,69,4
8397,210,2,20221009,13,2
8398,210,4,20210108,17,3
8399,86,2,20210317,39,5
8400,99,9,20230117,63,4
8401,51,2,20210919,19,2
8402,27,8,20220815,27,5
8403,202,9,20230813,56,5
8404,139,12,20230318,51,2
8405,211,4,20210921,57,5
8406,130,1,20231120,35,3
8407,97,12,20240409,96,5
8408,20,1,20230915,62,5
8409,229,3,20220918,78,4
8410,241,8,20221120,37,5
8411,33,11,20210804,38,4
8412,130,5,20240302,42,1
8413,244,8,20220211,27,3
8414,166,5,20211028,8,1
8415,16,13,20220612,83,2
8416,33,8,20240511,39,3
8417,60,12,20210715,98,5
8418,231,14,20230528,20,4
8419,2,9,20230216,82,4
8420,226,10,20221124,46,1
8421,97,3,20240625,30,1
8422,194,8,20220921,17,3
8423,44,4,20240620,56,4
8424,124,6,20231115,52,2
8425,186,4,20231122,14,2
8426,211,9,20221211,66,4
8427,17,5,20240804,22,2
8428,21,7,20230623,17,1
8429,207,3,20240515,7,5
8430,227,12,20230326,85,3
8431,33,8,20231205,7,3
8432,187,4,20230214,87,2
8433,244,2,20221012,27,5
8434,79,7,20230220,86,1
8435,190,10,20230424,83,3
8436,187,9,20220809,38,2
8437,23,13,20240709,79,3
8438,109,13,20240725,46,2
8439,27,1,20240615,73,5
8440,164,10,20230525,54,5
8441,247,14,20230123,97,3
8442,238,3,20230415,17,1
8443,164,12,20230908,88,4
8444,13,13,20220927,79,1
8445,91,2,20210418,8,1
8446,16,5,20240824,23,3
8447,199,5,20210815,35,3
8448,89,13,20220919,71,3
8449,1,5,20230105,38,3
8450,163,6,20220522,92,5
8451,4,11,20210628,81,3
8452,62,2,20230602,23,2
8453,176,2,20210213,62,3
8454,13,10,20221010,0,1
8455,131,13,20241022,14,4
8456,245,9,20221028,36,3
8457,207,5,20210821,6,4
8458,96,6,20220801,48,5
8459,141,10,20221201,89,5
8460,235,7,20211121,80,4
8461,41,5,20240316,75,2
8462,79,1,20231024,18,1
8463,247,7,20221204,29,5
8464,176,13,20240816,70,3
8465,109,9,20240923,11,1
8466,240,1,20220209,97,1
8467,157,3,20240820,46,3
8468,147,3,20210614,98,3
8469,176,5,20231228,46,1
8470,31,14,20210822,0,1
8471,175,5,20210519,25,1
8472,73,1,20210817,45,4
8473,225,10,20241226,43,5
8474,75,13,20240624,16,4
8475,31,13,20221221,3,5
8476,144,9,20230424,98,2
8477,20,12,20230815,9,4
8478,146,11,20220417,71,4
8479,154,4,20220605,38,3
8480,107,6,20230208,16,1
8481,205,6,20210308,53,3
8482,228,2,20210603,40,5
8483,157,1,20240122,84,1
8484,78,11,20231021,18,1
8485,152,2,20230702,94,3
8486,71,3,20230601,11,3
8487,50,9,20231221,88,5
8488,242,6,20240105,13,2
8489,113,7,20220901,25,4
8490,105,5,20220322,6,2
8491,31,9,20220602,81,4
8492,67,6,20241116,81,2
8493,145,6,20240310,66,4
8494,162,14,20230218,1,2
8495,15,4,20221104,77,1
8496,123,5,20230227,86,2
8497,142,5,20230113,36,5
8498,237,8,20211113,38,3
8499,137,10,20241215,62,1
8500,44,6,20220107,90,1
8501,102,4,20230808,89,2
8502,108,1,20220126,61,3
8503,212,1,20221010,71,3
8504,113,5,20240512,8,5
8505,232,13,20240501,97,4
8506,201,14,20231021,53,3
8507,135,4,20211223,78,5
8508,1,6,20241224,30,4
8509,232,5,20211026,94,3
8510,184,10,20220715,85,3
8511,70,1,20210313,88,1
8512,155,14,20230919,92,2
8513,99,9,20220210,67,2
8514,60,11,20240616,94,2
8515,125,11,20230216,81,3
8516,161,3,20221127,63,4
8517,2,3,20230613,47,4
8518,91,2,20220823,31,4
8519,34,13,20240723,1,1
8520,24,4,20240717,90,1
8521,97,13,20241113,32,2
8522,110,1,20240621,2,5
8523,187,7,20240510,44,4
8524,38,6,20230228,79,1
8525,198,7,20230223,50,2
8526,166,13,20240223,81,2
8527,39,1,20210210,66,1
8528,112,9,20210404,83,4
8529,198,11,20230310,42,2
8530,196,13,20210923,66,5
8531,81,6,20220426,97,5
8532,80,8,20211023,55,3
8533,172,14,20240607,52,4
8534,70,13,20210423,25,2
8535,234,12,20231207,28,3
8536,164,11,20240405,75,4
8537,100,1,20230609,92,1
8538,214,8,20240219,70,4
8539,77,3,20231013,85,1
8540,199,2,20240503,47,5
8541,117,5,20241125,13,3
8542,48,3,20220928,91,4
8543,11,4,20240121,24,1
8544,80,6,20231012,42,5
8545,90,12,20240703,23,5
8546,81,14,20240109,57,2
8547,204,2,20221210,92,4
8548,170,1,20241227,47,1
8549,208,13,20230714,49,1
8550,194,13,20240213,37,4
8551,211,14,20210804,2,2
8552,134,8,20230219,90,5
8553,129,11,20230215,45,5
8554,33,3,20221028,39,3
8555,96,3,20221010,3,1
8556,6,14,20221209,45,4
8557,18,3,20231121,45,5
8558,192,9,20220317,53,5
8559,222,6,20240623,12,5
8560,98,2,20210804,62,1
8561,131,6,20230317,16,4
8562,123,8,20230320,9,4
8563,237,14,20230918,41,3
8564,16,7,20230427,33,5
8565,201,7,20210208,37,1
8566,73,7,20240712,93,4
8567,197,7,20230715,21,2
8568,76,12,20210824,56,5
8569,157,13,20231118,42,2
8570,157,14,20240721,98,2
8571,108,2,20220325,36,3
8572,225,2,20230217,3,3
8573,88,4,20210928,36,5
8574,221,3,20210524,27,4
8575,202,5,20241008,53,4
8576,212,14,20220919,75,5
8577,173,6,20241114,93,4
8578,6,8,20240807,34,2
8579,111,1,20240605,84,3
8580,183,7,20241203,31,4
8581,206,6,20230321,32,1
8582,165,3,20240919,17,4
8583,84,3,20230318,83,2
8584,20,10,20230108,12,5
8585,174,5,20220626,83,3
8586,219,11,20210108,3,2
8587,58,6,20240123,79,3
8588,113,6,20210415,62,1
8589,40,8,20221116,18,2
8590,167,13,20230506,59,3
8591,181,6,20210507,21,2
8592,133,4,20231107,90,4
8593,88,6,20221102,5,2
8594,41,1,20210817,60,5
8595,208,3,20230903,45,3
8596,150,10,20220309,86,4
8597,112,7,20221205,76,2
8598,130,5,20230116,24,4
8599,109,11,20241018,36,1
8600,142,8,20230126,9,2
8601,15,7,20210322,82,4
8602,215,4,20210210,86,5
8603,52,10,20220427,89,3
8604,168,1,20221124,45,4
8605,153,1,20211220,45,4
8606,107,8,20240824,79,2
8607,203,5,20210508,2,3
8608,12,10,20210808,11,5
8609,108,4,20240921,79,4
8610,49,1,20210320,4,3
8611,223,10,20210707,52,5
8612,115,5,20230319,93,4
8613,102,5,20210228,12,3
8614,123,1,20240815,44,1
8615,89,3,20220202,6,1
8616,198,6,20230820,39,4
8617,80,1,20211005,37,2
8618,41,5,20210823,16,4
8619,46,3,20220403,96,2
8620,119,14,20210910,53,2
8621,28,12,20231107,52,1
8622,91,3,20240527,28,3
8623,19,9,20230204,9,5
8624,59,5,20240423,7,2
8625,73,9,20230811,53,1
8626,232,1,20240317,89,1
8627,206,14,20230115,25,5
8628,148,1,20240510,30,2
8629,8,5,20241120,63,2
8630,66,10,20221207,12,4
8631,221,6,20220614,86,1
8632,24,14,20220415,18,2
8633,217,8,20240616,1,1
8634,137,3,20240122,14,3
8635,225,10,20240117,16,4
8636,131,3,20240527,48,5
8637,39,10,20240220,3,1
8638,68,14,20240427,0,4
8639,211,5,20240916,65,5
8640,72,13,20210920,38,4
8641,222,6,20230720,54,5
8642,80,4,20240203,65,1
8643,17,2,20220220,84,5
8644,247,5,20240227,54,5
8645,14,4,20220113,49,1
8646,240,14,20230409,2,1
8647,77,12,20240215,20,4
8648,65,5,20231219,74,1
8649,246,7,20240510,36,4
8650,220,7,20220320,62,5
8651,56,8,20210911,60,3
8652,52,3,20231014,88,1
8653,39,5,20240201,97,3
8654,67,12,20220813,45,2
8655,82,2,20220703,96,5
8656,158,6,20210914,44,2
8657,68,8,20231218,61,5
8658,184,2,20240910,35,1
8659,152,14,20220905,95,1
8660,41,6,20220819,28,2
8661,50,14,20231214,46,5
8662,195,6,20230619,62,2
8663,207,9,20220122,36,1
8664,6,2,20241223,19,2
8665,179,6,20231124,17,3
8666,90,5,20240224,88,2
8667,62,3,20220214,48,2
8668,36,10,20221109,87,5
8669,244,1,20230328,49,2
8670,93,9,20240508,16,5
8671,43,1,20210310,7,5
8672,100,11,20210208,25,4
8673,45,6,20241114,65,2
8674,21,10,20221224,79,5
8675,214,4,20240911,36,4
8676,56,6,20210804,50,4
8677,131,9,20210501,91,2
8678,143,9,20230203,81,1
8679,213,9,20230102,69,2
8680,7,4,20220221,27,5
8681,91,4,20210315,46,4
8682,208,12,20210708,66,3
8683,165,9,20230924,73,1
8684,21,1,20221013,86,4
8685,89,10,20231117,49,1
8686,229,12,20210114,43,3
8687,148,7,20220507,43,4
8688,171,3,20240722,99,2
8689,213,1,20241127,45,5
8690,37,1,20220401,82,2
8691,173,13,20240126,75,3
8692,40,1,20210415,64,2
8693,6,14,20220614,99,3
8694,88,2,20241206,61,2
8695,23,4,20221114,81,3
8696,35,2,20221127,52,1
8697,137,1,20230322,41,1
8698,153,13,20231112,15,3
8699,101,14,20220306,59,4
8700,109,14,20220517,75,3
8701,45,11,20240823,77,5
8702,76,4,20231122,46,2
8703,212,10,20220407,87,2
8704,80,2,20220510,31,1
8705,175,2,20211221,56,4
8706,188,7,20221008,11,4
8707,40,14,20220723,21,4
8708,40,3,20240719,8,2
8709,183,10,20210214,2,5
8710,215,10,20210922,27,3
8711,60,4,20240415,44,2
8712,69,12,20230623,48,2
8713,134,14,20241208,84,1
8714,161,4,20220714,70,3
8715,115,14,20210512,63,3
8716,54,10,20230306,76,4
8717,102,8,20240101,89,2
8718,232,4,20211022,88,5
8719,245,3,20210806,76,3
8720,225,6,20210925,55,3
8721,49,6,20220326,51,2
8722,130,14,20221121,87,3
8723,35,14,20210927,16,2
8724,107,6,20220509,95,1
8725,239,5,20220802,15,4
8726,162,14,20210216,57,4
8727,116,2,20210414,84,5
8728,150,14,20230604,85,2
8729,151,7,20240123,39,4
8730,240,14,20210526,64,3
8731,150,4,20210619,83,4
8732,204,1,20240301,31,3
8733,248,14,20240620,51,2
8734,56,11,20210418,51,1
8735,45,10,20210707,76,2
8736,241,4,20220108,24,3
8737,140,9,20220124,11,4
8738,190,3,20221028,21,2
8739,90,8,20230919,10,4
8740,192,7,20220913,91,3
8741,183,2,20220508,81,5
8742,83,12,20240728,23,3
8743,217,10,20230817,79,5
8744,240,1,20230328,32,5
8745,170,13,20230520,57,3
8746,64,6,20231023,63,4
8747,30,9,20210903,63,5
8748,74,9,20220108,72,3
8749,48,2,20210212,57,2
8750,9,1,20230407,88,5
8751,74,7,20210627,47,4
8752,46,9,20230226,57,2
8753,112,14,20220325,35,1
8754,104,14,20221213,65,2
8755,26,8,20240418,51,4
8756,91,6,20210821,48,1
8757,241,2,20210306,10,1
8758,246,12,20210427,26,4
8759,98,1,20230821,72,2
8760,58,9,20240823,22,5
8761,3,13,20220525,99,5
8762,191,8,20220413,12,1
8763,171,1,20240109,35,5
8764,188,14,20210822,61,1
8765,111,2,20220328,97,4
8766,250,3,20220524,93,4
8767,22,1,20230808,38,2
8768,123,2,20241210,72,1
8769,49,7,20230712,88,4
8770,51,7,20220626,80,3
8771,138,4,20241205,39,5
8772,118,12,20210215,32,1
8773,213,14,20220908,25,5
8774,74,3,20220401,26,3
8775,220,3,20210526,44,2
8776,106,4,20230811,93,2
8777,115,4,20220317,84,1
8778,12,1,20210406,40,3
8779,35,11,20220426,56,1
8780,26,10,20230413,79,2
8781,50,13,20210904,36,2
8782,214,9,20231202,3,1
8783,177,12,20230806,39,5
8784,233,10,20210517,52,5
8785,166,6,20240311,63,1
8786,28,2,20220313,72,1
8787,217,11,20211214,50,3
8788,100,14,20220617,82,4
8789,51,12,20221014,5,4
8790,125,8,20231021,72,4
8791,170,13,20220218,94,1
8792,89,5,20240920,41,1
8793,5,13,20220326,18,2
8794,74,8,20240717,71,1
8795,202,10,20230213,35,3
8796,34,12,20211010,17,3
8797,237,5,20210118,24,1
8798,192,10,20210224,55,3
8799,164,3,20240623,66,3
8800,125,3,20240401,57,5
8801,162,6,20240320,31,1
8802,75,12,20220817,50,2
8803,34,1,20220519,44,5
8804,168,9,20221118,30,1
8805,142,3,20221222,80,3
8806,202,14,20241111,40,5
8807,166,11,20240608,62,5
8808,179,8,20210410,51,3
8809,37,5,20230908,56,3
8810,198,1,20241108,42,1
8811,215,9,20220502,18,2
8812,221,5,20210427,18,3
8813,224,9,20231212,32,1
8814,181,4,20211019,17,1
8815,156,10,20220605,4,4
8816,32,12,20220520,43,2
8817,41,5,20210912,45,2
8818,229,14,20230328,1,3
8819,247,11,20210909,65,3
8820,123,9,20210326,22,2
8821,22,11,20210328,69,2
8822,239,1,20220410,22,1
8823,124,12,20241011,16,2
8824,81,5,20230524,7,2
8825,241,3,20230121,79,5
8826,197,9,20220324,62,3
8827,205,4,20230623,97,4
8828,103,11,20231120,46,4
8829,246,13,20210318,34,3
8830,100,13,20220608,39,5
8831,230,5,20240328,35,4
8832,100,1,20230525,26,2
8833,110,6,20230125,61,1
8834,172,2,20231016,8,4
8835,89,5,20210723,26,4
8836,230,3,20230907,55,1
8837,169,11,20220102,17,1
8838,132,10,20230906,37,3
8839,123,5,20220809,99,3
8840,215,14,20220311,37,2
8841,247,8,20220528,40,1
8842,139,11,20221026,98,2
8843,74,9,20231225,44,3
8844,214,13,20230608,59,5
8845,57,11,20230322,22,1
8846,16,6,20220321,97,2
8847,46,8,20231216,78,3
8848,8,5,20230214,15,3
8849,78,12,20230305,31,3
8850,180,1,20240526,25,5
8851,236,7,20211119,37,1
8852,203,8,20230907,54,4
8853,221,5,20240215,29,2
8854,164,12,20210109,22,4
8855,191,11,20210828,12,4
8856,46,5,20221125,59,3
8857,123,14,20210521,55,3
8858,145,4,20210504,38,5
8859,159,6,20240507,25,4
8860,84,9,20241008,98,5
8861,248,1,20240421,7,1
8862,57,1,20220104,99,2
8863,183,12,20210528,13,4
8864,26,1,20220124,37,3
8865,116,6,20240914,20,1
8866,155,11,20240116,40,5
8867,161,5,20240715,78,2
8868,221,8,20210508,50,4
8869,216,8,20230109,61,3
8870,54,10,20220519,14,2
8871,100,10,20230504,2,1
8872,71,8,20221009,18,5
8873,146,8,20210613,94,4
8874,150,8,20210623,95,3
8875,75,10,20240113,90,4
8876,11,13,20210204,50,4
8877,64,7,20240210,55,4
8878,7,7,20240802,1,4
8879,222,5,20211204,93,3
8880,123,14,20210425,10,2
8881,95,3,20230827,59,1
8882,129,14,20230608,50,3
8883,98,13,20230627,42,3
8884,178,1,20230115,23,4
8885,29,6,20220807,30,4
8886,214,11,20230815,28,4
8887,213,13,20230915,3,3
8888,88,4,20240308,0,2
8889,95,8,20230412,12,5
8890,209,11,20220118,61,5
8891,194,6,20240615,0,3
8892,145,12,20210306,26,5
8893,220,10,20220316,32,1
8894,100,6,20210603,47,1
8895,26,4,20230314,1,4
8896,85,10,20230512,2,5
8897,157,14,20230318,35,2
8898,179,8,20220907,66,4
8899,150,10,20221102,16,2
8900,106,9,20240923,59,2
8901,228,13,20231207,59,3
8902,209,4,20210615,81,4
8903,198,5,20230817,99,4
8904,203,4,20210515,63,3
8905,141,2,20221026,16,3
8906,246,6,20220107,73,2
8907,161,7,20210512,66,3
8908,54,9,20210826,44,4
8909,74,2,20210819,25,3
8910,223,12,20241208,1,2
8911,45,3,20240413,8,1
8912,31,2,20220509,34,2
8913,248,9,20220516,58,1
8914,35,6,20240706,59,3
8915,38,12,20220518,2,2
8916,53,12,20221228,58,2
8917,171,6,20220323,28,3
8918,60,12,20210213,17,1
8919,236,1,20210904,86,2
8920,85,14,20210514,52,5
8921,221,14,20220307,56,4
8922,12,11,20210909,16,4
8923,216,14,20210901,63,1
8924,85,9,20240728,55,5
8925,85,1,20210407,73,1
8926,54,7,20220227,71,2
8927,155,13,20240814,23,2
8928,34,11,20210613,33,4
8929,143,5,20220612,31,5
8930,241,10,20241009,96,5
8931,196,14,20220627,0,3
8932,124,6,20210822,40,5
8933,169,2,20211228,38,1
8934,158,11,20230224,42,2
8935,62,8,20210924,6,2
8936,175,3,20220106,25,4
8937,81,9,20210227,17,5
8938,92,8,20230809,35,2
8939,193,11,20220316,94,1
8940,104,4,20220623,59,2
8941,7,6,20210116,46,3
8942,233,11,20210826,27,1
8943,17,3,20220315,23,2
8944,9,2,20221114,71,3
8945,54,8,20240618,56,3
8946,225,5,20220901,49,1
8947,140,4,20240226,59,1
8948,230,3,20220906,20,4
8949,195,4,20220216,31,4
8950,216,4,20231018,49,4
8951,145,9,20241002,61,5
8952,15,5,20241004,17,2
8953,57,1,20230806,3,3
8954,174,10,20210202,33,4
8955,181,6,20230707,15,5
8956,30,4,20220621,41,1
8957,215,7,20210912,76,5
8958,36,2,20220601,33,2
8959,2,7,20210606,60,4
8960,5,8,20220923,92,4
8961,165,2,20240228,90,5
8962,17,11,20220124,35,2
8963,176,10,20220311,47,3
8964,119,1,20230407,11,3
8965,186,2,20221227,14,4
8966,232,11,20241106,88,4
8967,153,14,20210603,75,4
8968,14,1,20240628,29,2
8969,235,12,20220719,34,3
8970,24,7,20220502,24,1
8971,84,10,20241115,17,3
8972,101,10,20220603,47,5
8973,146,12,20210201,41,5
8974,155,8,20210906,29,1
8975,29,12,20230613,70,1
8976,4,13,20231102,67,4
8977,200,2,20230306,82,1
8978,158,9,20230527,2,3
8979,243,12,20241125,65,2
8980,45,6,20230825,96,1
8981,80,1,20240404,4,5
8982,228,4,20221118,43,5
8983,36,4,20210710,95,2
8984,68,2,20240311,62,3
8985,19,8,20230701,26,1
8986,215,11,20231208,82,4
8987,171,9,20240909,48,4
8988,181,12,20240825,61,3
8989,213,14,20210508,31,3
8990,123,10,20230510,83,4
8991,229,5,20220812,99,4
8992,134,6,20230613,86,1
8993,71,4,20220611,46,1
8994,138,7,20210906,46,4
8995,216,2,20231022,92,1
8996,177,9,20240816,85,5
8997,133,9,20210925,13,1
8998,200,8,20240528,76,5
8999,98,1,20210515,1,2
9000,74,10,20231004,2,5
9001,58,1,20230408,18,3
9002,47,6,20220914,59,1
9003,168,9,20220220,73,2
9004,65,12,20240214,15,5
9005,237,2,20240516,44,1
9006,90,3,20220610,31,1
9007,68,10,20210812,93,3
9008,86,1,20220112,5,1
9009,80,1,20221228,23,3
9010,128,14,20240125,36,1
9011,174,12,20241220,85,5
9012,2,2,20230208,67,4
9013,107,13,20240814,86,2
9014,5,1,20240309,47,3
9015,147,4,20230708,3,4
9016,83,4,20221024,72,1
9017,69,5,20231009,74,1
9018,16,6,20220426,62,4
9019,126,1,20220216,92,2
9020,157,9,20220516,73,5
9021,132,10,20240422,48,5
9022,190,12,20230113,91,5
9023,238,2,20220225,59,3
9024,49,4,20230822,77,3
9025,5,8,20220812,77,4
9026,15,7,20231010,99,1
9027,62,1,20210813,12,3
9028,149,10,20220821,70,3
9029,214,14,20230926,12,3
9030,146,1,20220211,72,3
9031,64,10,20230402,38,3
9032,111,7,20240204,97,5
9033,143,2,20220322,63,3
9034,150,14,20220623,91,1
9035,176,9,20220428,66,2
9036,243,7,20231006,72,5
9037,179,4,20220715,46,5
9038,106,9,20240317,65,3
9039,235,12,20220821,44,3
9040,143,13,20240514,49,2
9041,157,11,20220701,82,1
9042,222,12,20240116,19,1
9043,75,13,20211219,69,1
9044,223,14,20230304,20,5
9045,209,10,20230126,75,2
9046,106,10,20230514,45,5
9047,33,14,20221218,35,3
9048,168,2,20210807,18,4
9049,49,2,20230212,10,2
9050,113,6,20240714,74,2
9051,235,13,20231017,82,5
9052,78,9,20230726,12,5
9053,187,4,20241002,61,5
9054,63,3,20240423,99,4
9055,158,7,20220716,9,3
9056,127,9,20240220,69,3
9057,150,11,20211222,60,4
9058,103,5,20240318,70,3
9059,127,2,20220612,21,4
9060,2,9,20210411,86,5
9061,26,1,20220819,61,1
9062,224,1,20210726,70,5
9063,161,12,20230907,79,3
9064,50,11,20210424,14,2
9065,62,10,20231021,3,2
9066,103,4,20210721,51,2
9067,219,8,20220328,48,4
9068,247,14,20210815,84,5
9069,82,7,20230205,28,1
9070,137,7,20231013,6,4
9071,61,9,20230409,21,5
9072,243,13,20210418,5,3
9073,154,8,20241019,61,1
9074,72,4,20241201,60,5
9075,157,6,20240415,48,4
9076,116,10,20210918,70,3
9077,110,8,20220718,60,2
9078,53,11,20241123,24,5
9079,53,10,20231127,98,4
9080,92,7,20240921,74,5
9081,22,2,20240622,40,2
9082,212,8,20240823,88,4
9083,161,1,20231010,68,3
9084,62,12,20241207,26,5
9085,150,9,20240822,7,4
9086,157,3,20241210,99,1
9087,162,8,20230704,77,3
9088,146,12,20230304,54,4
9089,30,13,20210515,30,5
9090,166,4,20230721,55,2
9091,213,13,20240809,67,3
9092,21,2,20211208,77,5
9093,150,2,20211010,66,5
9094,60,7,20220828,68,1
9095,187,7,20211127,52,2
9096,99,4,20210405,69,3
9097,134,9,20231014,33,5
9098,160,10,20210625,48,3
9099,81,8,20230610,55,5
9100,178,4,20210113,1,1
9101,100,13,20231206,76,2
9102,243,8,20241206,92,1
9103,248,14,20220405,71,1
9104,103,4,20221120,42,1
9105,79,3,20220103,82,2
9106,76,13,20210513,97,2
9107,119,13,20230220,48,2
9108,192,9,20240912,97,3
9109,172,4,20220605,90,1
9110,70,7,20220127,98,1
9111,99,11,20211221,29,5
9112,245,14,20210707,24,2
9113,83,1,20240227,37,4
9114,6,5,20211015,51,1
9115,166,2,20220910,82,1
9116,150,13,20240710,96,4
9117,146,14,20211026,1,2
9118,149,9,20220103,55,2
9119,108,3,20240215,22,3
9120,86,14,20240805,54,2
9121,249,14,20230422,74,2
9122,113,11,20230819,21,3
9123,233,4,20210827,71,3
9124,185,6,20221123,95,4
9125,15,8,20210806,31,4
9126,173,3,20210306,91,5
9127,87,12,20230426,37,2
9128,116,3,20221226,20,1
9129,140,4,20240623,73,2
9130,57,10,20240619,10,3
9131,231,6,20240105,21,2
9132,35,4,20210902,69,1
9133,30,3,20231124,96,5
9134,182,5,20230301,88,2
9135,1,9,20210908,34,4
9136,171,6,20240626,21,5
9137,8,4,20210101,34,4
9138,185,6,20210627,48,3
9139,233,12,20210516,92,3
9140,163,14,20230905,65,1
9141,44,7,20240812,58,4
9142,51,8,20230821,95,2
9143,48,8,20240702,80,3
9144,243,8,20211225,12,2
9145,148,5,20231008,52,4
9146,17,12,20221127,7,5
9147,20,13,20220721,89,4
9148,117,7,20220504,91,5
9149,15,4,20240608,86,1
9150,223,9,20230216,4,4
9151,132,1,20230615,3,3
9152,33,1,20210410,44,3
9153,200,12,20240819,36,2
9154,161,12,20230419,18,3
9155,104,8,20240322,34,1
9156,177,7,20210126,66,2
9157,238,11,20211015,95,5
9158,30,4,20230802,48,2
9159,69,4,20240520,92,4
9160,250,5,20210710,34,2
9161,7,9,20230401,55,2
9162,188,3,20211226,82,3
9163,84,9,20220121,77,1
9164,6,1,20241018,15,3
9165,214,11,20240705,47,4
9166,248,7,20230722,73,1
9167,232,4,20230927,85,4
9168,59,12,20211101,29,2
9169,97,6,20221213,11,2
9170,30,6,20240620,15,2
9171,79,12,20231015,35,2
9172,25,9,20210325,41,3
9173,60,7,20211105,42,5
9174,136,14,20240202,47,5
9175,70,12,20230412,24,5
9176,124,12,20210627,57,1
9177,227,5,20240510,39,1
9178,134,6,20240508,16,4
9179,121,12,20220406,35,3
9180,180,11,20240106,40,2
9181,139,5,20231209,68,5
9182,145,6,20210907,51,1
9183,190,4,20230117,28,5
9184,40,8,20230826,59,4
9185,29,3,20230415,98,1
9186,34,5,20210222,38,2
9187,20,5,20210824,22,5
9188,86,7,20210602,20,2
9189,147,9,20220503,80,5
9190,72,8,20240515,92,1
9191,149,6,20241127,20,3
9192,103,12,20220516,56,2
9193,3,9,20240918,91,3
9194,14,11,20211213,95,3
9195,229,7,20230724,77,2
9196,171,13,20230323,53,2
9197,177,6,20231220,37,4
9198,63,11,20210602,50,2
9199,20,13,20211123,3,2
9200,169,9,20220609,40,5
9201,139,2,20240908,67,5
9202,122,6,20240819,8,3
9203,108,3,20211202,89,1
9204,189,8,20210401,9,2
9205,193,1,20210127,10,4
9206,40,5,20210911,88,4
9207,107,10,20220126,51,3
9208,47,4,20230528,11,1
9209,199,8,20230222,65,2
9210,244,5,20211224,17,5
9211,204,11,20240919,43,3
9212,29,9,20221125,60,3
9213,179,5,20220510,36,4
9214,154,2,20240612,63,3
9215,51,12,20220628,81,5
9216,54,5,20230419,7,5
9217,9,14,20230613,15,1
9218,33,12,20220616,17,2
9219,53,3,20211206,72,2
9220,153,2,20221027,7,3
9221,181,6,20241115,98,1
9222,162,7,20231010,60,3
9223,1,3,20240814,18,4
9224,34,3,20210618,8,3
9225,67,7,20241203,78,3
9226,241,11,20240628,39,1
9227,129,1,20210313,82,4
9228,220,13,20210204,11,3
9229,89,1,20240705,16,2
9230,201,2,20240624,12,4
9231,150,6,20240109,31,5
9232,169,3,20241205,59,5
9233,36,10,20241117,30,3
9234,197,4,20241006,45,3
9235,89,2,20210401,76,3
9236,114,13,20240613,72,3
9237,190,4,20210313,20,1
9238,133,12,20210616,65,5
9239,250,7,20210715,84,2
9240,55,12,20220502,93,3
9241,75,14,20230411,5,4
9242,55,4,20220503,27,1
9243,159,8,20211107,84,1
9244,150,4,20210615,82,1
9245,80,9,20221006,15,1
9246,84,12,20230928,72,2
9247,245,14,20231107,8,4
9248,23,1,20241208,82,1
9249,199,11,20220524,25,5
9250,46,12,20240515,48,5
9251,159,14,20240219,45,5
9252,151,10,20210610,15,2
9253,208,5,20221210,31,2
9254,199,12,20230807,37,2
9255,94,7,20230613,1,4
9256,62,8,20230419,30,3
9257,53,14,20211102,0,5
9258,163,9,20211218,3,2
9259,177,13,20230618,64,4
9260,215,13,20221104,86,5
9261,55,13,20220611,21,4
9262,28,5,20210526,92,5
9263,194,9,20220716,78,4
9264,108,8,20230403,63,4
9265,176,11,20240314,46,1
9266,114,7,20240706,29,2
9267,2,2,20210301,37,2
9268,168,5,20230815,48,3
9269,237,11,20240706,87,5
9270,209,14,20240715,83,3
9271,192,12,20211217,27,2
9272,29,1,20240711,79,5
9273,30,1,20211106,55,3
9274,172,1,20230206,55,2
9275,145,6,20220608,86,3
9276,218,3,20240326,63,1
9277,182,14,20230601,52,2
9278,71,7,20220620,31,3
9279,153,14,20220504,73,5
9280,217,4,20210803,71,4
9281,115,3,20220806,94,4
9282,120,13,20230817,54,3
9283,227,11,20240118,62,4
9284,165,4,20230903,41,5
9285,199,3,20210714,92,1
9286,159,9,20230708,1,1
9287,224,4,20241006,70,4
9288,136,5,20240826,81,4
9289,184,8,20220917,18,3
9290,79,13,20210423,74,2
9291,32,11,20220828,18,3
9292,75,11,20240426,90,1
9293,40,6,20211116,34,5
9294,148,3,20210804,41,3
9295,13,1,20241103,36,2
9296,102,7,20220510,66,2
9297,76,12,20210804,99,4
9298,78,6,20220703,98,1
9299,139,7,20210211,69,2
9300,38,14,20240913,39,5
9301,175,12,20211201,67,1
9302,141,11,20211021,23,2
9303,108,1,20230928,1,5
9304,190,9,20210907,77,4
9305,229,4,20211001,31,5
9306,98,12,20221012,66,2
9307,46,7,20210814,85,5
9308,23,6,20240706,47,3
9309,86,6,20240225,97,2
9310,22,2,20240703,49,3
9311,123,4,20231023,32,2
9312,186,3,20240121,76,2
9313,73,14,20220419,11,1
9314,194,10,20221027,36,3
9315,234,10,20210711,74,1
9316,154,5,20231211,70,4
9317,244,6,20230107,76,5
9318,99,1,20210120,63,4
9319,111,14,20220218,11,4
9320,19,8,20220625,19,3
9321,147,6,20241124,54,5
9322,191,9,20231114,97,4
9323,10,8,20231112,94,5
9324,99,12,20210308,92,2
9325,50,2,20230217,80,2
9326,103,9,20221119,81,5
9327,145,1,20211206,9,2
9328,6,4,20240113,73,5
9329,130,12,20240517,30,3
9330,21,8,20220204,81,3
9331,210,5,20241220,75,1
9332,40,7,20210714,53,4
9333,180,7,20210421,75,2
9334,91,9,20230902,7,4
9335,44,9,20240212,96,2
9336,223,1,20220523,41,3
9337,82,3,20210622,47,3
9338,36,6,20230324,14,3
9339,104,4,20210924,49,4
9340,92,11,20240806,39,3
9341,224,8,20210118,50,1
9342,61,4,20210919,35,3
9343,230,9,20240320,87,1
9344,95,3,20211022,98,1
9345,144,7,20210414,69,4
9346,123,13,20220312,13,1
9347,172,8,20211226,43,2
9348,226,1,20230124,33,3
9349,7,2,20211024,23,1
9350,31,11,20240323,26,4
9351,66,12,20241015,26,3
9352,59,1,20220213,98,1
9353,98,8,20210904,83,4
9354,69,3,20210116,11,5
9355,173,1,20241027,85,5
9356,162,12,20210814,97,2
9357,49,9,20220527,43,2
9358,98,7,20240415,73,3
9359,197,8,20230903,49,4
9360,242,9,20241227,22,4
9361,146,12,20240316,49,1
9362,121,8,20210202,67,1
9363,118,2,20231106,5,4
9364,192,10,20220627,94,2
9365,150,8,20210602,54,4
9366,194,12,20220102,20,3
9367,153,4,20231223,27,1
9368,115,9,20230811,22,4
9369,153,12,20210222,93,2
9370,72,10,20210501,31,4
9371,202,10,20210822,19,5
9372,205,10,20230904,40,1
9373,86,13,20231028,12,3
9374,53,11,20231101,90,4
9375,149,8,20211122,70,3
9376,90,8,20210324,40,5
9377,121,2,20220828,60,4
9378,68,12,20240511,29,2
9379,4,2,20240115,16,4
9380,38,13,20210722,93,2
9381,75,14,20210123,69,1
9382,203,8,20241010,39,1
9383,169,11,20241125,25,2
9384,175,10,20210413,77,5
9385,69,14,20220123,65,2
9386,28,7,20240221,53,3
9387,106,3,20211112,88,2
9388,237,14,20240107,34,2
9389,148,3,20230514,45,3
9390,142,7,20211114,56,1
9391,26,14,20240414,84,4
9392,220,1,20230625,70,1
9393,44,6,20220409,24,2
9394,149,11,20230317,76,1
9395,249,1,20220712,47,1
9396,155,1,20230224,16,1
9397,192,4,20210122,85,2
9398,203,7,20220913,98,3
9399,173,5,20221217,49,3
9400,68,13,20240104,75,1
9401,138,14,20241218,8,3
9402,69,10,20220123,31,2
9403,198,12,20210301,66,4
9404,134,14,20240624,64,2
9405,203,11,20210613,42,3
9406,138,9,20220714,70,4
9407,145,8,20220311,73,4
9408,56,9,20220511,6,5
9409,157,2,20241206,98,4
9410,124,8,20241105,50,3
9411,106,6,20230820,60,5
9412,120,9,20230812,80,1
9413,211,2,20220618,12,1
9414,219,13,20240416,58,1
9415,25,7,20220116,14,1
9416,188,1,20240605,16,2
9417,97,7,20220516,44,1
9418,149,5,20230322,7,1
9419,165,12,20230513,84,4
9420,54,14,20241104,93,1
9421,9,10,20220106,77,1
9422,207,5,20211102,6,5
9423,169,7,20220707,99,2
9424,95,13,20220305,39,2
9425,114,9,20220424,0,3
9426,237,6,20211020,37,3
9427,101,11,20230221,19,2
9428,245,10,20220314,93,4
9429,43,4,20220507,12,5
9430,182,10,20210416,2,5
9431,229,11,20230214,75,4
9432,10,3,20220617,50,3
9433,144,6,20230318,58,3
9434,157,12,20240220,47,5
9435,12,9,20210106,79,5
9436,222,13,20220304,81,2
9437,81,6,20231113,98,4
9438,158,14,20230805,28,5
9439,169,14,20240826,84,1
9440,137,14,20231028,80,5
9441,2,2,20240322,91,3
9442,179,4,20221017,65,2
9443,69,7,20220802,85,2
9444,75,7,20230108,47,3
9445,5,8,20230120,38,3
9446,88,6,20221010,54,1
9447,51,10,20210224,28,4
9448,80,5,20240716,82,4
9449,130,10,20230201,77,1
9450,55,9,20240620,20,5
9451,176,11,20210403,98,5
9452,220,5,20231115,46,1
9453,154,9,20220326,34,4
9454,132,8,20241206,90,5
9455,77,1,20231226,69,3
9456,186,7,20211107,82,1
9457,148,14,20230121,11,4
9458,233,3,20240812,81,4
9459,27,13,20240717,44,3
9460,107,14,20220604,3,1
9461,32,14,20210913,6,2
9462,106,2,20241227,66,1
9463,83,10,20220805,29,3
9464,25,12,20240318,52,1
9465,92,14,20240803,34,2
9466,131,13,20220317,29,3
9467,240,5,20211118,74,4
9468,23,7,20231028,97,1
9469,18,12,20220806,86,3
9470,168,12,20220521,16,4
9471,52,4,20221125,68,5
9472,234,13,20241021,82,3
9473,192,14,20220316,48,5
9474,218,8,20231210,24,4
9475,66,14,20230623,3,4
9476,110,1,20211226,40,3
9477,67,5,20231018,11,2
9478,134,8,20240801,18,2
9479,143,13,20210815,40,2
9480,190,9,20240518,45,1
9481,10,6,20231019,82,5
9482,91,3,20240405,32,1
9483,165,6,20240105,13,2
9484,158,10,20211210,94,2
9485,215,10,20230617,92,1
9486,211,6,20210426,44,2
9487,134,4,20241012,54,4
9488,43,7,20230810,7,3
9489,167,2,20241114,67,5
9490,175,3,20240607,41,3
9491,17,9,20230524,68,5
9492,199,13,20240618,71,3
9493,49,6,20230305,39,4
9494,160,14,20210904,10,4
9495,10,2,20221107,33,2
9496,102,1,20220526,39,2
9497,158,12,20240107,58,2
9498,69,9,20240913,34,4
9499,91,2,20220307,81,3
9500,64,3,20220802,2,4
9501,193,13,20220903,10,5
9502,3,1,20210606,10,4
9503,92,14,20241110,93,2
9504,129,11,20211219,32,1
9505,103,7,20240219,96,2
9506,136,9,20240510,69,1
9507,90,2,20231203,92,1
9508,214,4,20220615,42,4
9509,45,8,20211207,24,1
9510,118,3,20210522,52,3
9511,214,8,20221225,19,5
9512,171,7,20220115,65,3
9513,182,5,20220223,31,3
9514,209,12,20210319,3,5
9515,159,1,20210723,67,1
9516,141,10,20240826,47,1
9517,126,14,20221028,23,3
9518,86,8,20230619,30,3
9519,87,10,20221213,8,5
9520,84,7,20211103,16,2
9521,5,7,20240524,8,5
9522,102,7,20231114,17,5
9523,59,8,20210301,77,4
9524,124,7,20220314,87,3
9525,191,6,20230603,67,3
9526,236,7,20230416,17,5
9527,48,6,20230811,84,5
9528,152,1,20230924,99,2
9529,115,3,20220505,12,4
9530,68,8,20221207,27,3
9531,243,1,20230210,31,3
9532,50,7,20230923,6,3
9533,250,14,20230527,70,1
9534,187,6,20220115,65,1
9535,200,11,20211027,40,5
9536,40,1,20231103,78,4
9537,133,1,20231107,60,2
9538,21,11,20230618,25,1
9539,89,7,20210224,22,3
9540,209,5,20210404,22,1
9541,143,2,20230413,81,3
9542,50,6,20231108,1,3
9543,59,14,20240901,80,3
9544,193,8,20220127,87,3
9545,207,1,20230810,55,3
9546,59,7,20220717,25,1
9547,160,8,20240410,75,2
9548,182,2,20240522,89,3
9549,75,14,20240217,54,4
9550,100,4,20220709,83,1
9551,161,9,20230603,51,1
9552,194,4,20230601,91,3
9553,140,10,20211220,77,1
9554,47,2,20220920,40,4
9555,85,6,20220802,69,2
9556,154,4,20211122,21,4
9557,63,8,20220717,49,3
9558,170,5,20240608,4,3
9559,207,12,20220918,82,3
9560,173,7,20210328,21,1
9561,63,6,20210111,47,1
9562,222,8,20230718,7,5
9563,36,11,20211116,53,2
9564,58,12,20240223,87,1
9565,151,2,20230806,7,3
9566,120,10,20210606,10,4
9567,203,1,20220219,47,4
9568,21,3,20211119,73,1
9569,70,7,20221112,57,1
9570,164,10,20211102,14,1
9571,61,10,20220311,97,3
9572,241,5,20210522,47,4
9573,101,4,20220525,41,5
9574,193,8,20240527,38,2
9575,233,5,20210907,30,2
9576,101,9,20230411,39,4
9577,118,5,20220615,25,4
9578,16,10,20230323,3,4
9579,208,13,20240416,27,1
9580,241,12,20210714,3,5
9581,44,3,20230822,3,5
9582,151,12,20221015,81,3
9583,199,7,20230403,6,4
9584,226,10,20220115,72,2
9585,67,4,20220607,83,1
9586,239,8,20230405,6,1
9587,18,14,20230625,81,5
9588,150,3,20230425,87,2
9589,111,6,20211006,57,3
9590,3,5,20240123,0,4
9591,126,4,20240605,33,3
9592,47,13,20240502,13,5
9593,8,14,20240717,88,5
9594,121,7,20231008,51,1
9595,220,4,20240813,27,3
9596,50,1,20220719,55,5
9597,230,6,20230518,82,1
9598,9,9,20210712,46,5
9599,228,13,20210426,30,1
9600,53,11,20240905,94,4
9601,188,4,20211204,96,3
9602,152,6,20220527,49,3
9603,235,2,20210817,2,5
9604,67,9,20241219,10,4
9605,156,11,20240119,94,5
9606,157,10,20210127,98,1
9607,60,2,20240906,60,5
9608,137,12,20240124,49,3
9609,79,5,20210228,46,5
9610,67,13,20210320,99,5
9611,238,6,20210825,42,1
9612,174,1,20231102,38,3
9613,9,2,20220409,72,4
9614,99,7,20230119,40,5
9615,145,4,20220307,66,2
9616,91,5,20230619,75,3
9617,232,4,20220306,92,2
9618,161,5,20211111,86,3
9619,191,9,20210320,52,4
9620,118,4,20210919,7,3
9621,31,3,20241026,32,2
9622,5,11,20241210,59,1
9623,69,1,20231124,32,4
9624,54,10,20240816,4,2
9625,112,13,20230427,51,4
9626,108,6,20240227,58,1
9627,124,2,20220903,54,1
9628,119,14,20230218,41,3
9629,37,14,20220325,10,2
9630,126,1,20230727,3,5
9631,13,7,20231105,90,5
9632,209,8,20220811,84,4
9633,79,6,20220320,84,3
9634,43,2,20211104,14,1
9635,95,8,20230120,43,4
9636,182,9,20231121,84,2
9637,64,4,20220708,95,3
9638,187,3,20230812,79,1
9639,188,4,20230105,46,4
9640,88,12,20241126,23,3
9641,185,12,20241004,28,3
9642,96,11,20240310,20,5
9643,52,3,20230606,12,3
9644,164,5,20231026,14,1
9645,123,9,20231115,97,2
9646,142,7,20211227,25,4
9647,216,2,20220205,51,2
9648,74,4,20230325,86,2
9649,246,1,20210720,61,3
9650,215,4,20220928,38,3
9651,60,2,20220608,45,4
9652,147,7,20230211,3,4
9653,124,1,20240919,80,1
9654,107,2,20241008,20,4
9655,118,9,20230326,22,5
9656,196,3,20240516,65,2
9657,34,4,20210325,11,1
9658,113,7,20221212,2,3
9659,51,10,20230110,50,2
9660,145,2,20231125,70,4
9661,225,14,20240926,53,3
9662,62,8,20210315,29,4
9663,136,2,20220701,32,3
9664,74,9,20220718,16,5
9665,196,13,20220628,30,5
9666,47,1,20230509,5,5
9667,35,4,20210527,63,3
9668,74,1,20231016,61,5
9669,28,9,20220915,8,1
9670,75,13,20230924,86,4
9671,138,1,20241222,58,4
9672,44,11,20230520,54,3
9673,71,13,20230419,28,3
9674,27,11,20240715,44,2
9675,39,14,20230217,36,2
9676,85,1,20210813,75,4
9677,36,7,20230614,66,4
9678,62,12,20211028,55,4
9679,176,3,20240409,62,3
9680,159,10,20230728,49,1
9681,163,4,20240125,17,3
9682,200,6,20211003,45,2
9683,180,5,20240214,13,3
9684,127,6,20240719,69,5
9685,4,7,20240720,37,3
9686,96,3,20210809,49,2
9687,91,12,20220625,38,1
9688,101,6,20240217,7,1
9689,159,14,20211025,79,1
9690,61,4,20220707,95,2
9691,110,11,20220627,11,3
9692,127,10,20230916,38,1
9693,165,3,20211223,82,1
9694,133,11,20221116,64,2
9695,59,7,20210311,83,3
9696,159,7,20230809,26,4
9697,28,2,20211120,13,1
9698,33,2,20230923,22,1
9699,30,11,20230513,77,2
9700,199,6,20230401,92,3
9701,37,9,20240908,86,1
9702,72,7,20220809,34,4
9703,4,10,20230520,39,1
9704,77,12,20240914,70,3
9705,76,5,20220601,14,3
9706,113,9,20220121,99,2
9707,112,11,20231202,30,5
9708,202,4,20220411,48,4
9709,102,7,20210306,86,4
9710,63,13,20240408,18,3
9711,46,2,20240711,42,5
9712,50,13,20210428,90,1
9713,205,7,20211205,76,2
9714,88,8,20240207,72,5
9715,51,14,20210307,42,3
9716,18,10,20221122,79,5
9717,42,14,20210109,11,5
9718,249,1,20221117,69,5
9719,89,7,20230127,46,1
9720,77,3,20220813,54,2
9721,136,5,20210721,97,4
9722,153,10,20211114,58,2
9723,183,6,20220328,3,1
9724,84,14,20210506,12,2
9725,8,10,20230201,73,4
9726,20,14,20210105,30,2
9727,33,13,20240627,64,4
9728,183,3,20221022,58,1
9729,163,2,20221214,63,4
9730,117,13,20240422,65,3
9731,225,3,20211021,34,4
9732,4,4,20241116,43,3
9733,157,5,20240706,60,1
9734,14,13,20210426,85,1
9735,13,6,20210208,78,5
9736,189,12,20221127,3,3
9737,206,8,20211016,85,1
9738,89,2,20231021,87,4
9739,188,11,20210911,19,3
9740,92,8,20240403,73,3
9741,29,4,20211012,4,5
9742,47,6,20210322,27,1
9743,44,2,20210421,20,2
9744,167,9,20230905,4,4
9745,87,8,20241219,42,1
9746,98,4,20211202,19,1
9747,218,2,20230404,28,1
9748,139,8,20240113,52,4
9749,201,8,20230714,3,5
9750,97,9,20210102,41,5
9751,135,3,20210524,82,2
9752,60,3,20210701,68,1
9753,62,12,20211003,32,2
9754,183,7,20210416,45,4
9755,155,5,20240510,59,2
9756,81,3,20220218,94,2
9757,200,1,20230318,45,2
9758,130,2,20230607,98,5
9759,177,7,20220114,11,3
9760,230,2,20210107,2,2
9761,111,12,20240708,31,1
9762,84,1,20210604,52,4
9763,79,11,20220202,4,5
9764,50,1,20230826,22,2
9765,250,14,20221214,36,5
9766,192,14,20210717,4,4
9767,245,8,20220617,99,2
9768,33,6,20240406,57,1
9769,53,4,20230808,66,4
9770,229,6,20230712,38,5
9771,107,2,20220707,81,3
9772,5,3,20220825,47,4
9773,235,13,20221225,69,5
9774,112,7,20231207,13,2
9775,205,11,20220521,20,3
9776,176,9,20230612,32,3
9777,46,7,20240406,71,1
9778,245,1,20231007,60,3
9779,171,1,20220615,71,3
9780,105,11,20220126,68,3
9781,177,7,20210628,81,2
9782,47,11,20220115,35,5
9783,43,1,20240319,37,4
9784,224,3,20220423,12,1
9785,149,1,20220209,16,5
9786,83,9,20220205,20,5
9787,160,8,20230505,58,3
9788,29,4,20231001,12,3
9789,203,7,20210209,28,1
9790,203,2,20220503,58,4
9791,77,10,20230424,95,1
9792,235,6,20230515,11,3
9793,57,8,20220722,43,5
9794,113,11,20210902,11,1
9795,73,5,20240618,98,3
9796,6,6,20210711,36,2
9797,217,8,20220113,55,3
9798,246,6,20240613,99,2
9799,37,2,20210318,22,2
9800,141,4,20221121,19,5
9801,128,7,20210726,72,1
9802,160,3,20240203,1,1
9803,88,10,20211223,12,2
9804,192,8,20230417,15,4
9805,71,1,20210107,75,5
9806,107,7,20220503,4,5
9807,191,1,20240525,15,2
9808,110,13,20210516,50,2
9809,64,11,20211219,96,2
9810,104,3,20240303,24,1
9811,106,10,20231227,0,5
9812,80,5,20230125,93,3
9813,46,13,20210702,66,4
9814,100,11,20221203,97,4
9815,54,9,20230513,3,3
9816,55,12,20230814,74,1
9817,190,13,20240105,8,5
9818,161,13,20221102,16,1
9819,142,8,20230316,6,4
9820,153,6,20210305,76,1
9821,119,11,20221011,71,5
9822,53,8,20210108,39,5
9823,133,12,20240421,19,3
9824,117,7,20221102,16,2
9825,5,8,20220107,7,5
9826,229,10,20221101,85,5
9827,114,1,20240620,36,2
9828,25,3,20220919,88,3
9829,68,14,20240128,11,3
9830,167,3,20210609,24,5
9831,121,3,20220224,3,3
9832,127,1,20210321,14,4
9833,155,4,20240719,89,3
9834,238,4,20230624,86,2
9835,157,12,20210301,31,1
9836,77,4,20230728,76,1
9837,63,12,20211015,11,4
9838,202,6,20230617,74,2
9839,73,3,20240113,63,5
9840,195,9,20241005,86,4
9841,82,7,20230513,38,2
9842,26,13,20230906,40,2
9843,33,13,20220701,58,2
9844,206,10,20231008,42,4
9845,135,2,20220502,53,2
9846,248,11,20230419,67,2
9847,132,11,20220906,85,5
9848,190,6,20230912,8,5
9849,93,10,20211028,95,3
9850,39,9,20210215,13,4
9851,168,7,20241206,77,1
9852,185,5,20240118,28,5
9853,14,12,20240113,84,2
9854,221,1,20210509,93,5
9855,34,12,20220915,22,4
9856,35,3,20230411,23,3
9857,65,6,20211228,17,2
9858,72,6,20240811,63,1
9859,4,11,20220616,70,1
9860,5,12,20230516,55,5
9861,94,3,20230103,13,4
9862,134,14,20220821,60,2
9863,72,11,20230208,95,4
9864,189,13,20220721,89,2
9865,223,12,20210409,63,1
9866,135,4,20241028,56,1
9867,200,13,20221226,13,5
9868,96,8,20230423,9,4
9869,122,13,20211016,73,5
9870,153,11,20210606,46,4
9871,43,4,20211118,98,3
9872,203,7,20240423,66,4
9873,18,6,20220318,52,2
9874,231,11,20210928,36,2
9875,107,4,20230304,51,2
9876,118,13,20231011,20,4
9877,58,5,20210607,47,2
9878,235,11,20210625,68,1
9879,64,14,20240418,99,2
9880,85,2,20210524,97,1
9881,72,14,20210721,47,5
9882,91,9,20221218,84,1
9883,183,12,20220417,8,3
9884,72,3,20210315,41,3
9885,231,9,20231001,23,1
9886,216,7,20230607,49,1
9887,210,4,20221207,60,3
9888,219,13,20220218,2,1
9889,19,6,20241211,74,4
9890,128,1,20220212,19,5
9891,210,14,20230305,63,2
9892,159,8,20230327,27,4
9893,35,13,20210521,93,4
9894,140,14,20240620,10,2
9895,98,4,20210123,37,3
9896,249,12,20210328,94,1
9897,44,10,20230920,11,5
9898,70,4,20220606,7,1
9899,197,2,20240804,49,5
9900,220,2,20241105,22,2
9901,51,12,20231206,65,2
9902,60,9,20220123,75,5
9903,192,9,20220123,59,1
9904,89,14,20220821,83,4
9905,79,12,20240402,26,4
9906,25,3,20240811,75,4
9907,216,8,20210118,73,2
9908,221,2,20220203,37,5
9909,233,1,20220624,43,1
9910,219,9,20210818,19,5
9911,123,3,20210203,41,3
9912,144,13,20230902,85,3
9913,225,8,20211018,66,4
9914,81,13,20230407,47,4
9915,150,11,20221126,9,2
9916,213,4,20240502,55,5
9917,174,6,20230821,77,2
9918,53,9,20230724,38,1
9919,227,6,20220911,14,4
9920,215,11,20230712,75,2
9921,76,13,20230418,3,4
9922,214,13,20241007,30,2
9923,47,13,20231227,6,5
9924,194,5,20240905,5,3
9925,62,2,20221210,37,2
9926,93,1,20240622,3,1
9927,226,3,20210620,81,3
9928,11,4,20210213,9,2
9929,58,8,20230626,80,2
9930,26,6,20241106,43,4
9931,140,3,20230913,48,1
9932,183,2,20230910,84,2
9933,96,10,20230915,39,1
9934,38,9,20230514,40,1
9935,108,8,20230308,10,3
9936,195,12,20220201,40,1
9937,82,4,20221201,48,3
9938,46,8,20230205,11,1
9939,242,14,20221228,23,1
9940,166,12,20231126,3,3
9941,246,8,20220204,96,1
9942,181,12,20210911,20,3
9943,77,11,20240821,0,2
9944,30,13,20241227,55,3
9945,240,1,20210908,83,2
9946,43,2,20220128,87,2
9947,69,10,20240622,18,3
9948,195,2,20220520,5,5
9949,28,8,20220727,0,1
9950,195,5,20240216,18,2
9951,158,14,20220403,14,2
9952,173,5,20240224,13,5
9953,47,7,20230528,8,4
9954,41,10,20240923,57,2
9955,210,6,20240318,17,5
9956,171,8,20220205,96,5
9957,188,6,20241008,10,4
9958,39,4,20231121,90,5
9959,45,9,20210312,78,5
9960,211,3,20220922,95,3
9961,195,4,20230103,4,5
9962,28,4,20230816,46,4
9963,173,8,20240503,19,3
9964,246,1,20211107,45,5
9965,19,3,20231124,75,3
9966,151,2,20230704,43,5
9967,84,10,20221120,63,4
9968,123,10,20240301,33,2
9969,142,11,20211127,13,1
9970,50,8,20240919,17,4
9971,245,13,20221225,1,3
9972,150,11,20220410,3,4
9973,47,12,20220511,37,4
9974,156,12,20241125,60,4
9975,178,3,20221018,48,1
9976,52,1,20240126,99,3
9977,105,11,20210814,44,1
9978,118,11,20241017,22,5
9979,137,3,20220326,13,3
9980,152,9,20240812,83,3
9981,159,13,20230321,42,4
9982,32,3,20241124,34,1
9983,199,10,20231218,10,3
9984,136,9,20230124,28,2
9985,85,9,20240304,45,1
9986,35,10,20210102,52,4
9987,143,11,20231207,64,2
9988,117,5,20220324,4,3
9989,242,5,20240225,93,4
9990,101,7,20240224,1,5
9991,89,10,20240619,27,5
9992,83,14,20240319,78,3
9993,117,8,20220319,14,3
9994,126,7,20210608,29,1
9995,212,4,20220223,0,5
9996,54,4,20230907,21,3
9997,25,5,20241102,7,5
9998,85,12,20240606,24,2
9999,150,1,20220313,85,4
10000,115,10,20241007,58,3
10001,2,1,20220911,18,4
10002,249,1,20211204,45,4
10003,201,9,20230104,38,1
10004,45,13,20221106,58,2
10005,164,12,20210514,86,4
10006,1,1,20210626,13,5
10007,84,4,20210318,86,2
10008,240,2,20230809,55,3
10009,242,6,20241113,30,2
10010,28,6,20230519,67,2
10011,213,5,20241221,98,5
10012,155,14,20231025,39,5
10013,78,14,20220506,40,2
10014,82,7,20220313,28,1
10015,3,6,20220916,3,1
10016,116,13,20220608,71,2
10017,184,11,20220426,16,5
10018,41,4,20230220,64,4
10019,7,1,20240607,29,3
10020,127,12,20230714,58,2
10021,166,4,20240726,45,5
10022,34,4,20231025,75,3
10023,228,12,20240710,4,4
10024,89,13,20230428,79,1
10025,97,6,20220609,48,1
10026,163,9,20210828,15,2
10027,193,10,20230708,1,5
10028,8,3,20210113,32,3
10029,177,7,20240812,25,2
10030,40,12,20230613,21,4
10031,181,14,20230304,68,1
10032,236,5,20230305,38,4
10033,202,11,20230821,48,4
10034,29,1,20210407,97,5
10035,40,6,20230603,21,5
10036,25,12,20231108,48,5
10037,167,11,20220412,69,4
10038,167,1,20240521,27,3
10039,248,1,20210518,1,1
10040,159,3,20240425,71,4
10041,226,2,20231213,72,3
10042,169,6,20231015,54,1
10043,120,9,20230518,97,1
10044,55,2,20240408,18,1
10045,22,2,20210222,95,3
10046,50,7,20221108,89,4
10047,226,14,20210709,33,2
10048,185,6,20241013,39,3
10049,96,4,20240127,78,5
10050,219,9,20210805,96,2
10051,1,10,20210406,53,2
10052,44,8,20220403,62,4
10053,124,5,20240805,35,4
10054,26,2,20220708,82,1
10055,40,3,20230714,16,1
10056,90,13,20241126,60,1
10057,62,2,20240507,39,2
10058,236,7,20230610,17,4
10059,116,1,20230110,4,1
10060,137,6,20210326,34,5
10061,242,5,20241118,21,1
10062,169,5,20240814,66,1
10063,18,9,20220213,56,1
10064,96,7,20210320,99,2
10065,176,9,20240703,44,4
10066,36,10,20220304,72,2
10067,67,14,20240415,39,3
10068,51,4,20230222,28,3
10069,191,8,20241106,69,5
10070,144,6,20210708,24,4
10071,212,13,20241216,90,5
10072,243,5,20240802,47,3
10073,194,6,20210202,33,3
10074,43,4,20210918,7,5
10075,86,8,20210714,44,4
10076,163,12,20220316,3,1
10077,80,8,20220621,76,1
10078,72,13,20240725,8,5
10079,53,13,20221210,9,1
10080,121,5,20241023,80,3
10081,85,12,20220314,17,2
10082,64,4,20210525,35,4
10083,101,14,20221214,84,5
10084,209,11,20211124,82,5
10085,46,14,20241003,55,4
10086,123,3,20220920,40,2
10087,41,1,20220812,29,4
10088,17,13,20240901,70,1
10089,148,10,20230305,56,5
10090,223,14,20210320,69,4
10091,105,3,20230103,58,5
10092,191,9,20220106,88,3
10093,216,2,20210604,75,3
10094,202,7,20210903,26,3
10095,158,4,20230414,52,3
10096,93,14,20210212,84,3
10097,176,10,20240701,55,1
10098,203,5,20230128,55,3
10099,190,2,20241027,36,5
10100,64,3,20240123,51,3
10101,130,3,20221025,53,2
10102,11,2,20210709,93,2
10103,98,10,20210611,22,2
10104,74,1,20221011,75,4
10105,50,3,20221111,12,5
10106,181,3,20240320,41,3
10107,32,12,20240504,27,4
10108,215,7,20210221,8,1
10109,74,2,20240601,77,5
10110,141,8,20220916,98,4
10111,162,5,20210106,12,1
10112,53,4,20211107,42,1
10113,108,9,20240607,99,3
10114,162,7,20221225,2,1
10115,5,14,20210525,7,2
10116,131,14,20220225,92,3
10117,235,11,20231122,71,3
10118,4,10,20220924,49,1
10119,47,4,20230118,51,3
10120,236,8,20210906,57,5
10121,44,4,20210916,7,5
10122,191,7,20231028,57,5
10123,60,5,20230627,88,4
10124,78,7,20231210,80,5
10125,76,5,20211219,77,1
10126,69,4,20220316,51,1
10127,228,7,20240714,51,3
10128,73,7,20221201,66,3
10129,114,10,20221006,75,1
10130,210,13,20240419,40,4
10131,55,13,20230124,32,2
10132,31,6,20241124,31,2
10133,86,5,20241118,24,1
10134,119,2,20210910,11,2
10135,15,11,20240718,62,2
10136,89,9,20210125,24,5
10137,152,1,20230802,65,3
10138,221,1,20230604,52,4
10139,168,9,20230801,56,5
10140,200,1,20230714,76,3
10141,41,6,20210312,7,4
10142,163,10,20210825,80,1
10143,215,13,20221114,40,4
10144,130,5,20230109,90,5
10145,171,4,20230421,37,3
10146,61,2,20220210,27,2
10147,5,14,20210816,79,2
10148,206,11,20240218,16,1
10149,25,3,20230621,62,5
10150,99,9,20221204,45,5
10151,17,1,20230608,26,1
10152,201,8,20220815,52,5
10153,196,14,20230506,6,5
10154,151,7,20230115,70,4
10155,24,4,20230401,47,2
10156,250,9,20211014,84,2
10157,109,9,20220906,10,4
10158,149,3,20230127,53,2
10159,209,11,20230412,70,2
10160,222,5,20241206,92,2
10161,245,4,20210315,16,1
10162,180,9,20220302,41,1
10163,215,3,20210225,13,5
10164,167,4,20210525,71,5
10165,150,7,20210928,75,2
10166,10,11,20220212,75,4
10167,130,9,20241013,26,4
10168,107,8,20220404,2,5
10169,132,14,20241222,36,5
10170,158,11,20210713,50,5
10171,183,3,20230714,96,2
10172,129,3,20231126,38,3
10173,205,11,20230705,90,5
10174,156,6,20211010,6,3
10175,247,13,20240306,4,2
10176,225,5,20230913,94,5
10177,188,7,20230820,0,2
10178,216,12,20220707,73,1
10179,31,5,20230213,56,4
10180,151,9,20210915,89,2
10181,157,2,20230527,81,5
10182,225,4,20240713,39,4
10183,39,6,20240726,33,2
10184,201,3,20241212,28,1
10185,248,2,20230603,94,3
10186,49,2,20241010,10,2
10187,203,11,20240523,50,4
10188,101,3,20220602,38,1
10189,105,8,20230219,33,5
10190,200,14,20210116,2,5
10191,247,4,20210125,51,3
10192,238,4,20230905,37,5
10193,187,1,20240913,1,3
10194,7,10,20241011,53,5
10195,174,14,20240423,94,4
10196,123,5,20220401,95,5
10197,49,14,20231228,25,1
10198,71,8,20210324,58,4
10199,164,11,20210825,15,1
10200,56,5,20240321,90,4
10201,141,13,20220604,67,1
10202,83,12,20220316,2,3
10203,158,4,20241201,22,5
10204,229,7,20241112,70,5
10205,194,5,20211214,35,3
10206,144,10,20210501,23,5
10207,71,7,20230722,20,4
10208,225,13,20230717,44,3
10209,168,2,20210615,75,5
10210,12,3,20231025,7,5
10211,108,2,20240624,44,3
10212,167,8,20220611,58,4
10213,126,9,20240618,71,4
10214,9,8,20220617,48,3
10215,193,6,20220801,44,4
10216,217,8,20210826,98,1
10217,32,6,20231223,62,3
10218,193,13,20240206,89,3
10219,75,7,20211110,61,1
10220,66,12,20220223,55,2
10221,99,11,20210913,68,3
10222,162,6,20221015,62,2
10223,152,13,20240812,22,1
10224,100,7,20240515,77,1
10225,245,3,20240320,74,3
10226,153,4,20240409,20,4
10227,101,12,20230312,56,5
10228,87,7,20211119,62,3
10229,202,8,20211026,84,5
10230,117,3,20221115,96,5
10231,145,7,20240918,84,4
10232,6,5,20220926,18,1
10233,246,10,20211028,9,5
10234,69,7,20241106,15,3
10235,164,14,20230723,65,2
10236,143,5,20210409,64,3
10237,226,7,20210627,16,2
10238,36,8,20220214,93,3
10239,110,2,20230728,96,4
10240,41,7,20220901,41,3
10241,168,5,20210816,34,4
10242,145,13,20221102,95,5
10243,16,4,20210312,9,4
10244,113,4,20230511,65,4
10245,43,7,20240917,64,4
10246,163,14,20230326,17,1
10247,214,9,20230106,71,5
10248,94,7,20230403,7,1
10249,240,6,20240521,55,3
10250,147,5,20220322,99,3
10251,174,8,20240328,62,5
10252,231,10,20231227,63,3
10253,172,2,20240711,73,3
10254,202,4,20210128,97,4
10255,153,4,20240219,69,5
10256,40,11,20210125,23,3
10257,138,6,20221016,82,3
10258,188,14,20241021,22,5
10259,93,2,20240728,80,4
10260,64,13,20230210,75,2
10261,44,5,20221006,69,4
10262,17,3,20230815,49,5
10263,158,8,20231205,47,3
10264,131,2,20220418,10,4
10265,53,2,20220816,42,1
10266,186,2,20241011,69,5
10267,172,14,20230324,68,4
10268,173,3,20230510,22,1
10269,161,7,20220817,93,2
10270,167,14,20220612,43,2
10271,239,1,20230607,9,4
10272,76,1,20240505,67,2
10273,42,9,20210502,25,3
10274,132,12,20220523,63,2
10275,89,12,20210805,57,5
10276,14,4,20220805,36,2
10277,194,12,20220627,13,1
10278,156,10,20240410,83,4
10279,106,3,20240716,74,5
10280,244,7,20240427,70,3
10281,148,3,20210302,14,3
10282,16,10,20210903,90,3
10283,83,5,20221005,2,1
10284,219,11,20240325,17,3
10285,75,14,20230828,56,3
10286,173,1,20220708,36,4
10287,232,10,20210107,9,3
10288,162,12,20240320,75,1
10289,62,9,20220111,20,2
10290,101,6,20240817,46,4
10291,52,13,20220524,43,5
10292,54,10,20230802,3,3
10293,199,7,20220301,41,5
10294,68,3,20231021,16,3
10295,62,13,20230711,88,1
10296,102,5,20210227,68,2
10297,112,8,20230818,25,1
10298,19,7,20220509,2,1
10299,108,12,20230606,67,5
10300,112,5,20230303,46,4
10301,120,7,20240513,91,3
10302,175,10,20221226,11,2
10303,220,1,20220119,27,2
10304,190,11,20220228,11,5
10305,97,14,20240427,68,1
10306,112,7,20231024,67,1
10307,208,5,20240307,47,5
10308,214,4,20221208,73,4
10309,250,12,20240707,45,4
10310,40,1,20240826,19,4
10311,183,4,20230313,36,4
10312,174,3,20210918,89,3
10313,198,11,20220714,3,4
10314,33,8,20210925,99,1
10315,200,3,20211019,59,5
10316,165,4,20220419,57,1
10317,30,8,20230217,78,2
10318,122,11,20230211,48,4
10319,213,12,20240216,80,2
10320,223,1,20220528,52,2
10321,42,1,20231214,47,2
10322,13,14,20230713,64,1
10323,76,11,20210407,92,3
10324,234,2,20221208,21,3
10325,78,6,20240220,66,3
10326,68,10,20230622,84,5
10327,94,13,20230401,67,3
10328,188,2,20230810,79,5
10329,24,1,20241001,14,4
10330,6,3,20220118,68,5
10331,89,3,20211102,16,3
10332,124,6,20210820,69,2
10333,104,10,20240608,1,2
10334,165,3,20240215,52,5
10335,12,8,20230909,31,2
10336,195,14,20220212,16,4
10337,23,13,20220509,25,4
10338,67,10,20231201,24,3
10339,243,10,20240801,0,3
10340,214,1,20210705,70,3
10341,187,2,20220316,97,1
10342,33,9,20241104,64,2
10343,97,3,20220619,0,2
10344,30,9,20210903,30,1
10345,188,1,20220205,14,1
10346,222,4,20211105,10,4
10347,144,3,20221010,32,4
10348,198,9,20210308,26,3
10349,145,3,20210127,10,3
10350,229,11,20220213,22,5
10351,180,7,20230214,47,5
10352,46,11,20220421,77,5
10353,217,4,20230122,85,2
10354,246,1,20241117,42,2
10355,150,3,20220811,89,2
10356,138,14,20211116,26,2
10357,244,9,20221215,38,3
10358,24,2,20221128,50,2
10359,218,1,20240214,79,1
10360,235,6,20210808,36,4
10361,193,5,20210312,80,1
10362,100,1,20220921,68,1
10363,22,11,20241206,83,3
10364,109,5,20211004,27,3
10365,64,10,20231006,4,1
10366,2,11,20240826,63,4
10367,116,14,20230420,78,2
10368,209,4,20241003,15,4
10369,88,10,20220205,84,5
10370,99,8,20210922,76,4
10371,118,2,20210210,11,4
10372,136,6,20230624,13,5
10373,98,4,20220221,60,3
10374,103,2,20240303,64,1
10375,173,10,20220828,35,1
10376,28,14,20240522,55,1
10377,151,9,20210816,51,2
10378,195,4,20231204,33,2
10379,198,3,20220709,19,5
10380,201,10,20210403,84,1
10381,170,8,20230615,47,4
10382,242,12,20220322,78,2
10383,153,6,20241216,65,3
10384,163,5,20241007,57,4
10385,60,3,20230726,85,5
10386,92,7,20240420,68,2
10387,56,6,20220627,59,5
10388,164,5,20220913,47,2
10389,151,13,20230325,65,2
10390,66,14,20210213,18,1
10391,82,9,20220306,94,4
10392,85,11,20240814,30,5
10393,30,7,20210312,73,1
10394,127,11,20221217,19,4
10395,227,8,20211206,21,3
10396,13,8,20230526,75,1
10397,20,14,20230404,19,3
10398,161,2,20240105,37,2
10399,108,3,20241114,12,4
10400,129,1,20210307,29,4
10401,232,14,20220325,16,4
10402,170,11,20230107,37,1
10403,4,3,20230320,51,1
10404,101,1,20210710,38,3
10405,76,10,20210709,50,2
10406,133,8,20240901,37,4
10407,4,2,20240216,67,5
10408,81,8,20230107,73,1
10409,234,11,20220706,6,4
10410,64,12,20210825,99,1
10411,21,10,20220115,5,1
10412,120,1,20210312,78,1
10413,179,6,20210801,69,2
10414,151,7,20211125,10,4
10415,221,9,20210424,81,3
10416,148,11,20240228,34,5
10417,47,10,20240915,9,4
10418,57,12,20220607,94,3
10419,165,14,20230921,19,4
10420,92,11,20240821,47,5
10421,144,5,20231211,52,5
10422,241,9,20231120,74,1
10423,147,9,20220519,77,2
10424,91,9,20241218,19,3
10425,178,1,20220303,89,5
10426,48,4,20231011,66,4
10427,185,6,20221001,13,1
10428,236,11,20220201,96,4
10429,132,11,20240316,12,5
10430,139,14,20230227,51,5
10431,133,5,20210806,18,4
10432,87,1,20230402,91,2
10433,167,6,20230813,9,2
10434,237,12,20210413,15,4
10435,49,6,20210321,13,4
10436,165,3,20210122,66,3
10437,68,3,20230721,61,2
10438,159,12,20220501,7,4
10439,83,10,20210319,36,4
10440,211,8,20220410,93,5
10441,107,4,20210603,24,3
10442,229,7,20240616,98,2
10443,200,8,20231122,76,1
10444,217,2,20240801,70,1
10445,44,1,20240420,37,2
10446,216,1,20220701,57,5
10447,96,10,20211111,25,2
10448,176,5,20240218,43,4
10449,249,6,20210811,75,4
10450,103,9,20240607,24,3
10451,124,9,20210401,28,2
10452,73,2,20210309,14,5
10453,216,2,20231119,31,5
10454,61,8,20210216,11,2
10455,201,6,20210506,55,5
10456,224,10,20230307,55,2
10457,247,9,20220802,46,2
10458,244,11,20240306,18,3
10459,210,2,20220617,1,1
10460,166,2,20210308,35,2
10461,64,13,20210326,0,2
10462,200,5,20240822,62,2
10463,9,11,20240106,47,2
10464,53,5,20231227,86,5
10465,115,13,20241123,46,3
10466,119,9,20230514,46,1
10467,217,10,20210618,26,2
10468,130,6,20221003,21,3
10469,199,3,20240112,36,3
10470,180,10,20240912,40,4
10471,193,7,20220304,4,4
10472,149,12,20220721,11,3
10473,43,6,20240422,73,3
10474,184,2,20240327,52,3
10475,38,7,20231027,85,2
10476,226,13,20230211,18,2
10477,17,13,20230611,99,5
10478,172,3,20220519,2,1
10479,79,11,20230520,9,4
10480,109,14,20241115,56,4
10481,66,6,20210516,12,1
10482,162,7,20210925,10,1
10483,98,8,20230807,20,4
10484,16,2,20210928,93,5
10485,32,13,20231126,11,5
10486,125,1,20230726,16,1
10487,238,4,20230423,66,3
10488,95,13,20210623,63,5
10489,70,9,20210703,60,3
10490,203,4,20240221,48,5
10491,238,8,20220504,98,1
10492,78,12,20240301,31,5
10493,239,12,20211212,36,5
10494,19,9,20230813,77,5
10495,58,8,20231122,91,5
10496,42,5,20230628,11,5
10497,241,3,20230223,36,5
10498,176,8,20210708,88,2
10499,239,2,20231209,54,5
10500,107,1,20210506,45,1
10501,147,8,20221215,6,5
10502,105,11,20230422,90,2
10503,31,12,20241019,46,5
10504,244,8,20230118,91,1
10505,72,6,20240109,26,3
10506,205,11,20210501,51,2
10507,23,8,20220819,19,4
10508,195,8,20241210,81,1
10509,238,14,20230903,13,3
10510,149,5,20240922,29,5
10511,234,8,20210807,61,5
10512,127,4,20220603,58,4
10513,32,11,20240111,84,5
10514,175,7,20220708,26,3
10515,170,3,20240608,75,1
10516,14,8,20240820,6,5
10517,98,2,20230614,26,4
10518,147,4,20240409,13,1
10519,30,12,20240628,11,1
10520,71,6,20210521,56,3
10521,8,4,20220920,39,3
10522,166,7,20231124,93,4
10523,145,3,20240102,14,1
10524,27,3,20231126,78,2
10525,124,7,20231016,85,2
10526,224,12,20210908,62,4
10527,137,3,20240215,0,5
10528,11,11,20240622,49,1
10529,178,7,20240412,11,3
10530,109,9,20230303,86,4
10531,144,3,20241120,38,2
10532,112,1,20221211,5,1
10533,21,7,20230115,87,4
10534,221,7,20220704,64,4
10535,81,9,20240920,38,3
10536,168,7,20230808,65,2
10537,157,5,20240902,55,2
10538,239,14,20240622,95,4
10539,83,10,20240307,82,3
10540,231,10,20241101,23,2
10541,92,12,20220103,69,4
10542,6,13,20220224,90,4
10543,224,9,20230314,97,2
10544,154,10,20220909,24,2
10545,205,12,20210920,62,1
10546,193,9,20240708,34,1
10547,212,10,20230301,81,4
10548,111,13,20220706,23,2
10549,203,6,20231028,59,1
10550,48,6,20210906,81,3
10551,232,7,20230821,19,3
10552,200,9,20240908,10,3
10553,54,2,20211101,47,2
10554,244,12,20230415,73,3
10555,217,13,20230809,76,3
10556,111,14,20210618,57,4
10557,84,6,20210110,85,2
10558,55,13,20230613,94,4
10559,90,12,20220328,13,5
10560,29,4,20240723,91,3
10561,159,2,20240207,6,1
10562,77,9,20240303,73,3
10563,53,2,20230519,37,4
10564,55,3,20240902,9,3
10565,36,7,20211014,47,3
10566,198,14,20240705,70,1
10567,141,3,20230309,99,5
10568,195,13,20211221,44,5
10569,216,9,20240803,33,5
10570,178,8,20220308,1,1
10571,179,5,20230101,60,1
10572,17,6,20240925,80,4
10573,86,6,20221203,48,2
10574,221,8,20220122,18,5
10575,180,8,20240603,22,1
10576,186,6,20240518,5,2
10577,85,13,20220804,46,1
10578,69,6,20211128,77,1
10579,211,11,20240820,45,2
10580,134,8,20241124,73,3
10581,35,7,20231002,1,5
10582,53,5,20210512,54,4
10583,91,7,20210519,87,5
10584,238,2,20230715,5,2
10585,235,11,20210228,70,5
10586,34,10,20240820,9,2
10587,245,13,20210111,78,2
10588,45,11,20211111,84,3
10589,41,4,20240719,36,1
10590,67,3,20210617,9,2
10591,214,3,20220708,66,1
10592,109,6,20210627,13,1
10593,38,4,20220803,91,3
10594,25,14,20241121,84,1
10595,204,10,20240101,7,4
10596,46,12,20211114,2,1
10597,50,4,20240305,0,2
10598,57,4,20220809,72,5
10599,172,10,20220910,75,5
10600,191,13,20230626,25,2
10601,39,13,20240725,84,1
10602,191,12,20240712,30,3
10603,114,1,20241024,36,4
10604,102,8,20230802,17,4
10605,103,4,20230605,89,2
10606,216,7,20230317,23,3
10607,126,7,20231118,73,3
10608,232,9,20210909,49,3
10609,207,5,20230527,54,2
10610,150,4,20220727,42,2
10611,85,14,20240805,64,5
10612,233,14,20210410,26,1
10613,11,2,20220208,40,4
10614,199,10,20220118,27,5
10615,240,8,20230702,35,5
10616,104,1,20220216,24,1
10617,18,1,20210326,28,4
10618,24,2,20240421,43,1
10619,108,5,20210627,57,2
10620,66,10,20210715,25,4
10621,29,11,20220216,42,4
10622,46,3,20240705,94,2
10623,224,5,20210515,48,1
10624,138,7,20241219,92,3
10625,179,2,20210406,21,2
10626,51,14,20210214,76,4
10627,83,6,20220216,26,3
10628,218,10,20211118,85,1
10629,242,7,20241023,42,4
10630,215,2,20230122,91,5
10631,230,13,20210910,9,4
10632,58,6,20240805,80,4
10633,40,9,20240509,82,2
10634,198,9,20240319,45,5
10635,154,8,20230407,25,1
10636,81,12,20221127,57,1
10637,17,4,20210413,28,2
10638,195,10,20231203,15,1
10639,13,10,20210319,90,3
10640,46,12,20240311,50,2
10641,102,12,20240826,10,5
10642,136,8,20211013,72,2
10643,164,3,20241213,91,4
10644,205,13,20210223,78,4
10645,2,3,20211026,97,5
10646,78,1,20211020,64,4
10647,146,14,20240813,19,3
10648,171,9,20221012,62,3
10649,120,6,20230706,51,2
10650,61,10,20240726,19,3
10651,102,1,20240920,97,4
10652,242,4,20230521,47,5
10653,213,1,20210921,62,3
10654,29,12,20220919,78,1
10655,88,10,20230528,19,5
10656,46,7,20230610,95,5
10657,204,9,20230901,85,3
10658,76,12,20220225,84,2
10659,18,11,20240701,7,4
10660,19,5,20221019,47,2
10661,82,14,20231212,45,3
10662,174,14,20210505,90,2
10663,102,11,20220304,94,5
10664,90,8,20230819,37,5
10665,122,9,20240327,6,5
10666,19,10,20240818,49,4
10667,184,10,20220218,39,1
10668,89,12,20231114,87,1
10669,224,6,20220802,5,3
10670,250,2,20231123,85,1
10671,68,6,20230804,19,5
10672,238,7,20241124,87,5
10673,24,8,20210927,68,3
10674,129,11,20230408,51,1
10675,202,10,20220306,94,3
10676,139,5,20220202,84,2
10677,79,1,20230218,54,5
10678,50,12,20230512,98,4
10679,55,11,20221004,80,4
10680,84,14,20230609,0,2
10681,167,7,20230206,76,2
10682,89,1,20210816,2,2
10683,15,9,20220707,67,2
10684,62,2,20241127,87,5
10685,3,2,20210801,85,1
10686,80,4,20210913,1,1
10687,227,2,20230727,93,2
10688,118,1,20240326,77,1
10689,149,12,20240615,91,4
10690,180,10,20210306,99,4
10691,7,8,20220225,34,3
10692,175,2,20210228,21,4
10693,1,8,20220411,85,3
10694,224,10,20240522,66,3
10695,1,12,20240211,48,2
10696,166,6,20210717,76,1
10697,243,12,20240206,45,4
10698,6,13,20240722,71,4
10699,100,8,20240513,74,2
10700,167,3,20240806,38,4
10701,215,1,20240301,14,3
10702,161,3,20231121,40,3
10703,138,5,20231004,24,2
10704,91,13,20230414,92,1
10705,226,9,20230103,92,5
10706,167,2,20231115,83,3
10707,19,4,20221223,56,3
10708,128,11,20221013,44,3
10709,82,3,20220217,90,3
10710,205,9,20240919,44,1
10711,188,5,20231206,61,4
10712,45,3,20211201,78,3
10713,18,4,20240213,61,4
10714,127,8,20240905,44,2
10715,58,3,20220818,72,2
10716,97,7,20230901,10,4
10717,92,5,20210802,48,1
10718,167,9,20230903,61,2
10719,181,5,20210605,51,4
10720,81,4,20211012,33,2
10721,206,5,20220414,40,1
10722,111,6,20210624,22,2
10723,139,12,20230523,41,4
10724,100,12,20220905,0,2
10725,224,9,20220722,36,5
10726,32,14,20211121,90,2
10727,49,2,20241007,44,3
10728,41,3,20210307,61,1
10729,35,11,20211007,37,1
10730,228,2,20210422,8,1
10731,124,8,20210212,96,3
10732,93,4,20210612,13,5
10733,76,9,20231211,18,2
10734,114,1,20210908,24,4
10735,170,10,20220610,72,4
10736,66,5,20230212,23,1
10737,29,11,20210810,17,3
10738,78,13,20240202,11,5
10739,164,7,20220216,97,3
10740,9,9,20240307,19,3
10741,194,5,20210514,77,4
10742,74,12,20240611,29,1
10743,234,2,20230609,5,5
10744,208,2,20240901,84,3
10745,93,9,20221115,44,5
10746,14,13,20230603,45,2
10747,182,7,20210414,82,5
10748,138,10,20210525,2,3
10749,177,8,20210706,32,4
10750,204,10,20221015,85,3
10751,128,6,20221028,45,5
10752,173,7,20230505,85,3
10753,35,3,20230328,40,3
10754,119,12,20230505,56,2
10755,149,1,20240821,77,5
10756,124,11,20220416,5,4
10757,177,14,20221014,27,3
10758,102,7,20230124,61,5
10759,89,14,20210115,69,3
10760,64,8,20210423,73,5
10761,54,10,20220301,52,5
10762,81,10,20240918,85,3
10763,92,9,20220117,11,4
10764,157,8,20230114,84,1
10765,207,9,20221008,69,3
10766,210,4,20211211,2,1
10767,70,5,20241014,9,1
10768,83,3,20210406,24,4
10769,31,7,20240324,70,5
10770,169,9,20240212,17,3
10771,201,4,20220310,73,2
10772,24,10,20210325,80,1
10773,140,6,20230810,9,3
10774,104,2,20240123,77,1
10775,141,5,20241010,58,3
10776,135,1,20230104,93,3
10777,99,8,20210514,31,1
10778,62,9,20220207,93,2
10779,111,3,20231127,96,2
10780,204,3,20230501,33,5
10781,150,11,20210817,8,4
10782,13,1,20220217,38,2
10783,70,12,20220223,53,2
10784,132,12,20240319,49,1
10785,215,1,20231024,25,4
10786,151,5,20210905,41,1
10787,175,1,20230622,13,4
10788,213,8,20240116,79,4
10789,103,7,20210516,95,5
10790,208,2,20211022,31,5
10791,79,4,20230502,71,4
10792,31,10,20230606,54,4
10793,157,1,20210207,52,4
10794,85,7,20220609,28,3
10795,153,5,20240922,59,4
10796,154,12,20210116,96,1
10797,41,12,20230124,79,2
10798,59,10,20211001,34,2
10799,111,7,20230324,45,4
10800,212,8,20210623,52,3
10801,227,3,20230123,22,3
10802,131,5,20241122,50,2
10803,220,2,20210606,63,1
10804,136,14,20240326,37,5
10805,221,7,20230421,48,5
10806,15,1,20211104,8,2
10807,235,14,20240111,37,5
10808,47,4,20221218,17,3
10809,19,7,20220915,46,1
10810,92,14,20221009,41,1
10811,247,14,20210616,26,1
10812,235,9,20211024,28,4
10813,35,7,20230711,82,1
10814,246,1,20211109,28,3
10815,193,8,20241119,16,2
10816,112,6,20240707,65,2
10817,187,3,20221116,52,4
10818,138,5,20230208,34,4
10819,166,1,20220912,37,1
10820,185,12,20210912,84,5
10821,85,7,20231205,59,1
10822,50,14,20240506,73,5
10823,97,9,20241106,88,2
10824,49,11,20210815,42,2
10825,76,3,20220418,69,5
10826,50,11,20220106,37,5
10827,194,14,20240919,79,1
10828,51,2,20220409,37,1
10829,128,2,20230615,9,3
10830,143,5,20240612,8,4
10831,235,10,20211105,55,1
10832,228,14,20240528,43,3
10833,66,9,20210803,77,5
10834,29,5,20240109,62,3
10835,173,11,20240622,40,5
10836,91,5,20240128,93,4
10837,156,9,20210105,48,1
10838,125,9,20230813,81,5
10839,176,5,20231211,54,4
10840,102,6,20241010,93,5
10841,95,1,20241128,68,3
10842,175,11,20220617,24,2
10843,69,5,20230415,24,3
10844,249,1,20220818,31,4
10845,59,9,20211107,79,5
10846,4,11,20220308,42,3
10847,46,1,20220217,53,3
10848,2,6,20240124,38,3
10849,175,14,20220427,81,5
10850,55,7,20220925,60,4
10851,161,8,20231002,66,3
10852,119,2,20210712,95,5
10853,49,5,20230427,35,4
10854,209,9,20231211,81,2
10855,153,5,20240328,40,2
10856,6,12,20230809,17,4
10857,11,1,20230922,95,1
10858,51,9,20220323,45,3
10859,211,1,20241218,18,2
10860,128,3,20231009,13,2
10861,81,13,20210313,95,2
10862,215,5,20210925,81,1
10863,161,4,20210227,17,2
10864,94,8,20210918,36,5
10865,132,7,20230712,35,1
10866,45,14,20221012,91,2
10867,105,8,20240309,88,1
10868,142,8,20220606,74,4
10869,53,5,20210804,44,4
10870,97,6,20230403,96,5
10871,75,7,20240119,88,2
10872,176,4,20230108,21,2
10873,33,14,20220228,8,1
10874,79,14,20210524,77,3
10875,165,10,20220801,59,2
10876,204,7,20230505,28,2
10877,50,13,20231227,63,3
10878,99,8,20230416,35,5
10879,230,5,20211225,17,2
10880,24,8,20231002,5,3
10881,91,7,20220202,84,4
10882,241,10,20220214,2,1
10883,184,4,20210520,51,1
10884,63,11,20231109,48,1
10885,223,8,20231128,70,5
10886,248,1,20231119,25,3
10887,215,6,20221210,76,4
10888,240,13,20210318,57,3
10889,194,13,20240121,41,4
10890,114,2,20240828,81,4
10891,147,10,20210701,16,4
10892,125,5,20240828,58,4
10893,96,1,20220604,6,4
10894,123,6,20211124,6,5
10895,128,11,20221215,48,4
10896,19,14,20231225,91,2
10897,131,13,20220506,50,3
10898,93,13,20240221,62,5
10899,173,9,20230815,62,2
10900,95,10,20210901,73,3
10901,187,13,20240922,25,1
10902,129,14,20241102,72,3
10903,214,12,20220815,45,2
10904,137,6,20210502,76,2
10905,27,7,20241216,66,1
10906,39,9,20210322,98,3
10907,130,1,20240910,77,2
10908,171,13,20221001,58,5
10909,163,4,20230723,86,3
10910,81,2,20240108,81,4
10911,240,3,20221201,56,4
10912,7,2,20210706,47,2
10913,239,1,20220505,89,4
10914,16,4,20230205,30,3
10915,2,2,20230605,70,1
10916,88,14,20240502,53,2
10917,61,12,20220522,55,1
10918,106,2,20231202,86,3
10919,71,6,20210608,27,5
10920,76,4,20230306,35,1
10921,28,11,20231117,15,2
10922,18,2,20230918,1,2
10923,10,3,20241127,86,1
10924,127,7,20211102,54,1
10925,149,9,20210814,2,1
10926,46,3,20240309,35,2
10927,94,1,20210427,31,2
10928,81,4,20241021,57,2
10929,72,1,20230724,31,1
10930,26,9,20211203,27,1
10931,65,6,20240126,85,5
10932,120,5,20210913,24,2
10933,14,11,20221206,63,4
10934,174,12,20210720,37,4
10935,125,4,20231005,82,5
10936,13,4,20221021,50,1
10937,186,2,20230121,62,1
10938,237,11,20240110,43,5
10939,62,2,20210717,8,1
10940,79,3,20240725,73,2
10941,46,9,20220111,38,4
10942,50,5,20230203,40,5
10943,85,13,20231212,54,3
10944,138,2,20230226,42,3
10945,139,2,20240308,63,3
10946,136,9,20210619,29,3
10947,194,9,20210204,52,1
10948,231,8,20240925,61,3
10949,217,6,20210803,29,5
10950,52,3,20240920,64,1
10951,15,1,20240828,18,3
10952,79,12,20210216,8,2
10953,24,11,20210802,2,5
10954,123,4,20211003,28,5
10955,7,11,20221217,77,2
10956,143,4,20241008,20,2
10957,11,4,20240822,82,2
10958,140,14,20220413,0,3
10959,141,4,20240517,6,5
10960,186,14,20210407,57,3
10961,160,3,20230801,13,4
10962,245,6,20220123,39,3
10963,204,14,20221208,87,2
10964,23,5,20240604,27,5
10965,231,1,20221101,62,4
10966,108,1,20230822,80,2
10967,51,5,20220726,59,5
10968,187,6,20220307,15,2
10969,155,5,20230902,76,5
10970,90,14,20230404,2,4
10971,227,11,20210402,94,5
10972,247,3,20210111,65,3
10973,135,3,20211108,86,3
10974,69,8,20210119,33,4
10975,156,1,20220213,12,1
10976,247,4,20230923,68,1
10977,209,13,20210916,83,2
10978,26,5,20211007,1,2
10979,82,6,20230426,35,2
10980,148,6,20220107,74,3
10981,238,13,20241105,59,1
10982,150,10,20210304,80,1
10983,173,1,20211001,1,4
10984,97,13,20240525,29,5
10985,108,9,20220826,33,2
10986,17,10,20240604,14,2
10987,125,5,20220811,85,4
10988,246,13,20210225,4,5
10989,133,2,20210113,55,2
10990,237,13,20210812,14,3
10991,13,11,20221128,37,3
10992,183,11,20210812,83,2
10993,37,6,20240227,96,1
10994,53,12,20240828,87,2
10995,195,4,20220707,83,5
10996,63,8,20210406,44,3
10997,161,2,20240105,87,4
10998,6,8,20211125,53,3
10999,150,12,20220921,45,4
11000,16,5,20220919,36,4
11001,22,5,20231109,0,1
11002,193,3,20240704,97,2
11003,208,9,20231202,54,5
11004,172,11,20240327,28,1
11005,90,9,20240214,62,5
11006,16,13,20240409,79,2
11007,151,8,20230323,11,2
11008,53,6,20210424,16,2
11009,66,4,20211124,70,5
11010,141,8,20220226,75,5
11011,248,4,20231010,98,4
11012,246,4,20210218,17,2
11013,197,5,20220920,98,4
11014,145,10,20240218,85,3
11015,46,4,20240903,50,3
11016,220,3,20220121,90,4
11017,93,1,20231102,23,3
11018,140,3,20240904,45,2
11019,55,11,20231203,36,5
11020,144,13,20230519,83,1
11021,51,10,20230425,67,3
11022,191,9,20240624,31,5
11023,22,9,20221007,96,2
11024,9,11,20231210,19,2
11025,53,8,20230702,90,3
11026,85,1,20210202,15,5
11027,14,5,20220507,89,5
11028,91,10,20210217,61,5
11029,242,13,20230922,8,4
11030,158,3,20240727,25,2
11031,153,9,20221115,85,2
11032,16,2,20240807,46,3
11033,38,9,20231215,9,4
11034,160,8,20240410,85,4
11035,201,12,20211225,89,2
11036,29,5,20220808,80,1
11037,165,8,20240228,29,3
11038,114,4,20230402,17,4
11039,48,9,20220521,54,4
11040,92,3,20240627,36,3
11041,136,4,20220918,61,5
11042,144,7,20211121,97,2
11043,121,1,20221201,11,4
11044,187,4,20220711,39,5
11045,41,6,20210728,63,4
11046,107,3,20240320,54,5
11047,164,9,20230225,18,4
11048,44,12,20241027,50,3
11049,177,7,20230803,60,1
11050,186,11,20211022,50,1
11051,232,12,20230818,54,4
11052,143,11,20210719,22,3
11053,152,4,20231112,84,4
11054,51,11,20231006,87,3
11055,239,9,20220928,54,2
11056,146,7,20221208,20,5
11057,136,4,20221001,54,2
11058,70,8,20220919,51,2
11059,63,3,20230916,16,3
11060,240,6,20240611,65,4
11061,54,14,20241205,18,2
11062,60,9,20221124,67,4
11063,77,13,20220105,65,1
11064,185,3,20230428,19,2
11065,179,11,20230311,58,1
11066,41,13,20230425,78,1
11067,232,2,20220527,71,2
11068,93,2,20240603,16,1
11069,135,11,20230705,84,2
11070,24,3,20220417,44,2
11071,105,9,20220414,44,2
11072,95,10,20231209,88,1
11073,212,2,20210817,56,1
11074,185,14,20230417,57,2
11075,22,3,20240524,74,1
11076,235,2,20230210,40,2
11077,143,6,20230628,67,2
11078,93,13,20210224,12,1
11079,67,6,20240922,92,3
11080,133,12,20220519,29,5
11081,121,12,20230415,18,1
11082,41,1,20211018,41,4
11083,140,5,20230420,89,1
11084,89,5,20221118,59,2
11085,162,8,20220703,95,4
11086,44,13,20240118,68,4
11087,246,12,20230912,22,1
11088,13,9,20230124,93,5
11089,72,12,20230604,11,3
11090,90,2,20241009,6,1
11091,205,1,20221223,69,2
11092,210,11,20240105,90,2
11093,92,1,20210415,6,2
11094,191,5,20241104,12,2
11095,139,12,20220706,31,5
11096,210,6,20231026,40,3
11097,194,1,20210711,82,3
11098,23,14,20240725,34,1
11099,63,13,20230418,21,2
11100,203,3,20240811,45,1
11101,79,13,20240926,97,5
11102,45,8,20230121,37,4
11103,50,1,20210102,99,2
11104,78,9,20230619,37,5
11105,49,9,20231003,76,2
11106,135,6,20230103,90,5
11107,93,1,20240424,36,5
11108,112,2,20230926,9,4
11109,110,9,20240415,49,1
11110,207,4,20230119,52,2
11111,6,7,20221101,53,2
11112,57,3,20231023,47,2
11113,65,4,20221206,83,2
11114,115,9,20210728,91,1
11115,136,10,20241117,7,2
11116,83,9,20211023,79,3
11117,30,10,20230313,88,4
11118,216,13,20220403,27,1
11119,111,10,20240519,92,3
11120,233,11,20241027,9,3
11121,88,13,20210620,89,3
11122,110,1,20230411,67,3
11123,68,14,20230622,53,3
11124,12,14,20230214,23,4
11125,43,5,20210801,76,2
11126,240,3,20230709,31,4
11127,96,13,20230701,60,2
11128,121,1,20240708,59,1
11129,130,9,20240523,58,4
11130,124,3,20240310,88,2
11131,223,2,20220907,76,1
11132,131,1,20220101,54,2
11133,226,9,20230820,0,3
11134,92,13,20221208,13,3
11135,191,11,20220108,68,4
11136,50,10,20220106,18,1
11137,169,11,20210228,71,2
11138,64,11,20231106,50,5
11139,127,2,20220609,66,4
11140,138,4,20220923,42,2
11141,94,6,20240409,86,4
11142,249,14,20220610,60,3
11143,3,4,20221209,5,4
11144,239,2,20230806,48,4
11145,39,1,20210215,69,1
11146,46,11,20220623,30,5
11147,167,13,20231022,54,5
11148,48,7,20220910,56,3
11149,132,7,20240610,57,5
11150,219,6,20220524,29,2
11151,199,3,20231207,5,4
11152,176,3,20230110,50,2
11153,230,6,20240308,97,4
11154,245,14,20241015,97,1
11155,54,1,20231008,57,4
11156,219,7,20240313,6,5
11157,11,14,20240808,85,3
11158,18,13,20240813,97,3
11159,102,2,20230813,1,2
11160,133,6,20230823,12,5
11161,203,8,20231227,87,5
11162,177,13,20220212,49,4
11163,122,14,20231107,77,1
11164,159,3,20230227,14,3
11165,103,13,20230808,57,1
11166,79,11,20231108,57,4
11167,7,9,20210215,77,2
11168,210,14,20230621,78,5
11169,57,1,20241001,86,1
11170,194,4,20230909,14,5
11171,159,1,20210319,82,2
11172,248,4,20230328,47,3
11173,172,11,20210828,51,4
11174,24,5,20240303,23,2
11175,193,3,20210405,25,1
11176,221,10,20231122,59,2
11177,55,5,20210805,80,4
11178,93,14,20240511,44,5
11179,106,3,20221224,30,2
11180,197,13,20211125,37,3
11181,196,12,20231026,5,3
11182,76,7,20240125,75,2
11183,177,7,20220608,96,2
11184,245,7,20241228,93,3
11185,215,11,20211116,23,5
11186,248,9,20210128,48,3
11187,61,13,20230608,82,4
11188,165,8,20240318,92,1
11189,180,12,20230125,13,5
11190,82,11,20230811,55,1
11191,82,5,20210605,30,2
11192,94,8,20210910,11,5
11193,131,13,20220924,79,2
11194,135,11,20231113,16,2
11195,81,7,20231106,89,5
11196,156,12,20221128,54,5
11197,120,1,20220805,26,1
11198,225,8,20240914,58,3
11199,209,14,20231125,95,5
11200,51,2,20221226,21,2
11201,173,12,20210109,25,3
11202,212,14,20210221,21,2
11203,5,2,20210108,70,1
11204,229,2,20240202,40,4
11205,76,10,20230525,87,3
11206,161,12,20210709,51,2
11207,152,13,20230312,73,3
11208,10,9,20240128,73,3
11209,248,10,20220510,44,4
11210,199,3,20210816,90,1
11211,247,5,20210804,95,2
11212,62,10,20220718,32,4
11213,215,4,20230725,46,2
11214,11,10,20240906,17,2
11215,228,7,20240613,35,4
11216,109,7,20210817,40,3
11217,44,7,20240903,7,4
11218,173,5,20210427,63,2
11219,117,2,20211201,46,2
11220,157,10,20221025,0,2
11221,65,10,20220113,37,4
11222,100,3,20210627,11,1
11223,155,7,20230417,87,5
11224,194,6,20220320,54,2
11225,64,11,20211117,16,5
11226,171,14,20211104,59,2
11227,65,14,20241214,8,2
11228,140,8,20210722,60,4
11229,89,3,20240315,17,4
11230,123,10,20240720,4,4
11231,163,12,20231203,15,2
11232,191,12,20220421,12,2
11233,200,1,20240720,59,1
11234,147,5,20220106,35,4
11235,145,5,20240916,27,2
11236,244,3,20240311,90,3
11237,35,11,20220615,76,3
11238,59,9,20211004,61,2
11239,200,11,20220914,95,2
11240,65,13,20210901,95,4
11241,124,10,20210725,30,2
11242,88,2,20230504,19,2
11243,88,4,20230816,83,2
11244,7,14,20240228,85,3
11245,199,4,20230409,59,4
11246,217,7,20240221,22,3
11247,135,6,20230209,68,5
11248,132,3,20210823,50,5
11249,245,5,20230508,43,5
11250,91,9,20230305,5,1
11251,175,12,20210525,89,2
11252,25,1,20210220,69,3
11253,143,2,20230411,0,4
11254,146,7,20230320,92,1
11255,68,7,20240520,76,4
11256,131,6,20241011,49,1
11257,150,3,20230921,54,4
11258,162,4,20230113,21,1
11259,90,12,20221025,39,1
11260,100,12,20220412,68,5
11261,30,3,20210305,83,2
11262,85,11,20210711,19,5
11263,173,7,20210805,59,1
11264,59,10,20211105,81,2
11265,17,5,20240424,60,2
11266,82,9,20230225,10,4
11267,164,14,20240201,10,1
11268,73,11,20240428,15,4
11269,138,9,20221124,23,4
11270,166,2,20240725,22,2
11271,222,13,20221110,44,1
11272,142,3,20211010,54,3
11273,105,9,20241220,4,4
11274,64,1,20211101,27,5
11275,225,9,20240818,51,5
11276,147,12,20231016,69,5
11277,22,7,20210922,35,3
11278,13,12,20230910,93,4
11279,203,7,20240308,88,2
11280,18,6,20241214,74,1
11281,162,13,20230115,85,1
11282,21,11,20240510,79,2
11283,67,8,20241127,59,2
11284,179,6,20241216,12,4
11285,127,4,20210823,67,4
11286,126,1,20220319,87,3
11287,152,10,20210709,18,2
11288,61,4,20220804,27,5
11289,141,6,20241226,41,3
11290,74,11,20231214,81,2
11291,17,3,20231225,87,3
11292,202,1,20240206,27,2
11293,218,8,20231207,81,3
11294,172,2,20240921,68,3
11295,190,13,20230428,30,1
11296,238,13,20210901,83,2
11297,233,7,20211224,23,3
11298,202,5,20240903,33,5
11299,208,1,20211001,95,2
11300,109,5,20230413,6,1
11301,80,9,20240818,81,1
11302,70,6,20220702,91,5
11303,81,8,20240313,56,1
11304,103,13,20230524,32,1
11305,151,1,20230327,79,5
11306,241,13,20210326,41,2
11307,170,2,20210509,34,4
11308,2,7,20210123,12,5
11309,221,3,20240308,57,5
11310,202,12,20221117,7,3
11311,246,8,20220309,78,2
11312,26,4,20220825,3,5
11313,122,10,20221128,91,1
11314,195,7,20211010,64,5
11315,26,3,20220711,70,4
11316,149,10,20221007,63,1
11317,160,6,20241001,94,4
11318,134,13,20231222,97,1
11319,83,12,20221211,30,4
11320,154,12,20230725,3,5
11321,18,8,20220321,47,4
11322,160,14,20220510,62,3
11323,245,2,20220528,56,4
11324,83,13,20230902,18,4
11325,154,14,20211225,8,4
11326,34,3,20210517,94,5
11327,87,10,20240927,33,2
11328,39,8,20211113,66,2
11329,12,13,20240218,86,4
11330,180,8,20210315,21,4
11331,220,14,20230120,80,2
11332,159,10,20240215,38,5
11333,218,4,20240721,53,4
11334,248,12,20210218,83,5
11335,181,9,20220814,81,5
11336,175,13,20221123,68,4
11337,99,4,20241006,18,1
11338,119,10,20220225,98,2
11339,164,14,20220106,99,4
11340,141,13,20211025,43,5
11341,132,4,20220416,19,5
11342,2,3,20240815,62,5
11343,107,11,20230911,34,4
11344,149,6,20240402,14,2
11345,59,11,20240705,96,3
11346,208,11,20230707,44,4
11347,182,6,20240520,53,5
11348,182,12,20211205,15,5
11349,54,13,20211226,54,5
11350,115,4,20231005,45,4
11351,159,13,20221009,25,3
11352,99,3,20240205,61,4
11353,117,14,20221025,73,5
11354,103,6,20240827,67,1
11355,54,10,20240716,23,3
11356,68,1,20220604,78,1
11357,55,7,20220506,40,3
11358,234,4,20240513,93,4
11359,81,10,20240902,54,4
11360,158,10,20230416,58,1
11361,165,12,20231202,35,4
11362,161,9,20231018,22,1
11363,100,11,20210402,89,1
11364,242,11,20240811,58,1
11365,34,6,20240510,61,4
11366,106,9,20230801,19,5
11367,124,1,20210101,35,3
11368,102,13,20211220,57,2
11369,111,4,20230207,69,4
11370,130,7,20220809,83,5
11371,242,12,20220828,85,2
11372,95,6,20241026,36,3
11373,145,8,20230207,96,5
11374,244,7,20231003,84,3
11375,31,11,20210323,54,4
11376,192,9,20240301,23,3
11377,217,10,20220718,66,4
11378,188,4,20230428,75,4
11379,75,2,20230108,40,2
11380,68,7,20220826,23,2
11381,82,14,20220607,30,1
11382,244,2,20210615,18,4
11383,11,8,20210602,3,2
11384,2,14,20210709,65,3
11385,138,7,20231124,31,5
11386,16,6,20240325,66,1
11387,236,2,20231005,26,4
11388,142,5,20210625,49,4
11389,51,3,20230225,6,5
11390,130,14,20221103,94,3
11391,107,4,20221006,45,2
11392,19,5,20240502,70,1
11393,195,5,20230718,30,5
11394,168,1,20220306,88,2
11395,59,13,20230111,80,3
11396,26,11,20220104,53,1
11397,216,7,20240726,90,4
11398,239,14,20210901,74,3
11399,15,7,20210104,45,4
11400,203,4,20220218,1,5
11401,123,1,20220726,25,2
11402,239,9,20240127,10,1
11403,138,12,20230819,46,2
11404,11,8,20240301,21,3
11405,156,2,20210603,34,5
11406,143,14,20231020,30,5
11407,54,2,20220327,41,2
11408,5,6,20220724,52,2
11409,199,6,20210717,58,2
11410,40,2,20210207,45,3
11411,218,5,20240516,7,5
11412,56,10,20210119,30,4
11413,133,1,20221004,7,4
11414,109,4,20230307,27,5
11415,230,11,20240320,58,2
11416,190,6,20210713,92,2
11417,242,14,20210225,47,2
11418,151,2,20221026,64,5
11419,98,13,20220610,22,1
11420,125,9,20240504,25,3
11421,50,10,20241104,71,5
11422,29,12,20231106,97,1
11423,10,7,20221226,28,3
11424,211,6,20230327,58,1
11425,116,3,20220927,57,4
11426,13,11,20230925,66,2
11427,129,13,20230601,21,1
11428,203,8,20230619,79,1
11429,56,6,20240203,94,5
11430,66,11,20240620,64,5
11431,7,9,20211028,28,5
11432,177,14,20210611,16,5
11433,145,10,20220318,90,2
11434,238,9,20240414,10,4
11435,145,11,20241005,11,2
11436,5,8,20230416,70,3
11437,137,11,20210327,39,1
11438,128,9,20220104,35,4
11439,86,11,20221102,79,5
11440,59,3,20210626,50,4
11441,36,13,20221010,34,3
11442,101,10,20210211,81,1
11443,238,14,20221110,23,2
11444,136,9,20230422,88,3
11445,203,12,20240606,38,2
11446,27,10,20210928,59,1
11447,149,7,20240724,16,3
11448,192,12,20210802,41,3
11449,129,8,20240827,75,1
11450,32,5,20241208,59,3
11451,163,10,20240322,2,5
11452,135,7,20240104,61,3
11453,174,4,20240112,81,3
11454,30,14,20220621,22,2
11455,182,1,20240315,82,2
11456,183,9,20230810,40,1
11457,73,8,20220619,49,5
11458,134,12,20240922,47,5
11459,63,14,20230310,87,2
11460,216,14,20210109,47,4
11461,52,4,20211115,81,3
11462,47,14,20240828,38,4
11463,55,10,20221225,79,3
11464,137,12,20230213,83,5
11465,21,7,20220517,64,4
11466,14,10,20230614,78,2
11467,172,5,20220716,63,3
11468,176,1,20210307,21,3
11469,127,12,20210113,32,3
11470,109,10,20220621,6,3
11471,116,4,20221013,5,4
11472,87,1,20230508,91,2
11473,241,8,20240307,64,5
11474,20,12,20211207,98,4
11475,114,14,20221215,8,4
11476,153,8,20221022,13,2
11477,169,8,20210308,68,1
11478,111,10,20211208,72,3
11479,34,5,20240520,90,4
11480,72,2,20230524,21,5
11481,150,5,20230205,31,3
11482,15,12,20220927,27,4
11483,145,12,20210908,39,2
11484,69,13,20220521,52,3
11485,43,3,20220705,38,1
11486,8,10,20240627,17,1
11487,64,5,20230215,19,3
11488,158,14,20230211,34,1
11489,48,4,20220310,95,1
11490,110,6,20230315,72,3
11491,205,3,20220308,81,5
11492,79,12,20230119,26,3
11493,233,5,20230219,8,4
11494,97,11,20231217,87,4
11495,67,10,20230814,54,3
11496,228,10,20230309,77,2
11497,210,7,20210827,22,1
11498,169,10,20240101,80,5
11499,160,13,20230901,37,5
11500,162,9,20220409,88,2
11501,35,6,20220606,79,4
11502,215,3,20230304,23,4
11503,96,7,20240723,23,2
11504,159,8,20210401,15,4
11505,13,1,20230502,29,2
11506,95,4,20230312,83,2
11507,194,8,20210512,1,3
11508,228,10,20210518,83,4
11509,106,11,20210114,97,5
11510,101,10,20230515,47,5
11511,189,8,20241120,98,4
11512,138,6,20210321,63,4
11513,154,11,20220619,29,1
11514,34,4,20241103,81,2
11515,169,1,20230113,77,3
11516,87,14,20220827,93,4
11517,60,10,20241128,26,3
11518,185,11,20240601,52,5
11519,121,4,20221105,44,1
11520,38,12,20210912,39,4
11521,200,7,20220521,85,5
11522,143,3,20221126,89,3
11523,105,10,20220611,25,3
11524,69,9,20211015,12,5
11525,229,14,20210820,49,2
11526,111,9,20220524,59,5
11527,54,14,20230322,85,5
11528,175,5,20210412,2,5
11529,235,1,20210413,87,1
11530,54,11,20210704,79,3
11531,79,2,20230406,31,1
11532,21,9,20230812,33,3
11533,45,10,20240608,72,5
11534,19,6,20231016,44,3
11535,109,2,20230914,61,2
11536,87,11,20240821,18,1
11537,57,2,20231105,63,2
11538,49,13,20230505,97,1
11539,244,6,20220316,30,2
11540,55,12,20210828,62,1
11541,131,9,20230105,16,1
11542,243,2,20230126,9,2
11543,77,7,20211116,74,2
11544,244,7,20210826,57,2
11545,246,7,20240919,8,4
11546,152,7,20221024,62,4
11547,91,9,20240413,32,4
11548,216,5,20220605,94,3
11549,195,12,20230310,35,3
11550,217,9,20221101,72,2
11551,228,1,20230322,28,2
11552,22,7,20210515,21,4
11553,27,1,20230423,47,2
11554,52,12,20240227,95,2
11555,128,11,20240227,94,3
11556,37,13,20210713,7,2
11557,4,5,20221018,51,4
11558,132,2,20230711,23,4
11559,244,13,20211112,76,5
11560,226,13,20220805,5,1
11561,239,10,20240227,8,5
11562,179,9,20230510,42,3
11563,108,4,20221201,55,5
11564,185,8,20230604,88,4
11565,101,7,20210617,55,3
11566,33,4,20241115,6,1
11567,122,6,20230514,42,2
11568,234,6,20211112,1,4
11569,204,2,20240321,12,5
11570,146,5,20210919,63,4
11571,108,11,20240312,71,5
11572,73,9,20220716,66,4
11573,226,5,20231204,75,1
11574,238,10,20211110,52,4
11575,116,7,20231017,75,1
11576,148,10,20220803,66,4
11577,119,6,20230604,50,1
11578,167,7,20240408,73,1
11579,59,3,20230416,74,5
11580,77,12,20220521,38,3
11581,16,11,20220727,20,1
11582,231,6,20210305,65,5
11583,65,8,20211124,3,1
11584,160,7,20220128,53,5
11585,116,10,20230911,43,4
11586,188,1,20230210,46,4
11587,161,4,20220101,12,1
11588,42,12,20231206,83,4
11589,3,1,20240901,48,4
11590,202,4,20230616,70,1
11591,239,11,20230613,26,2
11592,148,9,20230911,60,4
11593,172,13,20210105,7,4
11594,151,6,20220918,44,2
11595,101,11,20240705,3,5
11596,4,7,20240220,41,2
11597,111,4,20220427,94,5
11598,231,2,20231120,19,4
11599,244,10,20220608,16,5
11600,158,10,20230425,56,2
11601,52,9,20220712,13,2
11602,210,3,20230322,61,1
11603,219,3,20240526,50,4
11604,137,9,20210321,42,1
11605,154,2,20220212,66,4
11606,175,3,20210412,74,2
11607,82,7,20230808,5,4
11608,133,1,20221013,6,4
11609,2,6,20230718,80,4
11610,117,9,20241213,82,2
11611,196,5,20220721,97,1
11612,223,6,20211101,24,1
11613,156,14,20210503,20,2
11614,9,5,20220207,46,3
11615,104,7,20230606,36,3
11616,123,2,20220321,12,2
11617,200,2,20221007,31,3
11618,198,6,20210616,1,4
11619,192,1,20210328,74,4
11620,187,2,20240517,23,1
11621,42,2,20240722,2,4
11622,93,5,20211018,93,3
11623,99,1,20211107,7,2
11624,87,10,20210122,46,4
11625,34,6,20230610,96,5
11626,226,2,20240305,66,3
11627,223,6,20211125,27,4
11628,22,1,20230525,81,4
11629,231,2,20220216,43,4
11630,249,13,20240901,96,5
11631,113,5,20220114,64,4
11632,179,11,20220807,40,2
11633,220,10,20231121,2,1
11634,151,4,20220420,42,5
11635,190,3,20221222,0,5
11636,200,1,20210610,71,5
11637,80,2,20240622,84,4
11638,32,11,20240514,92,5
11639,40,13,20230617,67,3
11640,193,12,20211011,64,3
11641,117,4,20230611,13,2
11642,135,5,20210323,17,5
11643,124,10,20231209,54,2
11644,208,7,20211125,79,3
11645,120,10,20230824,10,5
11646,16,3,20220423,35,3
11647,63,5,20240507,56,1
11648,57,14,20211103,29,1
11649,151,10,20210217,27,4
11650,72,12,20221221,96,4
11651,33,12,20230107,96,5
11652,191,4,20230524,55,2
11653,100,8,20231224,56,4
11654,58,5,20210109,67,2
11655,146,2,20240211,77,5
11656,8,13,20210911,94,4
11657,115,3,20240223,80,1
11658,171,10,20221007,83,1
11659,78,10,20211014,26,3
11660,202,1,20210105,89,5
11661,130,5,20240226,89,4
11662,209,5,20220626,29,3
11663,160,10,20230819,28,4
11664,45,14,20220707,98,2
11665,8,13,20221222,26,3
11666,222,12,20240528,23,2
11667,147,13,20210614,26,1
11668,3,3,20220115,69,3
11669,124,5,20220815,6,4
11670,244,11,20230205,94,5
11671,61,10,20221201,10,3
11672,93,8,20210419,81,4
11673,164,6,20240527,40,5
11674,208,10,20211202,95,2
11675,27,9,20210226,42,1
11676,187,11,20240708,0,3
11677,86,1,20220422,16,3
11678,212,1,20220818,16,1
11679,152,3,20210524,53,5
11680,244,11,20210515,75,1
11681,41,10,20231126,26,1
11682,202,12,20230903,42,2
11683,9,9,20230913,41,1
11684,48,3,20230714,46,4
11685,204,3,20211227,20,5
11686,211,10,20241106,69,1
11687,117,10,20240325,86,2
11688,54,12,20240212,8,1
11689,164,8,20240809,66,4
11690,173,12,20230425,80,3
11691,55,7,20240207,95,4
11692,168,10,20240607,71,2
11693,77,3,20210615,15,3
11694,67,13,20240526,80,1
11695,119,14,20220705,91,5
11696,102,13,20220710,81,5
11697,172,10,20240114,92,5
11698,3,3,20240212,50,2
11699,96,11,20220504,73,1
11700,25,7,20230413,71,5
11701,217,7,20240702,98,2
11702,226,3,20210317,87,4
11703,235,13,20231005,45,4
11704,123,9,20240409,51,5
11705,102,7,20220404,79,4
11706,51,2,20221022,62,2
11707,200,5,20240925,66,1
11708,210,9,20230819,8,1
11709,142,1,20230216,80,1
11710,238,14,20240425,86,2
11711,197,6,20241222,71,1
11712,204,9,20211024,63,3
11713,145,14,20221224,83,2
11714,2,6,20240803,68,5
11715,86,6,20221027,88,2
11716,160,3,20220909,1,1
11717,76,4,20220608,95,1
11718,228,13,20220517,76,5
11719,107,9,20240609,11,3
11720,234,12,20210704,92,3
11721,198,1,20220610,8,4
11722,83,2,20210708,73,1
11723,43,13,20220404,57,3
11724,143,10,20240804,70,1
11725,60,4,20231222,0,5
11726,156,13,20220110,10,3
11727,145,8,20210128,11,1
11728,212,1,20241211,0,5
11729,213,10,20241013,32,5
11730,68,5,20240520,27,1
11731,247,11,20210720,77,1
11732,130,12,20220726,73,4
11733,112,1,20230528,90,5
11734,190,9,20220315,14,2
11735,187,7,20230105,64,3
11736,11,12,20230816,98,3
11737,47,8,20240402,62,4
11738,109,11,20240211,80,3
11739,84,1,20220421,8,4
11740,111,2,20240524,96,2
11741,56,5,20240702,73,5
11742,156,6,20221122,17,2
11743,55,12,20220212,12,1
11744,178,9,20210618,70,3
11745,242,1,20210425,45,1
11746,197,10,20220607,74,1
11747,20,11,20230207,15,2
11748,162,10,20220906,34,3
11749,52,11,20240322,60,2
11750,150,6,20231126,91,3
11751,57,7,20211124,58,5
11752,40,14,20240810,84,1
11753,108,1,20230510,85,3
11754,75,3,20221024,54,4
11755,85,2,20240804,84,1
11756,223,11,20210503,97,5
11757,144,7,20211125,75,2
11758,125,13,20230519,8,2
11759,214,14,20220428,92,4
11760,136,12,20240405,57,3
11761,169,1,20220712,23,2
11762,147,2,20210114,80,1
11763,32,5,20230328,59,2
11764,202,9,20240123,81,5
11765,214,4,20230813,88,3
11766,235,2,20230124,78,3
11767,181,1,20210414,11,5
11768,82,6,20240722,1,4
11769,230,6,20210915,85,5
11770,5,7,20220923,66,5
11771,11,4,20230422,62,2
11772,55,13,20220510,12,3
11773,181,14,20210210,51,1
11774,232,4,20240322,1,2
11775,128,8,20241102,33,3
11776,116,13,20220413,92,4
11777,39,11,20221218,93,5
11778,106,8,20230412,1,5
11779,215,5,20240511,93,5
11780,236,13,20230419,97,2
11781,180,5,20241120,48,4
11782,149,11,20210522,75,5
11783,20,14,20220504,0,5
11784,27,11,20230913,75,3
11785,144,4,20240507,21,5
11786,172,9,20211002,97,2
11787,156,13,20211216,97,2
11788,35,6,20240815,91,4
11789,181,11,20230612,58,2
11790,192,10,20220615,14,5
11791,183,10,20240101,20,2
11792,197,6,20230603,76,3
11793,210,14,20211126,30,4
11794,114,8,20221001,71,2
11795,222,3,20210205,86,2
11796,220,9,20230327,63,3
11797,201,4,20240321,48,1
11798,66,3,20240903,87,1
11799,17,3,20211012,81,1
11800,167,3,20210408,68,4
11801,4,3,20210410,69,5
11802,56,6,20241116,95,3
11803,97,9,20240908,81,4
11804,64,7,20230515,7,1
11805,117,12,20230208,37,5
11806,59,6,20231224,30,1
11807,95,1,20240510,83,5
11808,216,3,20240904,83,5
11809,113,9,20210123,81,5
11810,234,12,20240419,27,5
11811,67,11,20230203,97,3
11812,123,10,20210921,8,5
11813,178,12,20210715,11,2
11814,147,3,20230107,41,4
11815,212,12,20210825,21,1
11816,187,4,20230818,1,3
11817,171,2,20231001,39,3
11818,24,14,20220307,63,5
11819,204,3,20220303,95,1
11820,51,11,20220627,30,5
11821,8,11,20220722,74,5
11822,170,4,20230626,67,2
11823,5,6,20220719,29,5
11824,136,8,20231207,18,5
11825,75,13,20230607,14,5
11826,169,4,20240623,98,1
11827,55,1,20220721,61,2
11828,191,12,20211203,7,1
11829,119,6,20211228,35,4
11830,15,6,20211223,88,3
11831,55,3,20211209,95,1
11832,227,14,20221013,76,2
11833,19,7,20211107,62,5
11834,175,6,20231016,12,2
11835,227,11,20231017,42,5
11836,9,1,20230308,59,2
11837,148,13,20240722,30,3
11838,75,3,20240916,41,5
11839,78,9,20210701,99,5
11840,91,10,20230619,32,1
11841,149,5,20220323,6,5
11842,175,3,20230903,90,1
11843,4,1,20240424,8,4
11844,144,11,20231018,46,4
11845,121,10,20210621,98,2
11846,42,4,20220921,63,5
11847,224,11,20210504,56,1
11848,97,8,20240207,71,2
11849,142,14,20230112,85,2
11850,26,8,20231107,63,1
11851,78,5,20220320,20,2
11852,42,7,20230423,94,4
11853,140,2,20230720,59,2
11854,35,12,20240114,16,4
11855,19,6,20210502,60,2
11856,131,1,20210122,0,3
11857,70,14,20230208,89,3
11858,136,8,20230415,91,2
11859,214,2,20220519,38,4
11860,212,10,20210410,71,1
11861,215,10,20240209,79,1
11862,173,12,20210827,28,5
11863,208,6,20240610,59,3
11864,9,12,20221211,43,3
11865,54,3,20211220,84,5
11866,167,6,20221113,34,3
11867,164,5,20231009,14,5
11868,243,14,20210923,29,3
11869,241,5,20231106,45,3
11870,133,12,20211024,32,4
11871,152,11,20220527,59,2
11872,157,7,20230605,99,1
11873,37,8,20210721,4,5
11874,65,5,20220707,20,1
11875,121,2,20241123,41,3
11876,132,10,20220807,75,5
11877,200,13,20220207,14,1
11878,230,4,20220122,3,1
11879,233,3,20210723,61,5
11880,108,5,20240809,42,4
11881,110,7,20210305,31,1
11882,157,3,20211203,69,2
11883,104,3,20220328,42,1
11884,2,4,20230318,31,3
11885,113,1,20241007,66,5
11886,103,8,20240609,26,3
11887,13,7,20211221,49,4
11888,230,14,20211201,53,2
11889,140,8,20210222,50,3
11890,84,10,20240404,56,3
11891,118,13,20241109,97,2
11892,10,4,20241022,24,2
11893,207,13,20240420,70,1
11894,192,9,20210125,70,5
11895,100,4,20240719,31,4
11896,176,11,20220916,43,1
11897,219,6,20241116,14,3
11898,222,8,20220110,14,3
11899,11,11,20210418,62,5
11900,25,3,20230406,71,3
11901,89,5,20230424,89,4
11902,239,4,20230716,62,4
11903,128,4,20210414,57,4
11904,25,8,20210508,33,4
11905,25,6,20210206,63,5
11906,185,11,20241002,17,5
11907,80,8,20241112,10,5
11908,243,7,20240725,87,5
11909,63,2,20240716,50,4
11910,66,12,20240925,94,1
11911,154,9,20220308,38,4
11912,247,8,20220708,42,5
11913,144,7,20230819,40,5
11914,243,12,20211221,35,1
11915,176,13,20221009,84,2
11916,157,6,20240525,51,3
11917,32,13,20231020,91,2
11918,126,10,20211128,42,2
11919,214,5,20220424,25,2
11920,155,10,20240126,1,5
11921,85,10,20230622,86,4
11922,2,14,20230811,73,3
11923,163,11,20210725,16,4
11924,209,13,20230403,44,4
11925,91,6,20240513,68,4
11926,11,5,20211025,72,4
11927,174,13,20241016,98,4
11928,163,6,20230314,34,3
11929,242,10,20220206,22,2
11930,182,13,20220323,88,2
11931,1,14,20220917,2,3
11932,115,8,20210326,36,5
11933,81,11,20220909,24,5
11934,250,7,20240719,40,1
11935,208,14,20240221,52,3
11936,181,5,20241126,87,3
11937,12,8,20220623,34,1
11938,213,2,20230813,32,4
11939,250,4,20210906,0,5
11940,132,6,20240526,19,1
11941,60,2,20241227,32,4
11942,2,10,20220518,65,3
11943,177,10,20220213,68,4
11944,216,10,20240204,36,1
11945,40,1,20230212,89,3
11946,73,2,20211106,6,3
11947,202,14,20231210,40,3
11948,64,2,20241121,44,1
11949,236,9,20210417,36,2
11950,90,9,20220211,15,4
11951,165,11,20221206,5,4
11952,57,8,20230612,70,1
11953,127,11,20220128,48,3
11954,243,13,20220424,96,3
11955,212,14,20230318,91,4
11956,233,1,20220413,12,4
11957,75,4,20240407,18,4
11958,214,6,20240909,63,4
11959,62,3,20230602,0,2
11960,239,5,20230404,89,1
11961,223,9,20240723,47,5
11962,12,4,20220917,74,3
11963,167,14,20240308,34,1
11964,91,2,20240612,6,2
11965,40,8,20240508,24,2
11966,20,7,20230226,91,4
11967,74,11,20210105,75,1
11968,173,10,20210310,42,3
11969,141,1,20211227,1,1
11970,52,1,20230409,73,5
11971,151,11,20230809,79,3
11972,166,10,20230220,76,4
11973,98,11,20210924,48,5
11974,19,11,20210218,57,3
11975,132,12,20240620,24,2
11976,29,9,20240916,7,4
11977,175,10,20220410,36,1
11978,221,3,20240318,47,3
11979,226,4,20220922,79,2
11980,145,2,20220720,95,3
11981,104,13,20210626,75,4
11982,245,8,20231101,69,4
11983,27,9,20241127,47,4
11984,162,5,20220312,85,1
11985,135,9,20240617,71,3
11986,116,4,20211004,97,1
11987,189,8,20230326,57,4
11988,112,4,20231107,31,3
11989,67,13,20231214,30,4
11990,62,3,20240318,4,4
11991,184,10,20210728,78,2
11992,72,4,20220812,68,2
11993,92,14,20240325,17,2
11994,118,8,20240518,6,5
11995,13,10,20221213,23,5
11996,201,2,20220828,92,4
11997,243,6,20211014,20,1
11998,23,7,20240717,56,3
11999,222,7,20230910,26,1
12000,99,11,20220927,93,4
12001,187,14,20211115,7,1
12002,185,4,20230221,52,3
12003,155,1,20211209,50,2
12004,181,13,20210715,74,1
12005,78,14,20230812,38,5
12006,146,11,20240420,73,5
12007,200,12,20210524,71,4
12008,91,3,20241206,11,3
12009,221,4,20230923,48,4
12010,24,3,20220416,43,5
12011,27,8,20240905,57,3
12012,157,9,20240909,71,1
12013,249,11,20221119,14,4
12014,36,1,20211109,74,1
12015,92,5,20230607,19,5
12016,168,8,20210824,30,1
12017,183,13,20230503,95,1
12018,152,10,20210312,75,5
12019,207,14,20230122,2,1
12020,13,3,20221219,31,4
12021,19,2,20230214,40,2
12022,231,4,20210407,98,4
12023,37,5,20210414,11,4
12024,6,8,20210821,44,1
12025,134,5,20240203,65,5
12026,134,1,20221018,78,2
12027,222,7,20231115,76,3
12028,78,11,20240411,21,4
12029,35,4,20220711,62,3
12030,59,7,20230208,31,2
12031,214,12,20210715,94,5
12032,17,14,20241017,1,4
12033,170,10,20220217,93,2
12034,220,12,20210713,64,3
12035,239,1,20220115,96,3
12036,235,6,20211226,6,4
12037,182,6,20221216,20,5
12038,47,13,20230723,29,3
12039,231,7,20231209,29,2
12040,89,1,20230606,50,2
12041,249,2,20210518,45,4
12042,2,9,20241106,45,3
12043,131,10,20220407,35,3
12044,221,7,20230315,27,2
12045,146,8,20240415,32,5
12046,215,9,20241107,25,2
12047,103,14,20230325,44,4
12048,120,10,20220708,69,1
12049,53,10,20231128,35,4
12050,76,4,20220708,7,3
12051,176,8,20231019,33,4
12052,70,13,20241206,85,4
12053,18,10,20231103,69,5
12054,185,7,20210122,80,3
12055,5,1,20230505,42,3
12056,191,9,20210211,75,4
12057,213,9,20210211,86,1
12058,196,4,20210713,85,5
12059,113,4,20240725,36,3
12060,207,3,20241028,97,4
12061,70,4,20230107,8,2
12062,72,14,20240824,39,3
12063,73,3,20231125,32,3
12064,30,6,20240919,64,5
12065,16,7,20230505,31,5
12066,83,2,20230613,52,4
12067,245,9,20230920,54,5
12068,64,2,20241109,11,2
12069,248,2,20240310,10,2
12070,205,14,20240416,84,2
12071,127,13,20240225,51,1
12072,199,9,20230911,29,4
12073,107,8,20240418,26,5
12074,195,11,20240814,21,3
12075,228,14,20231114,21,4
12076,177,6,20220513,2,1
12077,119,8,20221110,95,4
12078,204,1,20220722,33,5
12079,199,13,20220602,93,2
12080,203,13,20220614,88,1
12081,189,12,20210622,32,5
12082,159,4,20240605,37,1
12083,229,5,20210428,93,1
12084,165,7,20240503,72,5
12085,26,2,20240919,75,3
12086,126,11,20240408,11,5
12087,24,5,20240927,90,5
12088,230,13,20220703,26,5
12089,74,10,20230927,49,5
12090,72,10,20220315,46,4
12091,26,4,20220916,40,2
12092,180,10,20220608,75,3
12093,160,4,20210917,11,1
12094,241,12,20230525,16,2
12095,39,5,20220121,63,3
12096,5,12,20211011,72,5
12097,6,2,20220901,59,3
12098,156,5,20241010,85,5
12099,215,11,20230901,96,5
12100,149,3,20240104,46,4
12101,95,6,20240507,4,2
12102,111,2,20210410,95,1
12103,99,3,20210806,90,5
12104,153,13,20220602,92,2
12105,164,13,20230812,21,1
12106,135,3,20240606,78,5
12107,163,3,20240705,47,1
12108,152,1,20240320,60,4
12109,221,8,20231006,92,1
12110,31,8,20220825,2,4
12111,171,12,20240614,38,5
12112,136,13,20230106,55,5
12113,157,11,20240326,20,1
12114,27,2,20240501,58,4
12115,96,7,20210727,11,2
12116,52,7,20220928,62,1
12117,65,9,20210225,41,5
12118,158,1,20230516,34,5
12119,74,14,20220927,1,5
12120,111,8,20220307,85,3
12121,183,14,20240721,90,2
12122,201,3,20220709,45,1
12123,72,7,20230119,9,3
12124,56,5,20240801,0,1
12125,149,6,20220806,78,4
12126,223,1,20230824,65,3
12127,57,11,20230518,33,5
12128,227,5,20240710,7,5
12129,125,3,20240602,0,1
12130,184,2,20211203,11,1
12131,183,9,20230612,13,3
12132,207,12,20240803,43,5
12133,177,2,20240106,35,2
12134,105,10,20240926,2,5
12135,118,13,20241005,26,1
12136,16,10,20230502,66,2
12137,204,6,20210405,50,3
12138,40,10,20230519,66,5
12139,16,10,20210602,66,5
12140,79,12,20240928,3,1
12141,162,9,20230414,98,2
12142,110,9,20210219,57,3
12143,87,9,20220214,20,1
12144,193,14,20240222,68,2
12145,73,4,20231028,97,4
12146,34,14,20240102,36,3
12147,34,2,20230613,97,2
12148,156,3,20240402,99,4
12149,48,3,20211104,41,2
12150,199,9,20240816,93,4
12151,57,11,20211204,27,1
12152,18,6,20210614,69,5
12153,39,6,20240115,62,4
12154,128,4,20211215,58,3
12155,97,12,20210407,60,1
12156,68,4,20240317,92,2
12157,79,13,20220802,10,3
12158,121,13,20220523,99,5
12159,131,5,20211218,19,1
12160,84,2,20240528,52,4
12161,9,10,20241121,59,1
12162,189,14,20240304,18,5
12163,160,6,20240513,68,5
12164,163,13,20231011,19,2
12165,44,7,20230827,65,4
12166,136,7,20240527,93,1
12167,34,13,20220115,18,3
12168,46,10,20220818,11,2
12169,131,4,20241220,70,5
12170,25,2,20210523,34,3
12171,183,12,20230223,35,2
12172,38,5,20240809,66,2
12173,178,11,20240701,35,3
12174,3,10,20221019,23,4
12175,9,10,20220810,91,4
12176,143,14,20220311,58,4
12177,179,13,20240306,34,3
12178,234,3,20220408,74,2
12179,233,12,20210714,66,1
12180,81,13,20220618,25,4
12181,98,1,20220722,98,5
12182,3,4,20220211,4,1
12183,108,7,20211127,42,4
12184,238,1,20210827,75,2
12185,5,5,20210205,0,1
12186,89,11,20241212,5,4
12187,176,10,20220114,88,4
12188,123,1,20230812,75,4
12189,111,6,20240624,64,5
12190,202,5,20230703,8,1
12191,147,11,20210509,99,4
12192,179,13,20211014,33,3
12193,91,5,20230711,96,3
12194,112,2,20220817,49,4
12195,52,14,20240209,81,5
12196,161,3,20210325,73,1
12197,107,8,20211008,28,2
12198,204,11,20220312,39,3
12199,21,9,20220919,45,1
12200,80,2,20230204,75,5
12201,18,5,20230804,67,5
12202,130,8,20220727,16,2
12203,237,9,20210315,68,3
12204,173,6,20240314,65,1
12205,5,10,20220313,45,1
12206,220,6,20240526,94,2
12207,36,9,20210927,97,1
12208,32,10,20220228,68,2
12209,236,4,20231127,18,2
12210,101,7,20240307,40,5
12211,231,14,20220119,39,1
12212,185,7,20230719,34,2
12213,161,14,20220820,99,4
12214,210,12,20241002,32,5
12215,194,12,20240102,27,4
12216,189,6,20220311,69,1
12217,9,10,20230704,50,5
12218,54,6,20230711,84,1
12219,81,7,20230904,40,4
12220,34,13,20240725,10,4
12221,11,4,20220226,16,1
12222,209,2,20230127,78,5
12223,12,12,20241213,0,4
12224,3,2,20221013,91,1
12225,31,13,20230122,87,3
12226,23,11,20220126,42,2
12227,79,3,20221207,96,2
12228,70,1,20231020,20,3
12229,41,12,20241120,21,2
12230,119,11,20230515,17,3
12231,63,10,20240218,37,4
12232,189,9,20240309,25,1
12233,245,13,20240805,99,5
12234,45,10,20221122,28,2
12235,145,6,20210923,90,5
12236,240,5,20240805,46,1
12237,63,7,20230727,82,3
12238,65,4,20230618,10,4
12239,20,10,20220525,96,3
12240,188,2,20230418,17,3
12241,52,9,20240919,1,1
12242,142,4,20241128,1,3
12243,68,12,20210905,82,1
12244,177,9,20230213,19,3
12245,189,9,20230128,99,3
12246,144,9,20240925,62,2
12247,231,7,20210228,87,3
12248,170,5,20210726,95,2
12249,207,4,20231022,80,1
12250,199,4,20210302,25,3
12251,172,13,20210205,6,2
12252,113,6,20230728,30,2
12253,231,14,20240607,22,3
12254,27,3,20230325,98,3
12255,99,10,20240707,4,1
12256,237,7,20240724,81,1
12257,50,8,20240807,52,1
12258,244,4,20220423,21,1
12259,26,13,20211208,79,2
12260,234,14,20220606,69,5
12261,7,7,20240303,25,3
12262,115,11,20210508,53,5
12263,78,14,20220212,16,2
12264,120,14,20210828,16,4
12265,229,10,20220510,99,5
12266,39,2,20220417,19,4
12267,10,10,20240108,28,2
12268,201,1,20241219,20,5
12269,151,13,20240206,73,3
12270,200,4,20220911,35,5
12271,108,5,20240202,72,1
12272,65,12,20240427,79,4
12273,71,4,20210415,1,1
12274,230,1,20210209,53,4
12275,61,3,20220428,71,1
12276,205,9,20240122,52,4
12277,118,14,20231002,16,1
12278,124,4,20230305,21,1
12279,163,9,20221211,85,5
12280,198,2,20220201,54,3
12281,233,8,20231212,34,5
12282,58,13,20240125,41,4
12283,178,1,20230608,2,3
12284,202,3,20210214,81,3
12285,51,8,20221102,95,2
12286,78,8,20211213,76,2
12287,108,13,20231210,11,4
12288,215,6,20221119,41,4
12289,52,14,20240501,88,4
12290,153,9,20210402,59,4
12291,87,3,20210721,50,2
12292,57,4,20230501,47,4
12293,56,9,20240821,70,3
12294,60,7,20231224,17,3
12295,33,5,20230621,45,1
12296,54,3,20220314,95,1
12297,101,1,20241001,77,1
12298,157,13,20230306,25,4
12299,131,4,20240106,59,5
12300,35,5,20230618,46,5
12301,34,8,20231217,63,4
12302,220,10,20220507,89,5
12303,120,8,20210807,21,4
12304,212,7,20240928,81,5
12305,221,11,20230801,47,4
12306,120,12,20241021,46,5
12307,139,6,20221016,12,4
12308,49,3,20220305,40,1
12309,63,8,20240815,45,4
12310,218,9,20210601,10,4
12311,165,1,20240921,25,4
12312,245,2,20231006,70,5
12313,37,1,20230110,1,4
12314,10,5,20210310,43,1
12315,160,13,20211006,58,4
12316,155,11,20230402,76,2
12317,104,9,20231009,46,1
12318,143,11,20230120,67,4
12319,130,4,20220927,54,1
12320,20,6,20230602,70,5
12321,198,10,20221024,97,2
12322,163,5,20220322,56,4
12323,126,6,20240214,12,3
12324,110,14,20230511,89,1
12325,58,6,20230622,86,2
12326,75,2,20230906,38,3
12327,207,11,20211016,48,2
12328,20,1,20240114,38,1
12329,101,12,20210426,71,5
12330,27,3,20241221,70,4
12331,100,10,20230509,62,3
12332,104,2,20211217,37,2
12333,209,12,20241209,8,3
12334,211,13,20210526,30,1
12335,243,9,20230811,37,1
12336,10,9,20210421,70,5
12337,158,2,20230125,6,5
12338,150,10,20241126,83,1
12339,62,1,20240422,68,5
12340,107,14,20220607,18,5
12341,1,13,20230727,35,4
12342,120,6,20210913,73,2
12343,234,9,20240926,81,1
12344,224,2,20240122,12,5
12345,41,5,20230503,62,2
12346,97,12,20231127,75,1
12347,46,4,20210901,28,4
12348,230,13,20220626,66,4
12349,27,11,20231004,28,2
12350,213,13,20220504,9,2
12351,235,5,20230209,18,4
12352,124,14,20241011,43,4
12353,203,5,20211101,9,3
12354,71,2,20221103,15,2
12355,165,6,20241002,74,3
12356,240,11,20210207,93,1
12357,104,14,20220406,87,5
12358,134,6,20230803,71,4
12359,209,4,20240905,65,2
12360,62,3,20210526,72,4
12361,3,9,20240909,30,1
12362,80,8,20221026,73,4
12363,63,3,20240905,74,3
12364,182,9,20220823,76,2
12365,52,5,20240120,98,2
12366,77,6,20221226,15,1
12367,28,8,20210716,56,3
12368,152,3,20220511,6,2
12369,77,12,20240204,66,3
12370,195,8,20210326,13,4
12371,90,5,20210413,37,2
12372,179,4,20220310,60,1
12373,240,9,20210803,65,3
12374,225,12,20221007,29,2
12375,156,7,20241228,14,3
12376,174,10,20211111,20,3
12377,190,5,20210107,48,2
12378,241,8,20240102,60,4
12379,218,12,20210502,13,5
12380,99,14,20210707,72,3
12381,112,1,20220117,33,1
12382,23,6,20230826,87,3
12383,10,13,20240903,0,1
12384,126,5,20220812,62,5
12385,109,2,20230106,22,2
12386,115,6,20211026,43,3
12387,141,6,20221126,76,3
12388,202,8,20210125,36,1
12389,131,3,20210614,97,4
12390,114,6,20240515,53,3
12391,226,9,20220924,57,1
12392,159,9,20230207,66,5
12393,120,11,20220425,36,2
12394,91,11,20240817,75,3
12395,126,3,20211009,77,1
12396,104,1,20210704,62,2
12397,134,4,20231103,80,1
12398,21,5,20240115,71,1
12399,236,8,20230225,81,2
12400,158,12,20211218,41,2
12401,168,3,20220121,5,5
12402,211,5,20220509,93,4
12403,222,1,20211108,1,4
12404,218,14,20230819,6,5
12405,132,2,20240213,23,4
12406,152,9,20211003,77,2
12407,74,14,20230502,58,1
12408,53,12,20210227,14,4
12409,148,12,20240323,57,4
12410,145,9,20240719,27,4
12411,155,9,20210304,66,2
12412,43,2,20240608,13,5
12413,190,2,20230214,65,1
12414,75,5,20220209,83,5
12415,157,14,20220722,67,3
12416,160,5,20220422,52,5
12417,230,3,20241127,33,4
12418,241,8,20221015,43,4
12419,38,8,20210521,18,5
12420,198,5,20220124,22,1
12421,180,11,20240705,14,5
12422,102,5,20210209,51,3
12423,205,8,20230905,33,3
12424,96,3,20221116,76,1
12425,239,11,20221122,89,2
12426,18,7,20210807,52,2
12427,60,6,20220508,38,4
12428,212,6,20221228,17,4
12429,221,5,20230226,91,3
12430,138,11,20220308,0,5
12431,3,8,20231204,56,3
12432,47,8,20210518,60,5
12433,28,4,20230422,78,1
12434,108,7,20220420,66,2
12435,125,12,20220820,72,3
12436,192,11,20210923,70,4
12437,35,7,20221103,11,3
12438,93,3,20210501,82,5
12439,133,10,20241021,39,1
12440,112,12,20211024,91,5
12441,31,7,20210218,76,3
12442,13,6,20230822,79,1
12443,232,7,20230711,6,3
12444,155,3,20240411,28,3
12445,194,10,20240603,76,5
12446,10,14,20210712,35,3
12447,92,1,20220109,51,1
12448,64,8,20210214,96,4
12449,32,3,20210518,57,3
12450,124,1,20210404,85,3
12451,24,6,20240523,30,5
12452,178,1,20240306,0,5
12453,116,9,20211115,23,3
12454,78,12,20221108,80,4
12455,209,7,20230902,79,4
12456,172,3,20210823,71,4
12457,135,14,20220827,47,4
12458,165,4,20231207,51,1
12459,243,14,20220811,14,4
12460,209,2,20220827,28,3
12461,155,10,20220910,3,4
12462,210,11,20220901,94,1
12463,94,3,20210510,82,1
12464,118,2,20230724,87,1
12465,27,11,20230915,77,2
12466,230,5,20210328,17,4
12467,220,6,20221115,7,4
12468,229,1,20241028,47,5
12469,134,9,20240220,52,4
12470,239,6,20220824,88,1
12471,219,10,20210121,29,5
12472,19,4,20230421,57,1
12473,175,6,20240421,79,5
12474,25,2,20241001,7,5
12475,65,3,20221219,89,2
12476,25,11,20220412,52,1
12477,213,6,20220704,21,4
12478,130,11,20220601,3,5
12479,113,11,20210202,74,4
12480,138,1,20240507,60,5
12481,156,13,20230218,78,5
12482,8,4,20241125,7,2
12483,238,8,20211120,24,2
12484,215,10,20220514,48,2
12485,200,11,20230319,61,1
12486,137,1,20230818,30,4
12487,216,4,20210125,15,3
12488,62,14,20210111,45,3
12489,37,2,20210521,35,5
12490,46,12,20240321,53,4
12491,241,14,20210602,77,2
12492,199,10,20221225,53,5
12493,144,12,20230922,74,4
12494,197,3,20221101,23,1
12495,6,14,20241226,99,2
12496,148,1,20220706,16,2
12497,135,13,20240312,53,3
12498,53,9,20210618,32,3
12499,160,4,20240627,49,2
12500,183,14,20241107,82,5
12501,139,5,20211107,46,4
12502,170,2,20220103,75,4
12503,112,9,20210610,67,4
12504,91,1,20241117,55,1
12505,123,7,20220505,15,1
12506,219,9,20210727,73,4
12507,238,10,20231227,97,4
12508,128,12,20220513,18,2
12509,149,13,20240304,1,4
12510,43,8,20220721,19,1
12511,245,7,20231021,55,4
12512,161,8,20240319,60,1
12513,47,5,20240525,18,1
12514,71,11,20221127,84,1
12515,213,11,20230114,25,4
12516,197,13,20210901,61,2
12517,234,10,20220227,17,4
12518,167,10,20210717,79,1
12519,126,7,20230508,90,2
12520,84,9,20210328,26,5
12521,222,13,20210911,82,3
12522,19,8,20210219,20,5
12523,29,10,20220320,61,1
12524,160,11,20210621,92,1
12525,12,10,20221009,12,5
12526,6,12,20240806,36,5
12527,156,1,20210702,11,2
12528,207,1,20230628,51,4
12529,84,9,20240603,88,5
12530,6,13,20241024,90,3
12531,149,14,20211206,89,4
12532,38,13,20210619,86,5
12533,22,12,20241119,34,1
12534,207,1,20240520,11,4
12535,87,12,20210306,52,1
12536,120,3,20210727,3,2
12537,240,13,20220608,70,5
12538,94,9,20220713,94,5
12539,198,5,20220915,3,5
12540,207,9,20241112,71,3
12541,243,1,20220611,78,5
12542,73,14,20220603,64,2
12543,87,5,20231104,51,4
12544,192,3,20230508,38,1
12545,106,10,20240225,27,4
12546,42,13,20240221,54,5
12547,234,6,20241028,45,3
12548,249,10,20230516,99,1
12549,37,1,20230407,38,1
12550,180,13,20210111,37,4
12551,3,12,20220528,94,5
12552,91,12,20220717,30,3
12553,218,1,20240706,47,2
12554,17,8,20230519,90,2
12555,115,7,20230109,2,2
12556,84,7,20231207,2,1
12557,52,12,20230408,50,5
12558,169,2,20240226,46,3
12559,49,12,20230425,89,3
12560,103,3,20210322,51,5
12561,201,13,20220211,93,1
12562,143,6,20231220,93,4
12563,125,7,20220726,46,5
12564,4,13,20231215,57,5
12565,236,14,20240203,29,2
12566,73,13,20230506,44,2
12567,51,5,20241208,29,2
12568,165,5,20231119,1,1
12569,207,13,20240304,69,1
12570,22,14,20231109,10,4
12571,203,12,20240721,13,5
12572,86,8,20221204,74,2
12573,53,3,20240314,17,3
12574,116,8,20230710,37,2
12575,146,14,20240307,12,5
12576,190,13,20240810,37,5
12577,59,2,20240104,78,5
12578,181,3,20231107,89,1
12579,198,2,20221207,19,4
12580,88,14,20220626,8,4
12581,137,13,20241004,74,4
12582,197,12,20221013,73,1
12583,21,3,20220311,57,5
12584,241,14,20211009,2,4
12585,184,13,20231106,98,2
12586,85,12,20240908,61,2
12587,26,14,20230822,10,4
12588,74,8,20220428,92,5
12589,137,4,20210111,19,1
12590,147,6,20210326,64,5
12591,28,13,20240616,64,3
12592,207,4,20231109,8,3
12593,134,3,20220103,34,2
12594,6,4,20211125,69,4
12595,130,10,20220927,88,3
12596,67,8,20240408,83,4
12597,98,4,20221101,49,3
12598,60,11,20240528,22,1
12599,94,5,20210411,10,3
12600,195,3,20230709,65,2
12601,43,11,20231224,13,2
12602,124,12,20210424,39,4
12603,45,2,20230406,78,5
12604,185,14,20240908,53,4
12605,130,6,20240105,20,3
12606,107,2,20231003,66,1
12607,179,7,20230107,6,5
12608,75,1,20241019,96,4
12609,79,7,20241120,98,4
12610,200,7,20230607,0,3
12611,227,12,20240621,93,5
12612,97,4,20220827,1,2
12613,23,8,20241010,60,1
12614,189,2,20220924,30,5
12615,101,3,20210307,38,4
12616,190,8,20211209,26,1
12617,204,8,20240621,88,4
12618,187,13,20240702,8,2
12619,25,11,20221120,51,3
12620,57,6,20241109,59,2
12621,68,11,20240508,94,3
12622,229,6,20240305,96,4
12623,94,12,20220917,26,4
12624,145,14,20230703,60,2
12625,92,4,20221001,17,5
12626,232,6,20240726,51,5
12627,29,7,20240827,36,3
12628,98,10,20211103,50,3
12629,178,13,20240911,54,3
12630,180,11,20220624,2,5
12631,184,8,20210726,54,1
12632,183,2,20210510,34,5
12633,156,4,20230603,64,4
12634,153,6,20220927,72,2
12635,32,10,20230213,87,2
12636,133,10,20241120,96,2
12637,186,9,20240307,92,2
12638,160,10,20230610,83,5
12639,59,12,20210718,83,5
12640,201,5,20230204,95,3
12641,5,4,20210223,50,5
12642,164,10,20241009,24,5
12643,111,8,20210214,18,1
12644,152,8,20210318,88,3
12645,179,4,20240310,81,2
12646,228,4,20230728,67,1
12647,214,7,20240125,19,4
12648,16,14,20240426,0,3
12649,210,5,20220606,18,2
12650,84,5,20230802,36,4
12651,23,3,20210806,73,4
12652,75,6,20240104,40,2
12653,62,11,20230101,4,1
12654,71,5,20230116,30,2
12655,49,2,20240728,3,3
12656,91,14,20241128,39,2
12657,141,12,20221109,42,4
12658,52,10,20210512,58,1
12659,12,5,20210920,79,2
12660,148,2,20220404,4,5
12661,53,6,20230608,3,3
12662,134,5,20210208,42,3
12663,169,11,20211015,93,4
12664,144,9,20230128,74,1
12665,181,11,20240918,59,4
12666,128,3,20221226,41,5
12667,101,10,20211121,69,4
12668,81,14,20240603,57,2
12669,68,9,20210819,27,2
12670,100,13,20240423,63,5
12671,32,13,20230701,0,4
12672,9,3,20210508,16,5
12673,220,13,20230225,22,5
12674,43,2,20210721,55,3
12675,88,4,20210901,68,5
12676,109,14,20241022,28,5
12677,69,7,20220519,19,5
12678,160,9,20231227,20,1
12679,139,14,20221006,26,1
12680,135,2,20220502,18,3
12681,132,9,20231011,75,1
12682,40,1,20240517,23,3
12683,237,13,20220324,4,3
12684,50,4,20240521,60,1
12685,127,3,20210623,70,5
12686,12,1,20210227,55,2
12687,59,12,20230309,38,1
12688,82,13,20211215,79,5
12689,58,11,20220211,41,3
12690,194,11,20230701,48,5
12691,63,8,20220813,94,1
12692,59,7,20210514,63,2
12693,62,12,20211111,6,1
12694,13,1,20221024,31,4
12695,232,2,20230902,2,4
12696,48,12,20220325,22,4
12697,74,5,20210803,65,1
12698,204,11,20240507,16,5
12699,97,3,20231216,90,5
12700,82,5,20240603,68,2
12701,135,5,20230728,49,3
12702,221,6,20220628,16,4
12703,140,6,20220622,33,1
12704,199,13,20220321,38,2
12705,28,7,20230806,87,1
12706,237,4,20221227,33,1
12707,8,8,20230108,79,2
12708,62,9,20210226,9,2
12709,177,1,20221012,28,5
12710,218,13,20230107,9,1
12711,76,6,20240909,40,5
12712,99,14,20211211,45,3
12713,44,3,20231114,72,1
12714,43,4,20220216,61,2
12715,8,11,20210711,2,4
12716,55,4,20210503,91,3
12717,120,3,20220406,51,2
12718,137,10,20241124,21,4
12719,134,12,20230116,52,3
12720,246,6,20240227,84,4
12721,198,4,20230224,59,5
12722,107,4,20230928,22,2
12723,227,3,20210716,27,5
12724,66,1,20240110,32,3
12725,140,9,20210111,46,3
12726,250,13,20240608,46,2
12727,103,10,20240916,99,4
12728,71,13,20240607,80,4
12729,18,12,20210705,1,3
12730,152,11,20221127,71,1
12731,140,14,20211212,63,4
12732,247,10,20220813,31,2
12733,42,1,20210302,45,1
12734,187,8,20230303,80,3
12735,69,10,20240725,77,4
12736,78,13,20240711,8,5
12737,215,9,20210504,62,2
12738,90,7,20210907,94,4
12739,114,6,20210314,43,3
12740,170,7,20210822,19,2
12741,80,14,20231101,98,4
12742,75,13,20240615,61,3
12743,126,6,20240408,79,4
12744,190,3,20240314,20,2
12745,248,6,20210217,79,3
12746,207,8,20220426,56,4
12747,132,14,20211116,26,2
12748,177,4,20240316,99,2
12749,65,13,20221125,40,4
12750,27,12,20230428,33,1
12751,240,13,20220418,2,4
12752,103,11,20220620,41,3
12753,152,12,20210616,52,5
12754,36,3,20240401,60,5
12755,25,7,20210719,3,4
12756,18,10,20211228,5,4
12757,233,9,20220328,18,1
12758,42,12,20220511,55,5
12759,133,3,20230305,19,1
12760,29,9,20210918,86,2
12761,108,12,20210815,57,4
12762,228,9,20240611,19,2
12763,28,2,20210621,36,2
12764,68,12,20230218,67,3
12765,4,7,20230217,3,2
12766,192,4,20241124,63,3
12767,143,3,20220308,38,2
12768,39,2,20211016,85,3
12769,56,9,20240919,57,1
12770,103,7,20211219,17,4
12771,138,13,20211119,30,5
12772,211,1,20240128,66,4
12773,67,7,20220326,35,5
12774,88,1,20240928,81,1
12775,191,14,20210119,39,3
12776,158,8,20230510,5,1
12777,232,1,20220119,31,2
12778,54,2,20220611,39,5
12779,49,3,20210227,53,5
12780,150,10,20220827,19,3
12781,10,8,20211115,32,3
12782,127,8,20210703,44,2
12783,2,4,20220904,57,2
12784,193,6,20210622,70,2
12785,63,13,20240615,3,4
12786,235,3,20230606,93,3
12787,19,10,20210708,18,3
12788,62,14,20231011,62,4
12789,74,5,20220912,18,5
12790,137,14,20210118,53,2
12791,109,1,20230312,89,5
12792,68,2,20230628,19,1
12793,45,5,20211001,89,3
12794,13,6,20240603,88,1
12795,17,13,20230621,68,1
12796,107,3,20210924,34,2
12797,42,4,20240607,25,2
12798,172,8,20221102,17,4
12799,131,14,20231206,25,5
12800,117,8,20240316,16,4
12801,119,13,20220404,17,1
12802,185,2,20221215,87,2
12803,224,11,20210706,40,4
12804,46,7,20210120,54,1
12805,126,5,20230710,45,5
12806,204,13,20230522,47,3
12807,38,10,20230805,82,3
12808,118,10,20220908,81,2
12809,110,4,20220323,35,1
12810,144,4,20230614,86,2
12811,28,10,20230603,78,3
12812,216,8,20220511,66,5
12813,241,3,20210705,26,4
12814,182,1,20230421,25,3
12815,45,5,20210704,59,1
12816,33,13,20240123,83,1
12817,99,1,20221103,81,1
12818,102,2,20240416,30,5
12819,212,9,20221218,20,2
12820,92,12,20221214,53,5
12821,178,8,20220701,32,2
12822,194,3,20220703,35,3
12823,26,10,20240820,3,3
12824,109,10,20210812,43,4
12825,141,5,20210212,84,5
12826,78,11,20220205,20,2
12827,181,4,20240306,23,1
12828,195,4,20211012,41,5
12829,155,5,20220302,68,2
12830,161,11,20211120,9,3
12831,162,6,20220706,97,1
12832,122,7,20210921,10,3
12833,42,10,20211110,45,5
12834,40,2,20231122,66,1
12835,75,4,20221109,99,1
12836,239,10,20210206,42,1
12837,29,12,20241015,73,5
12838,241,1,20240407,19,1
12839,20,8,20230216,54,3
12840,188,8,20220501,8,2
12841,33,14,20211223,69,3
12842,165,5,20221113,24,1
12843,18,8,20230722,5,1
12844,32,10,20230901,12,1
12845,198,9,20240723,80,1
12846,81,2,20230123,53,1
12847,118,9,20220928,79,2
12848,58,7,20211202,89,2
12849,69,1,20211220,77,3
12850,126,11,20230721,58,2
12851,157,14,20241202,40,1
12852,152,2,20230409,66,5
12853,200,14,20210812,96,1
12854,147,12,20221225,78,2
12855,102,10,20240824,47,4
12856,154,5,20210309,76,5
12857,223,7,20220807,81,3
12858,46,6,20240905,61,5
12859,185,13,20210102,58,1
12860,218,14,20231217,5,5
12861,134,2,20240515,69,3
12862,182,13,20220427,23,4
12863,29,13,20230107,70,3
12864,231,2,20210721,57,1
12865,158,6,20241015,44,3
12866,14,6,20231217,25,1
12867,224,3,20220419,39,1
12868,205,10,20211119,56,5
12869,96,6,20221127,41,4
12870,51,14,20231117,55,1
12871,221,14,20240604,46,2
12872,45,4,20210525,25,1
12873,5,14,20241127,95,2
12874,36,11,20221012,84,2
12875,116,12,20230226,80,3
12876,114,7,20240410,74,2
12877,221,2,20220801,96,1
12878,137,14,20221005,26,2
12879,88,10,20241112,28,3
12880,19,12,20240816,19,2
12881,134,9,20230215,68,4
12882,194,8,20220713,38,2
12883,116,6,20210805,93,4
12884,227,7,20241023,21,2
12885,129,9,20220411,62,1
12886,63,6,20240311,11,5
12887,34,10,20240116,62,3
12888,109,8,20220512,14,3
12889,37,3,20230105,33,4
12890,13,9,20221004,95,5
12891,195,12,20240607,80,5
12892,180,1,20210820,3,1
12893,40,4,20240711,88,5
12894,29,3,20220307,10,2
12895,206,1,20221219,57,5
12896,229,10,20210903,37,2
12897,4,10,20230817,55,2
12898,188,12,20220210,42,3
12899,115,6,20230208,48,4
12900,112,10,20221207,71,4
12901,78,2,20230919,10,4
12902,195,2,20240824,57,4
12903,36,10,20220701,32,5
12904,221,5,20230212,38,3
12905,57,6,20241108,73,4
12906,236,1,20230823,45,5
12907,205,4,20221027,64,4
12908,100,5,20240523,24,3
12909,179,3,20210705,81,5
12910,82,11,20240313,16,4
12911,38,14,20240927,44,5
12912,182,2,20210810,79,5
12913,92,11,20230610,87,2
12914,59,6,20241011,33,1
12915,237,8,20230817,47,4
12916,223,4,20220912,40,4
12917,226,1,20220612,56,1
12918,69,3,20210627,44,2
12919,51,11,20231206,52,3
12920,191,4,20220126,10,1
12921,31,8,20220613,95,2
12922,26,8,20221027,47,2
12923,16,12,20240214,25,1
12924,104,12,20240805,48,3
12925,37,9,20221214,93,2
12926,86,11,20241210,51,5
12927,86,3,20240407,95,2
12928,158,6,20231220,39,1
12929,189,6,20240525,69,1
12930,100,14,20230903,44,3
12931,127,5,20230310,47,1
12932,2,1,20240202,61,1
12933,99,10,20230225,92,4
12934,147,1,20240922,98,3
12935,204,7,20231209,90,3
12936,193,6,20230521,57,2
12937,24,3,20240925,65,2
12938,92,8,20241121,65,5
12939,182,12,20210325,34,3
12940,129,8,20210303,58,4
12941,142,11,20211224,1,1
12942,84,12,20241207,37,1
12943,169,10,20230902,48,3
12944,173,4,20211223,86,3
12945,227,9,20210807,47,3
12946,250,6,20221016,92,3
12947,159,2,20240826,44,4
12948,73,10,20210907,5,1
12949,139,8,20210405,83,4
12950,192,1,20230721,3,4
12951,49,7,20220410,18,1
12952,190,10,20221227,99,5
12953,70,7,20220728,72,3
12954,125,5,20210712,48,2
12955,86,10,20240227,5,4
12956,139,10,20230903,7,5
12957,85,8,20240626,91,5
12958,60,12,20240628,3,5
12959,234,1,20210212,47,5
12960,36,12,20210408,39,5
12961,170,5,20220513,55,3
12962,248,11,20210612,16,5
12963,209,9,20220208,88,5
12964,231,5,20220524,93,2
12965,250,1,20240215,59,2
12966,208,4,20230410,59,3
12967,197,10,20240115,79,3
12968,173,8,20210209,16,3
12969,96,11,20230312,91,1
12970,9,7,20210621,69,5
12971,211,9,20231117,85,2
12972,171,8,20210210,76,3
12973,203,14,20231026,57,1
12974,150,12,20241223,49,3
12975,123,13,20220322,66,1
12976,76,6,20221112,69,2
12977,16,8,20241103,52,1
12978,163,7,20241116,48,3
12979,162,3,20220213,96,4
12980,85,1,20230311,45,1
12981,29,13,20230307,36,4
12982,114,3,20221115,42,1
12983,129,9,20221211,34,1
12984,250,5,20220815,78,4
12985,245,6,20230119,37,3
12986,208,8,20241221,56,1
12987,231,4,20240203,40,5
12988,186,12,20210106,3,5
12989,212,8,20221014,4,4
12990,62,8,20210825,82,2
12991,142,4,20220804,68,1
12992,99,2,20220606,71,2
12993,240,10,20221222,58,5
12994,116,5,20210907,75,3
12995,105,3,20240419,86,3
12996,205,4,20231117,7,5
12997,233,9,20210228,92,1
12998,211,7,20210211,43,1
12999,62,5,20210213,41,1
13000,189,3,20240426,22,2
13001,230,5,20210802,1,1
13002,24,8,20231213,79,2
13003,140,11,20220907,7,3
13004,171,7,20241201,51,5
13005,235,4,20210808,53,5
13006,164,11,20220622,27,3
13007,218,11,20230919,80,4
13008,80,4,20210322,53,5
13009,39,10,20210311,30,3
13010,190,1,20240708,51,5
13011,95,13,20241120,67,3
13012,118,11,20220414,53,5
13013,16,3,20240819,60,1
13014,53,10,20231209,63,2
13015,22,9,20240804,13,5
13016,11,5,20210810,26,1
13017,42,3,20210304,13,2
13018,15,1,20220217,12,1
13019,24,10,20220825,20,1
13020,138,12,20240815,20,1
13021,95,9,20210205,27,2
13022,156,5,20241108,73,5
13023,82,8,20230802,56,5
13024,47,6,20231123,90,5
13025,141,1,20240412,26,4
13026,181,10,20210610,6,4
13027,92,14,20230328,52,3
13028,30,11,20210628,82,4
13029,242,7,20241225,23,5
13030,21,8,20220926,6,1
13031,230,9,20220904,89,2
13032,4,13,20210317,6,4
13033,20,3,20230408,53,4
13034,219,5,20220723,10,3
13035,34,12,20220212,43,3
13036,155,13,20230114,26,1
13037,60,4,20211026,12,2
13038,194,5,20231026,88,3
13039,174,1,20241106,64,1
13040,196,13,20231128,76,3
13041,5,13,20240608,46,3
13042,78,1,20230720,52,3
13043,33,5,20240917,19,4
13044,136,3,20210227,61,5
13045,214,10,20220716,40,5
13046,91,3,20230401,98,2
13047,22,5,20240923,67,5
13048,124,11,20220115,67,1
13049,243,1,20241107,50,1
13050,204,4,20240404,40,3
13051,15,5,20210105,5,4
13052,196,13,20230305,11,1
13053,83,5,20240124,49,3
13054,236,4,20210924,83,1
13055,244,4,20240905,9,1
13056,178,3,20211226,47,1
13057,93,11,20230125,64,1
13058,36,6,20220306,35,2
13059,67,11,20231205,65,5
13060,236,6,20230113,48,4
13061,46,1,20220917,46,2
13062,56,11,20230920,41,2
13063,77,4,20240227,10,1
13064,188,11,20240118,10,4
13065,32,14,20221126,23,5
13066,43,3,20220808,1,3
13067,17,7,20241126,54,2
13068,162,3,20220619,37,5
13069,28,9,20230223,39,1
13070,42,6,20240709,9,3
13071,173,13,20211202,92,2
13072,67,4,20230412,88,2
13073,49,5,20240128,68,2
13074,214,5,20211211,67,4
13075,87,13,20211124,14,5
13076,173,2,20210914,44,2
13077,34,5,20221127,41,5
13078,163,14,20231021,13,1
13079,187,12,20240328,21,1
13080,9,2,20230722,89,1
13081,68,13,20221108,31,4
13082,127,8,20210812,33,3
13083,147,12,20220402,49,5
13084,151,13,20240521,61,2
13085,133,6,20220221,57,2
13086,166,8,20241204,8,5
13087,201,3,20220324,87,1
13088,29,2,20210413,81,1
13089,215,13,20240228,57,2
13090,22,4,20230928,57,2
13091,71,10,20220104,72,2
13092,240,5,20231106,20,1
13093,175,8,20221225,60,5
13094,217,3,20240522,37,3
13095,52,3,20240124,90,4
13096,193,11,20230818,73,4
13097,52,4,20230121,67,3
13098,42,3,20211017,37,1
13099,109,6,20241121,53,2
13100,179,11,20230515,10,1
13101,159,14,20210807,14,4
13102,4,5,20211116,81,3
13103,207,8,20240820,88,5
13104,64,4,20240105,66,4
13105,93,9,20240911,2,1
13106,206,12,20220622,72,3
13107,79,3,20240602,46,3
13108,189,1,20210123,83,2
13109,33,10,20230226,64,4
13110,217,13,20240511,43,3
13111,47,14,20230703,60,4
13112,250,3,20220416,63,3
13113,1,8,20220625,7,1
13114,212,1,20230706,50,1
13115,175,10,20240405,89,5
13116,71,1,20240822,66,1
13117,243,11,20220602,16,5
13118,239,2,20230122,47,2
13119,93,3,20211224,0,3
13120,84,13,20210919,69,4
13121,168,2,20220410,69,4
13122,139,4,20240619,66,2
13123,90,12,20240703,82,5
13124,60,11,20210407,42,4
13125,113,9,20220224,58,5
13126,125,1,20210526,89,4
13127,106,7,20240118,98,3
13128,246,3,20241026,15,2
13129,242,8,20211110,66,3
13130,162,2,20230715,92,5
13131,167,12,20230611,34,3
13132,7,5,20240823,38,4
13133,59,5,20231019,16,4
13134,228,2,20240502,76,3
13135,157,9,20220815,28,3
13136,186,14,20230118,70,4
13137,248,5,20240301,1,1
13138,67,12,20220323,32,5
13139,136,5,20210928,2,5
13140,194,10,20240203,56,3
13141,51,7,20211025,88,4
13142,121,8,20230920,26,5
13143,5,4,20230813,52,1
13144,147,5,20220714,4,2
13145,187,4,20220607,33,5
13146,101,8,20240906,51,1
13147,61,1,20210521,37,3
13148,227,5,20210712,47,1
13149,63,11,20210222,53,4
13150,49,8,20220617,0,4
13151,161,13,20221124,26,4
13152,246,2,20231108,87,3
13153,115,12,20230725,28,3
13154,196,5,20230209,65,1
13155,142,5,20210911,96,5
13156,94,11,20231120,86,2
13157,233,3,20211021,62,3
13158,199,9,20220322,0,1
13159,69,12,20210314,31,2
13160,53,13,20220421,11,3
13161,97,2,20241225,88,4
13162,243,6,20211010,93,3
13163,76,3,20231228,78,5
13164,122,5,20220415,32,4
13165,116,2,20231128,35,2
13166,43,14,20230311,93,5
13167,215,7,20241222,16,4
13168,160,1,20240616,34,5
13169,181,9,20220404,48,2
13170,100,5,20210303,7,4
13171,36,3,20210818,15,5
13172,178,7,20230207,57,1
13173,39,3,20230626,42,2
13174,161,3,20210514,21,4
13175,117,3,20221101,33,1
13176,99,14,20220627,35,4
13177,177,13,20220409,86,1
13178,23,12,20240520,46,3
13179,219,2,20230323,90,4
13180,119,13,20230812,87,2
13181,178,11,20220304,35,2
13182,30,1,20210909,82,2
13183,15,2,20220515,95,4
13184,6,1,20230803,19,4
13185,169,7,20230112,40,4
13186,57,8,20221222,68,5
13187,183,12,20240427,16,1
13188,182,3,20220428,72,5
13189,140,1,20230614,45,2
13190,196,12,20231209,3,5
13191,192,2,20241001,68,5
13192,169,1,20211104,96,5
13193,80,13,20210901,81,4
13194,183,1,20210928,23,5
13195,139,7,20220504,59,5
13196,148,3,20230826,47,1
13197,104,12,20240111,31,1
13198,213,13,20241005,95,3
13199,201,11,20220221,33,2
13200,164,2,20230224,8,2
13201,197,4,20231220,40,1
13202,19,3,20230421,15,5
13203,10,9,20230302,40,3
13204,234,3,20211122,11,2
13205,106,11,20220212,88,2
13206,71,6,20221127,98,5
13207,180,12,20240918,90,2
13208,237,12,20220428,27,5
13209,239,13,20220718,75,5
13210,128,4,20221124,61,5
13211,205,10,20241027,27,3
13212,246,10,20240228,47,4
13213,156,11,20230501,50,2
13214,146,8,20240822,17,4
13215,48,2,20231203,12,2
13216,190,4,20221016,26,4
13217,234,13,20220220,81,5
13218,43,8,20211103,85,3
13219,95,4,20220321,20,5
13220,60,3,20211027,80,3
13221,201,8,20240709,6,3
13222,126,13,20211107,79,5
13223,4,13,20230117,4,1
13224,182,11,20210108,51,3
13225,162,2,20210202,47,4
13226,210,3,20241114,9,1
13227,144,1,20230723,4,2
13228,44,3,20230707,49,1
13229,74,9,20211028,34,4
13230,97,2,20210520,35,5
13231,65,6,20230315,3,4
13232,139,8,20211003,88,1
13233,108,11,20241005,52,1
13234,189,1,20231112,32,3
13235,232,5,20220801,54,5
13236,160,12,20240701,47,3
13237,199,8,20220414,57,3
13238,191,14,20221222,31,3
13239,178,6,20240806,96,2
13240,144,8,20210323,58,5
13241,36,14,20220925,51,1
13242,158,11,20231207,13,4
13243,73,11,20221007,19,5
13244,211,4,20210119,52,4
13245,22,3,20231021,13,1
13246,39,7,20211214,65,4
13247,89,11,20240405,49,4
13248,188,3,20210616,55,2
13249,31,7,20230115,12,5
13250,196,3,20240412,17,3
13251,11,9,20220209,2,2
13252,15,14,20210528,87,3
13253,90,2,20230204,19,5
13254,173,14,20210706,21,5
13255,61,1,20240214,53,5
13256,55,11,20210921,82,4
13257,133,5,20220321,79,5
13258,37,8,20220601,37,2
13259,199,13,20220708,37,4
13260,175,3,20221126,44,5
13261,148,5,20230926,49,3
13262,24,1,20210927,89,3
13263,68,5,20220816,95,5
13264,225,7,20240901,81,3
13265,55,4,20230215,95,2
13266,72,8,20240214,53,5
13267,237,3,20230611,91,5
13268,119,3,20220728,69,4
13269,67,1,20220815,51,4
13270,211,6,20220808,43,4
13271,224,14,20210303,70,2
13272,49,1,20240213,66,2
13273,236,3,20230327,80,4
13274,119,1,20240519,74,5
13275,202,14,20240323,17,3
13276,21,12,20211127,98,4
13277,125,10,20231109,6,4
13278,146,8,20210619,57,3
13279,188,6,20240224,88,2
13280,122,4,20230804,89,4
13281,2,12,20220123,88,2
13282,10,1,20230206,38,4
13283,232,11,20231001,40,2
13284,5,9,20240403,34,3
13285,22,7,20210224,46,5
13286,65,13,20221228,94,5
13287,187,14,20211113,68,5
13288,121,6,20210924,33,2
13289,130,2,20210711,31,5
13290,249,8,20220606,70,4
13291,154,9,20210708,77,4
13292,120,11,20240516,74,4
13293,119,2,20211009,33,2
13294,169,12,20220401,56,4
13295,4,6,20220410,88,5
13296,247,12,20210321,10,5
13297,33,6,20240924,12,4
13298,97,5,20240402,69,5
13299,20,9,20211217,7,3
13300,74,7,20210612,38,3
13301,28,10,20240812,19,3
13302,208,13,20221027,10,3
13303,169,10,20240309,88,4
13304,112,11,20230214,87,4
13305,130,9,20230805,59,4
13306,18,5,20220524,19,2
13307,239,7,20230920,18,2
13308,70,8,20220509,41,4
13309,203,9,20240426,88,1
13310,193,4,20211221,20,5
13311,160,2,20241210,27,4
13312,122,5,20240504,7,5
13313,103,4,20230705,37,5
13314,187,13,20210205,15,2
13315,117,11,20210224,13,5
13316,73,12,20210302,42,2
13317,15,4,20230913,9,3
13318,166,11,20241026,27,5
13319,137,12,20241008,66,2
13320,7,13,20220827,30,3
13321,224,9,20221205,85,1
13322,91,13,20210809,92,3
13323,172,13,20210621,81,1
13324,35,4,20211102,64,2
13325,170,6,20210417,42,2
13326,118,13,20230515,8,4
13327,186,10,20220724,47,4
13328,233,9,20210515,8,4
13329,140,5,20230116,69,1
13330,111,3,20240804,47,2
13331,81,10,20240502,41,3
13332,77,8,20220526,2,3
13333,167,6,20231027,88,2
13334,157,5,20210521,57,2
13335,134,11,20210707,20,3
13336,177,4,20240408,16,1
13337,42,6,20240325,95,1
13338,94,1,20240322,70,5
13339,211,3,20230701,97,5
13340,16,7,20220227,64,5
13341,187,14,20240320,46,5
13342,5,11,20231003,79,1
13343,26,3,20230408,31,5
13344,122,4,20230126,15,1
13345,23,12,20230711,66,3
13346,148,8,20220318,14,2
13347,108,4,20231212,17,1
13348,21,2,20230910,6,5
13349,180,9,20220808,45,5
13350,201,8,20230212,33,5
13351,206,12,20240218,56,5
13352,64,11,20210516,60,3
13353,184,2,20241121,36,2
13354,18,12,20240421,74,1
13355,159,1,20210206,95,4
13356,212,7,20220320,36,5
13357,196,8,20220504,25,1
13358,98,2,20210902,67,4
13359,27,8,20240825,64,5
13360,17,4,20210608,36,5
13361,201,5,20220606,66,5
13362,171,13,20231017,13,4
13363,201,1,20211209,96,1
13364,91,10,20241006,0,5
13365,181,11,20230206,98,3
13366,5,6,20230201,78,4
13367,63,2,20220728,44,4
13368,155,1,20221009,78,5
13369,214,10,20221210,40,4
13370,149,13,20240515,62,5
13371,147,11,20211021,97,3
13372,116,14,20230123,15,1
13373,212,9,20241015,95,2
13374,153,3,20240725,45,2
13375,195,2,20210415,1,5
13376,7,14,20231126,89,5
13377,73,13,20211117,67,2
13378,204,14,20230428,34,3
13379,201,9,20241119,93,1
13380,63,9,20240523,59,4
13381,164,12,20210117,46,1
13382,131,4,20241202,41,1
13383,120,8,20231117,14,2
13384,151,5,20211018,99,3
13385,91,13,20211021,54,1
13386,143,12,20210324,34,4
13387,143,13,20221207,75,4
13388,129,9,20230620,71,2
13389,21,4,20240823,11,1
13390,31,2,20240824,78,4
13391,28,13,20240714,58,1
13392,112,3,20210609,11,5
13393,156,4,20231219,93,1
13394,182,4,20220801,12,3
13395,125,1,20221003,81,2
13396,229,3,20210212,1,1
13397,233,11,20210225,10,4
13398,69,12,20220204,30,2
13399,83,9,20220918,93,4
13400,179,12,20210416,90,5
13401,148,7,20230204,44,2
13402,161,7,20210416,58,4
13403,45,3,20230706,94,5
13404,11,7,20220316,0,5
13405,95,11,20210913,32,2
13406,126,4,20230314,4,5
13407,174,9,20230222,37,4
13408,16,5,20241213,70,4
13409,59,14,20230804,82,3
13410,157,10,20240420,24,4
13411,10,5,20240818,78,3
13412,129,4,20210423,0,4
13413,137,4,20211011,28,4
13414,198,13,20230519,38,2
13415,157,1,20210122,50,3
13416,237,2,20231006,70,2
13417,225,3,20220615,55,2
13418,216,13,20220925,58,2
13419,47,3,20210625,71,1
13420,244,12,20240512,42,3
13421,227,3,20230620,63,5
13422,17,9,20230924,2,1
13423,132,1,20220919,89,1
13424,84,10,20210718,45,5
13425,52,14,20240928,91,3
13426,46,14,20210705,10,3
13427,230,2,20240107,70,4
13428,224,8,20230415,13,1
13429,246,8,20240603,84,4
13430,118,12,20230117,28,4
13431,57,9,20211020,87,3
13432,57,2,20220511,88,5
13433,171,7,20210706,59,3
13434,143,8,20221108,50,2
13435,180,14,20241124,27,5
13436,131,5,20220110,93,4
13437,190,11,20240111,52,4
13438,187,12,20211008,26,1
13439,229,13,20210219,39,2
13440,51,12,20210106,23,5
13441,76,1,20240611,74,4
13442,171,14,20220313,60,4
13443,74,12,20240313,20,2
13444,126,2,20240518,93,5
13445,50,3,20231104,42,1
13446,119,14,20241021,50,4
13447,97,11,20240317,97,3
13448,8,12,20220617,40,4
13449,156,7,20220918,77,4
13450,123,2,20211126,61,4
13451,122,11,20240325,29,4
13452,35,9,20220307,59,5
13453,70,2,20240610,27,3
13454,194,7,20240923,54,1
13455,2,13,20241223,37,5
13456,54,8,20210628,24,5
13457,106,2,20240725,27,3
13458,61,8,20220918,74,5
13459,15,3,20230709,55,5
13460,174,2,20241211,55,2
13461,109,12,20241206,70,4
13462,235,6,20240824,57,4
13463,43,6,20211224,31,2
13464,40,14,20240801,2,5
13465,104,14,20210803,30,1
13466,102,7,20240720,81,4
13467,136,10,20240617,13,3
13468,71,1,20230610,53,2
13469,116,11,20240915,38,4
13470,33,3,20230709,91,5
13471,164,8,20220413,96,2
13472,183,5,20210507,70,3
13473,88,12,20230121,42,5
13474,150,1,20220212,17,5
13475,198,1,20210622,33,5
13476,225,11,20211027,76,2
13477,60,8,20240901,2,4
13478,201,2,20230509,15,4
13479,123,11,20210613,32,5
13480,160,7,20230306,78,5
13481,58,1,20210219,67,3
13482,85,2,20220417,33,2
13483,14,6,20230515,19,5
13484,86,4,20240915,56,1
13485,93,9,20231126,32,1
13486,191,3,20241015,99,5
13487,199,12,20230623,90,5
13488,65,7,20220810,40,4
13489,42,2,20210309,5,3
13490,74,13,20241001,51,5
13491,11,14,20210913,36,1
13492,102,4,20230628,50,5
13493,110,5,20211022,10,2
13494,72,9,20241103,92,3
13495,179,5,20240701,27,2
13496,202,14,20220925,41,2
13497,8,10,20231212,32,1
13498,187,3,20240604,93,3
13499,62,7,20220724,10,1
13500,188,13,20230317,58,4
13501,168,3,20220712,53,2
13502,72,14,20211108,10,3
13503,174,1,20220102,52,2
13504,171,13,20240102,23,5
13505,132,4,20210514,58,2
13506,241,6,20220214,17,3
13507,229,2,20220115,92,4
13508,216,11,20230728,60,2
13509,227,4,20211114,37,4
13510,193,7,20220813,45,3
13511,49,14,20220123,9,5
13512,218,6,20230310,39,4
13513,20,12,20220807,92,3
13514,41,5,20241012,8,3
13515,130,11,20211117,17,2
13516,227,10,20230226,37,2
13517,70,11,20220409,75,1
13518,228,6,20240302,43,5
13519,175,8,20230128,84,1
13520,1,9,20230524,72,4
13521,227,7,20210824,8,3
13522,106,8,20220607,81,1
13523,150,2,20221012,27,4
13524,24,9,20211103,79,5
13525,74,11,20231017,58,2
13526,223,13,20220615,3,2
13527,41,9,20220524,53,5
13528,15,4,20230107,37,1
13529,205,10,20221012,63,5
13530,181,13,20240417,45,4
13531,159,11,20220524,51,5
13532,205,2,20230519,59,1
13533,104,13,20221103,0,5
13534,79,13,20231228,67,5
13535,235,5,20230521,9,2
13536,140,7,20210523,31,3
13537,181,1,20240212,1,3
13538,89,14,20210927,73,5
13539,90,7,20211009,63,1
13540,106,12,20230211,59,1
13541,163,2,20211107,49,4
13542,130,14,20210406,18,1
13543,209,2,20210522,23,1
13544,101,6,20220316,79,4
13545,139,6,20220302,19,3
13546,81,2,20221026,32,4
13547,88,9,20220212,72,3
13548,235,9,20241012,81,5
13549,158,2,20230323,78,3
13550,232,12,20211102,28,5
13551,228,1,20210616,8,2
13552,107,9,20221127,24,2
13553,218,3,20241213,26,1
13554,103,12,20211112,81,1
13555,177,3,20241111,94,5
13556,237,5,20231017,66,1
13557,66,2,20210416,30,5
13558,230,10,20210509,81,3
13559,41,6,20210807,33,4
13560,2,7,20221022,78,3
13561,237,14,20211114,36,1
13562,18,12,20241026,68,4
13563,88,5,20220605,35,4
13564,123,8,20230221,74,5
13565,45,12,20210408,10,2
13566,191,7,20230307,39,3
13567,245,13,20210116,6,2
13568,109,2,20230406,3,2
13569,143,10,20220409,83,3
13570,205,7,20230813,57,4
13571,6,1,20230327,51,3
13572,168,14,20230403,24,3
13573,178,12,20230610,72,5
13574,177,12,20240102,30,3
13575,133,7,20211014,41,2
13576,178,9,20230323,74,1
13577,102,6,20211228,37,4
13578,100,2,20240208,74,2
13579,163,7,20220215,63,2
13580,216,12,20211224,77,4
13581,161,6,20230819,13,4
13582,151,1,20221106,51,3
13583,75,12,20220222,80,3
13584,132,11,20241007,20,1
13585,100,11,20241107,81,4
13586,203,6,20220122,92,4
13587,67,12,20240111,53,4
13588,7,1,20211225,39,5
13589,59,5,20210911,21,5
13590,144,8,20240921,96,4
13591,174,5,20231116,56,2
13592,149,5,20230801,66,4
13593,213,2,20220718,9,4
13594,77,1,20220311,90,4
13595,107,11,20220114,39,3
13596,150,11,20240713,91,1
13597,142,4,20220626,21,4
13598,177,11,20231026,73,3
13599,16,1,20241104,83,4
13600,103,3,20230207,58,3
13601,249,8,20230816,0,4
13602,242,10,20210808,31,1
13603,111,1,20230417,66,4
13604,14,9,20211022,69,5
13605,67,2,20240112,2,3
13606,145,6,20231015,29,2
13607,76,9,20241028,89,4
13608,189,7,20210917,6,5
13609,245,11,20230316,17,2
13610,65,12,20240522,13,1
13611,241,7,20220601,89,4
13612,198,3,20221220,13,1
13613,171,4,20230122,14,2
13614,90,11,20221004,52,5
13615,79,6,20210523,64,5
13616,104,8,20220527,0,2
13617,218,9,20211027,48,5
13618,119,14,20240325,29,5
13619,148,12,20230127,1,1
13620,97,7,20230327,38,5
13621,189,10,20210411,9,2
13622,230,1,20230126,73,2
13623,174,11,20220320,80,5
13624,155,11,20210228,61,4
13625,176,4,20241226,66,2
13626,100,10,20220221,95,4
13627,78,6,20230201,2,1
13628,244,2,20220908,92,5
13629,121,7,20210107,80,4
13630,17,2,20241219,92,1
13631,198,10,20230420,73,4
13632,136,11,20240307,50,5
13633,211,14,20230309,54,2
13634,179,8,20220627,44,5
13635,85,5,20241005,34,2
13636,87,11,20241218,29,1
13637,73,14,20210927,25,1
13638,116,8,20230815,95,2
13639,72,6,20240719,86,1
13640,9,13,20220309,72,2
13641,131,8,20220702,22,1
13642,90,11,20220422,39,4
13643,188,7,20220606,70,3
13644,101,11,20211207,38,5
13645,81,4,20240414,56,3
13646,243,13,20221118,46,2
13647,107,11,20211224,89,2
13648,152,9,20230807,42,5
13649,206,6,20230616,68,1
13650,230,10,20230204,83,1
13651,95,2,20221211,54,5
13652,157,4,20240526,94,1
13653,237,14,20220305,30,3
13654,38,3,20210214,5,3
13655,48,13,20210602,48,3
13656,162,14,20220125,97,3
13657,39,13,20240412,81,1
13658,50,7,20241124,68,3
13659,51,13,20210205,6,1
13660,31,5,20230705,91,5
13661,82,4,20211218,37,3
13662,26,11,20220510,27,3
13663,238,13,20211117,95,5
13664,207,2,20210210,1,5
13665,118,11,20240603,93,5
13666,32,6,20241214,72,4
13667,110,9,20211123,31,2
13668,214,13,20220107,22,5
13669,161,9,20240319,67,2
13670,135,1,20220810,29,2
13671,26,6,20220410,21,2
13672,123,3,20231204,42,4
13673,62,14,20211104,3,2
13674,243,7,20210827,48,4
13675,40,3,20240720,3,3
13676,122,2,20210623,4,5
13677,239,4,20230310,69,2
13678,165,12,20230120,98,2
13679,118,8,20230917,79,4
13680,92,11,20240702,21,2
13681,215,12,20220124,9,3
13682,169,12,20240910,39,3
13683,208,6,20221206,71,4
13684,241,5,20230105,60,2
13685,219,10,20241113,80,5
13686,176,3,20240914,24,5
13687,8,8,20240115,9,3
13688,166,3,20240622,0,3
13689,61,9,20210505,85,3
13690,224,4,20230113,63,2
13691,171,3,20220217,69,1
13692,107,12,20240310,92,4
13693,244,14,20211009,95,4
13694,86,9,20241228,27,2
13695,57,7,20220917,14,2
13696,102,14,20230319,63,3
13697,78,12,20210101,94,5
13698,96,5,20220605,45,4
13699,92,2,20240119,27,5
13700,185,2,20240617,35,5
13701,29,8,20211123,93,2
13702,159,5,20210201,71,1
13703,86,7,20210328,68,4
13704,243,3,20211119,99,2
13705,87,12,20210607,47,4
13706,184,1,20210807,9,4
13707,188,5,20211219,20,2
13708,8,3,20210110,76,4
13709,63,12,20211114,34,5
13710,45,7,20230510,12,3
13711,40,10,20210308,19,1
13712,77,7,20211103,80,3
13713,45,8,20220625,81,5
13714,160,5,20210310,26,5
13715,167,4,20210301,36,2
13716,210,1,20210822,93,3
13717,38,3,20220307,72,2
13718,16,3,20220625,94,4
13719,141,12,20240215,56,4
13720,141,9,20210305,35,5
13721,4,9,20241219,25,1
13722,154,11,20220419,46,3
13723,193,2,20240513,71,3
13724,153,1,20211103,95,1
13725,5,12,20221206,29,3
13726,83,8,20220905,35,4
13727,110,3,20231209,38,5
13728,241,12,20230809,43,1
13729,197,1,20210927,89,2
13730,60,12,20220405,81,3
13731,34,9,20211020,32,1
13732,92,2,20231017,33,4
13733,184,8,20230827,65,3
13734,154,3,20240816,38,3
13735,154,4,20210406,43,3
13736,6,6,20240805,97,1
13737,77,14,20230321,76,1
13738,90,11,20230813,44,1
13739,241,10,20210502,56,1
13740,120,11,20211117,18,3
13741,70,10,20240727,15,2
13742,176,5,20210609,27,4
13743,110,6,20230611,4,1
13744,222,14,20220510,81,3
13745,232,13,20241205,4,2
13746,83,1,20220820,7,1
13747,220,5,20240503,94,1
13748,49,11,20240407,4,4
13749,229,5,20230709,1,3
13750,37,14,20220525,16,4
13751,201,9,20210619,15,2
13752,191,13,20241112,50,3
13753,9,14,20210616,68,3
13754,112,3,20231116,40,4
13755,178,14,20240605,65,4
13756,194,3,20240924,38,5
13757,64,6,20231103,72,4
13758,45,12,20230927,86,1
13759,219,3,20230604,0,5
13760,156,7,20220905,30,1
13761,57,2,20211112,43,3
13762,225,4,20220921,23,2
13763,155,8,20240605,66,1
13764,57,1,20230604,51,1
13765,90,9,20210922,33,1
13766,161,14,20221001,57,2
13767,92,10,20210618,16,4
13768,60,10,20220727,77,4
13769,128,2,20230411,64,2
13770,33,6,20231227,87,5
13771,45,9,20220804,90,5
13772,149,14,20230925,66,5
13773,158,10,20211208,74,3
13774,27,6,20211015,29,5
13775,31,8,20210514,51,2
13776,111,1,20240226,86,2
13777,124,4,20230725,30,4
13778,37,7,20221116,92,2
13779,94,2,20220312,98,3
13780,185,8,20220303,20,3
13781,224,5,20240420,19,5
13782,38,5,20220117,62,1
13783,198,7,20241024,95,3
13784,203,8,20230705,88,5
13785,140,2,20240120,4,5
13786,158,12,20220613,50,3
13787,176,11,20220420,17,4
13788,67,6,20210303,86,5
13789,122,11,20240823,48,1
13790,116,3,20230414,56,5
13791,33,4,20230901,94,5
13792,106,4,20210325,35,1
13793,8,11,20220428,56,4
13794,192,8,20221220,99,5
13795,193,12,20240105,47,4
13796,175,9,20220610,88,3
13797,68,10,20220603,29,1
13798,208,2,20230205,67,2
13799,143,4,20230719,7,2
13800,74,6,20220620,33,2
13801,161,8,20230806,31,3
13802,76,13,20240825,7,2
13803,100,4,20220704,37,1
13804,23,10,20210223,64,2
13805,153,2,20231211,50,2
13806,72,10,20230212,75,5
13807,190,14,20240524,65,5
13808,32,8,20230407,67,2
13809,178,6,20240310,32,2
13810,93,4,20211012,81,1
13811,206,11,20230112,92,1
13812,14,8,20220124,61,3
13813,197,9,20240218,96,3
13814,243,12,20220609,35,5
13815,84,5,20211006,3,2
13816,171,14,20220509,80,4
13817,51,5,20210115,89,4
13818,63,11,20220827,23,5
13819,242,8,20220314,95,1
13820,32,3,20211124,79,2
13821,161,4,20211021,4,3
13822,114,3,20241201,20,5
13823,195,5,20210416,13,4
13824,21,11,20211028,5,5
13825,150,8,20211228,48,5
13826,113,6,20230528,85,1
13827,221,6,20240322,32,2
13828,192,14,20210712,8,5
13829,226,3,20221114,13,4
13830,210,11,20211218,16,4
13831,206,10,20230428,58,2
13832,96,2,20230628,23,3
13833,242,12,20230603,67,2
13834,226,13,20210312,40,2
13835,206,4,20210616,29,1
13836,37,3,20240126,83,4
13837,131,3,20210306,50,3
13838,49,4,20231112,53,5
13839,179,12,20230323,96,4
13840,215,4,20211001,94,2
13841,107,14,20230224,42,3
13842,247,7,20241018,18,1
13843,45,13,20220328,21,2
13844,31,6,20230723,39,3
13845,19,9,20210308,71,3
13846,49,7,20210521,17,3
13847,56,2,20220903,68,3
13848,193,1,20211119,28,5
13849,200,10,20231228,61,5
13850,205,4,20230816,22,4
13851,26,2,20211120,78,3
13852,31,3,20220918,3,2
13853,77,9,20210308,93,5
13854,11,9,20230525,68,3
13855,63,4,20220616,21,4
13856,114,10,20210526,12,4
13857,217,8,20231118,71,3
13858,57,13,20210712,0,1
13859,44,11,20210313,29,4
13860,209,1,20220703,71,4
13861,80,4,20230716,79,5
13862,159,6,20230113,42,5
13863,115,13,20240324,46,1
13864,43,1,20240921,72,4
13865,47,7,20230518,90,5
13866,227,4,20210708,86,4
13867,224,5,20240905,84,5
13868,168,14,20230721,5,4
13869,164,13,20230923,96,1
13870,228,6,20241223,84,3
13871,182,14,20230110,93,1
13872,131,13,20230708,24,5
13873,227,12,20220117,78,4
13874,31,9,20230228,19,5
13875,122,14,20230123,42,4
13876,55,8,20241006,9,5
13877,77,7,20240707,61,4
13878,101,11,20230210,74,3
13879,55,8,20210602,61,3
13880,52,2,20220122,49,4
13881,178,2,20230209,58,2
13882,70,13,20230807,76,4
13883,106,6,20210416,97,3
13884,160,10,20220625,92,2
13885,184,3,20220206,79,4
13886,177,11,20240609,32,1
13887,144,1,20211204,86,2
13888,234,7,20240728,79,5
13889,247,5,20231124,39,2
13890,235,8,20241216,99,5
13891,178,3,20240205,72,3
13892,60,13,20230919,89,2
13893,118,11,20240910,36,1
13894,214,11,20210307,4,5
13895,84,1,20210801,42,5
13896,166,6,20211005,55,5
13897,148,2,20210508,93,1
13898,25,10,20241006,34,1
13899,37,12,20211006,32,4
13900,196,14,20240828,81,2
13901,102,3,20240418,80,1
13902,207,11,20230101,78,5
13903,7,13,20230212,4,4
13904,24,9,20241218,14,2
13905,195,1,20220701,67,2
13906,162,1,20231105,7,3
13907,93,14,20240911,94,5
13908,146,3,20210416,28,2
13909,50,4,20220723,33,5
13910,104,3,20230116,11,5
13911,211,5,20220601,23,3
13912,115,14,20221102,50,5
13913,171,4,20231211,65,2
13914,41,8,20231103,72,3
13915,158,5,20210325,63,2
13916,35,8,20210407,93,2
13917,31,3,20221015,17,1
13918,72,9,20220715,80,4
13919,153,4,20210708,89,2
13920,224,7,20210507,87,5
13921,174,6,20221022,31,4
13922,152,14,20211015,59,4
13923,21,3,20241111,66,3
13924,13,5,20231227,90,3
13925,39,11,20210527,76,5
13926,230,3,20220823,39,3
13927,202,8,20230414,31,3
13928,28,5,20220702,76,1
13929,116,7,20210105,1,4
13930,28,10,20231008,75,4
13931,196,6,20230522,98,1
13932,152,5,20230301,16,4
13933,76,10,20230822,94,5
13934,152,12,20240821,9,5
13935,158,9,20220106,99,5
13936,226,3,20220313,43,3
13937,231,8,20220815,54,3
13938,108,13,20221005,70,1
13939,81,1,20210505,55,2
13940,214,8,20230916,34,1
13941,143,4,20240225,71,5
13942,121,3,20210324,8,3
13943,220,8,20220622,63,4
13944,62,8,20210204,58,2
13945,91,14,20221015,83,1
13946,246,9,20220918,16,4
13947,151,8,20231104,95,1
13948,147,8,20230524,12,2
13949,199,7,20240506,6,1
13950,194,9,20241116,72,2
13951,250,8,20220310,82,5
13952,101,5,20210713,38,5
13953,189,13,20211205,23,5
13954,165,7,20241118,55,2
13955,166,7,20240718,52,5
13956,62,11,20231007,94,4
13957,117,5,20230215,76,1
13958,93,12,20240809,29,5
13959,243,5,20220213,86,4
13960,21,4,20220710,2,2
13961,227,7,20220314,8,5
13962,6,8,20231008,0,3
13963,185,4,20230809,8,1
13964,1,5,20210526,17,3
13965,89,8,20240120,18,2
13966,134,4,20220714,54,5
13967,55,14,20221114,77,1
13968,159,14,20220725,96,4
13969,121,3,20220227,16,5
13970,60,8,20240427,49,5
13971,198,7,20231028,46,4
13972,87,2,20240225,63,3
13973,201,11,20220306,63,2
13974,139,2,20241012,68,2
13975,68,12,20230608,24,1
13976,211,7,20230128,20,3
13977,52,12,20220719,95,2
13978,17,12,20221210,47,4
13979,95,6,20231116,81,2
13980,196,14,20221221,34,2
13981,9,13,20210628,69,4
13982,179,9,20231213,98,5
13983,108,1,20230216,86,3
13984,79,1,20240119,57,4
13985,239,14,20240909,88,2
13986,64,10,20240919,99,4
13987,60,6,20230304,32,4
13988,69,8,20231124,40,4
13989,148,7,20230620,87,5
13990,249,14,20230725,48,3
13991,158,11,20230108,11,5
13992,31,5,20241122,22,3
13993,15,11,20220904,4,3
13994,218,9,20210327,48,2
13995,192,10,20220402,87,3
13996,147,14,20220115,85,5
13997,82,10,20220812,0,3
13998,152,6,20230222,70,5
13999,98,3,20210111,98,2
14000,83,13,20210605,45,2
14001,62,6,20210720,42,2
14002,27,2,20211015,81,1
14003,34,14,20210120,38,5
14004,66,14,20230627,37,1
14005,245,14,20211220,37,3
14006,129,2,20240212,25,4
14007,78,5,20221211,85,3
14008,123,9,20220922,23,2
14009,145,1,20210814,71,3
14010,220,8,20241226,43,4
14011,98,12,20220426,89,1
14012,119,1,20220306,18,1
14013,234,10,20231108,68,1
14014,89,6,20220509,54,3
14015,129,2,20211205,73,2
14016,70,7,20230711,39,1
14017,201,7,20240117,59,1
14018,58,2,20211102,46,3
14019,79,4,20230911,58,3
14020,211,10,20241203,93,2
14021,146,10,20221103,61,5
14022,63,14,20210216,16,1
14023,66,7,20210817,80,2
14024,146,7,20240324,23,1
14025,168,11,20210506,9,3
14026,120,4,20240616,79,4
14027,230,1,20210812,91,3
14028,234,4,20230102,2,2
14029,217,7,20210505,44,5
14030,40,5,20211225,21,1
14031,168,7,20240817,13,3
14032,229,4,20221019,33,5
14033,166,2,20210406,75,4
14034,13,6,20231115,16,2
14035,47,12,20210416,62,3
14036,188,13,20210523,65,5
14037,135,8,20210908,76,3
14038,12,7,20220623,40,5
14039,2,9,20240218,55,5
14040,26,1,20230401,26,4
14041,154,10,20240710,29,5
14042,32,8,20210717,55,3
14043,100,2,20230419,38,2
14044,5,7,20220906,48,4
14045,81,11,20231115,62,2
14046,10,8,20210502,65,3
14047,249,9,20240616,71,5
14048,234,5,20210407,52,4
14049,114,5,20210316,45,3
14050,128,10,20230524,85,4
14051,4,12,20230328,3,2
14052,66,6,20210923,15,2
14053,191,1,20230605,81,4
14054,84,12,20221001,84,4
14055,190,10,20220806,4,5
14056,249,7,20220516,74,1
14057,44,7,20230813,70,1
14058,30,5,20240913,60,2
14059,14,3,20240519,41,4
14060,61,14,20241012,44,4
14061,186,13,20220314,1,1
14062,105,10,20220727,46,5
14063,67,4,20240605,6,1
14064,25,4,20221204,97,1
14065,18,3,20230115,42,4
14066,116,7,20211114,22,3
14067,97,11,20230714,55,3
14068,44,14,20210515,26,4
14069,125,14,20240107,49,5
14070,230,6,20231207,58,2
14071,126,13,20240922,26,4
14072,166,14,20220312,63,3
14073,247,8,20220318,76,4
14074,189,11,20240304,15,1
14075,104,14,20210123,51,5
14076,153,1,20230112,68,5
14077,105,5,20220424,43,3
14078,92,4,20220501,44,1
14079,68,13,20240523,59,3
14080,174,6,20220212,10,1
14081,248,9,20230402,66,1
14082,103,12,20211118,21,5
14083,149,6,20230928,32,4
14084,97,10,20210104,71,1
14085,26,4,20240121,30,2
14086,182,10,20230328,88,3
14087,146,2,20230316,25,5
14088,122,4,20220602,3,3
14089,81,8,20230417,43,5
14090,203,14,20240404,26,1
14091,111,12,20210801,95,1
14092,43,13,20240313,54,2
14093,88,8,20210507,9,1
14094,233,3,20241214,19,2
14095,141,6,20211215,25,1
14096,60,6,20210225,63,2
14097,99,6,20231018,57,3
14098,103,11,20240301,90,2
14099,12,9,20220119,0,2
14100,106,1,20230617,34,2
14101,231,7,20220219,15,1
14102,141,10,20240306,97,3
14103,135,10,20220414,21,5
14104,22,1,20211209,75,4
14105,249,14,20230810,96,4
14106,195,13,20240212,35,4
14107,48,12,20240621,39,4
14108,21,13,20231006,61,5
14109,108,7,20240911,3,1
14110,201,12,20230523,76,4
14111,98,5,20240106,62,2
14112,79,9,20211015,27,4
14113,245,9,20210702,26,5
14114,236,10,20240407,67,2
14115,39,8,20240319,75,2
14116,135,14,20230810,2,3
14117,15,6,20210404,61,2
14118,40,11,20240825,22,4
14119,51,12,20230713,78,4
14120,195,1,20241018,20,2
14121,206,13,20220704,80,1
14122,66,8,20241007,65,2
14123,4,12,20230417,54,2
14124,96,2,20210813,91,3
14125,175,4,20231013,32,3
14126,88,9,20230917,39,3
14127,115,6,20230127,4,2
14128,102,12,20221218,13,2
14129,226,11,20210318,55,2
14130,21,12,20221227,31,2
14131,190,8,20230108,27,2
14132,70,10,20210223,49,3
14133,45,1,20231014,18,5
14134,85,4,20230112,25,1
14135,33,1,20210426,94,3
14136,130,3,20241118,18,2
14137,129,3,20210614,57,3
14138,156,12,20210811,52,2
14139,69,10,20210520,69,2
14140,45,6,20240402,81,1
14141,238,5,20240527,38,5
14142,141,7,20210806,41,1
14143,56,12,20210313,9,4
14144,187,10,20210316,57,2
14145,141,14,20240124,92,2
14146,114,12,20240815,20,2
14147,136,2,20230126,94,2
14148,8,3,20210809,44,3
14149,168,5,20220717,1,1
14150,33,13,20230517,59,5
14151,228,6,20220103,78,1
14152,147,11,20230405,54,5
14153,13,7,20230826,29,2
14154,51,9,20211111,98,5
14155,129,11,20210528,33,3
14156,122,9,20221103,73,1
14157,132,14,20221105,98,4
14158,90,1,20221218,50,4
14159,155,11,20211025,82,5
14160,54,6,20240502,23,1
14161,8,13,20241110,46,5
14162,54,3,20231106,82,2
14163,185,3,20210912,69,3
14164,2,3,20241011,52,5
14165,33,11,20230923,98,4
14166,34,3,20220513,50,5
14167,1,10,20230709,39,4
14168,212,14,20211121,73,2
14169,172,12,20221020,39,2
14170,120,9,20231204,38,3
14171,204,1,20240615,87,4
14172,163,6,20221211,76,1
14173,137,5,20221110,27,1
14174,206,14,20220805,2,3
14175,77,10,20220412,19,1
14176,13,9,20240211,51,4
14177,58,1,20210509,90,3
14178,115,12,20210706,31,3
14179,78,7,20220603,3,1
14180,242,6,20211028,97,3
14181,180,12,20221026,80,3
14182,219,8,20220828,29,5
14183,114,13,20221117,75,3
14184,123,4,20240413,96,5
14185,18,4,20220613,61,3
14186,154,14,20230428,72,2
14187,66,3,20220916,65,1
14188,58,10,20231127,87,3
14189,59,5,20231228,87,3
14190,186,13,20220828,33,3
14191,83,9,20220212,30,5
14192,74,3,20220615,65,1
14193,216,9,20230623,35,4
14194,88,11,20220411,98,5
14195,17,9,20220225,86,1
14196,210,8,20220209,92,2
14197,58,1,20220506,81,1
14198,55,8,20240416,35,4
14199,3,13,20230216,91,2
14200,231,12,20220614,58,5
14201,71,14,20231109,91,2
14202,43,9,20241117,32,3
14203,15,9,20220902,53,5
14204,73,2,20241024,85,4
14205,91,4,20220523,17,1
14206,212,4,20240718,98,2
14207,177,2,20230905,10,4
14208,12,10,20220607,68,1
14209,119,8,20230409,75,4
14210,162,5,20210906,93,4
14211,164,13,20210218,18,4
14212,24,11,20210405,34,5
14213,43,12,20230312,73,3
14214,140,2,20241224,35,1
14215,236,14,20211111,1,4
14216,20,2,20210126,34,5
14217,124,7,20241207,92,1
14218,109,7,20231205,70,1
14219,14,4,20240306,43,2
14220,175,14,20230715,22,5
14221,225,6,20240623,99,4
14222,13,2,20221025,29,5
14223,200,10,20230510,86,2
14224,133,9,20240419,22,4
14225,249,4,20220311,51,5
14226,47,7,20240819,14,3
14227,234,7,20220317,11,3
14228,66,12,20210922,51,4
14229,46,5,20240702,14,5
14230,153,8,20210719,10,5
14231,10,6,20230804,97,3
14232,105,4,20221026,94,5
14233,51,4,20240728,30,1
14234,182,6,20240120,14,2
14235,110,10,20221215,51,3
14236,193,8,20210915,83,1
14237,114,4,20210517,30,4
14238,96,9,20230115,22,3
14239,51,9,20230726,53,4
14240,28,3,20210212,68,1
14241,152,13,20241223,68,2
14242,45,2,20240722,59,1
14243,170,10,20220126,23,3
14244,117,10,20240807,55,5
14245,163,13,20230923,30,4
14246,173,9,20230218,72,5
14247,17,7,20221209,74,1
14248,207,6,20220721,14,2
14249,185,14,20211215,22,4
14250,35,12,20240820,16,4
14251,179,12,20210621,20,1
14252,44,13,20210110,84,4
14253,109,4,20230621,66,1
14254,111,12,20210719,24,4
14255,250,11,20210815,1,4
14256,139,4,20210628,52,5
14257,173,4,20220321,60,4
14258,212,6,20230917,33,3
14259,16,14,20220515,25,3
14260,21,6,20220201,55,5
14261,14,13,20230801,98,1
14262,92,4,20220604,42,1
14263,196,1,20221015,55,3
14264,146,10,20230727,79,4
14265,127,9,20211126,46,1
14266,234,7,20230106,55,1
14267,45,9,20210123,2,5
14268,31,11,20240902,37,2
14269,247,9,20220823,32,3
14270,119,4,20230528,37,1
14271,60,14,20230807,3,3
14272,52,8,20231208,54,4
14273,55,9,20210811,6,2
14274,193,1,20220217,60,1
14275,237,8,20220411,12,2
14276,71,12,20231215,7,5
14277,120,5,20221227,43,5
14278,229,3,20230927,14,3
14279,153,3,20210524,89,4
14280,185,5,20241023,28,3
14281,209,3,20221214,41,5
14282,222,9,20221228,43,4
14283,186,7,20220809,93,2
14284,33,13,20220416,45,2
14285,237,2,20210725,32,2
14286,34,7,20230410,77,2
14287,80,10,20241208,78,1
14288,127,7,20221005,68,1
14289,217,3,20210305,75,4
14290,128,8,20230128,70,1
14291,166,13,20230302,6,5
14292,131,14,20230407,4,1
14293,150,2,20210511,50,5
14294,46,13,20221119,47,1
14295,134,7,20230805,15,2
14296,219,1,20221203,28,1
14297,52,8,20220725,68,1
14298,61,10,20240423,64,1
14299,110,11,20211109,98,1
14300,154,13,20230528,93,3
14301,165,4,20210204,24,4
14302,127,14,20240424,16,3
14303,6,6,20220517,54,1
14304,190,7,20220514,88,1
14305,89,1,20221117,30,5
14306,70,11,20240206,27,4
14307,189,11,20231010,29,2
14308,149,7,20230209,56,3
14309,247,13,20210112,63,3
14310,193,14,20220607,14,1
14311,85,13,20210224,89,4
14312,23,7,20220922,65,5
14313,198,13,20220728,77,5
14314,184,6,20240323,15,3
14315,223,12,20240526,79,2
14316,201,7,20220214,98,1
14317,238,10,20230817,53,1
14318,87,1,20240211,1,5
14319,150,9,20241216,62,5
14320,90,4,20240114,66,1
14321,176,11,20220918,57,4
14322,206,6,20221216,70,1
14323,215,5,20240504,68,4
14324,167,11,20241209,60,3
14325,156,9,20230205,9,1
14326,66,9,20240117,80,5
14327,242,9,20220223,84,4
14328,115,4,20241228,38,5
14329,46,1,20241123,48,3
14330,114,9,20240710,10,3
14331,85,6,20220714,44,5
14332,178,13,20210327,57,3
14333,34,4,20220608,69,5
14334,208,4,20210708,0,5
14335,143,3,20240902,30,4
14336,4,2,20210217,3,1
14337,156,3,20241017,45,3
14338,246,7,20210610,71,4
14339,107,10,20210910,48,4
14340,158,12,20220111,10,5
14341,102,1,20210803,57,4
14342,208,8,20240509,10,3
14343,172,1,20210818,93,1
14344,126,14,20220921,93,2
14345,95,13,20211020,9,5
14346,179,14,20241018,99,5
14347,48,1,20231017,30,2
14348,18,14,20220318,55,2
14349,3,1,20220208,62,3
14350,10,7,20220415,50,2
14351,70,11,20241214,15,2
14352,83,14,20210716,31,4
14353,104,2,20210607,22,5
14354,162,2,20240728,78,1
14355,6,7,20240602,11,4
14356,109,14,20230517,92,4
14357,231,3,20210820,73,5
14358,110,11,20220424,93,1
14359,132,13,20240113,36,1
14360,14,4,20211111,63,3
14361,205,3,20210524,12,5
14362,80,3,20211107,54,5
14363,114,14,20220105,92,1
14364,196,8,20210806,69,2
14365,109,10,20221221,83,1
14366,65,4,20210816,8,2
14367,64,2,20210728,39,2
14368,53,2,20211212,1,5
14369,212,7,20210713,53,3
14370,128,8,20240225,45,4
14371,73,8,20230825,82,1
14372,3,14,20210325,3,5
14373,190,1,20220523,84,3
14374,65,12,20240118,88,5
14375,171,8,20210117,4,4
14376,86,10,20240309,52,3
14377,62,8,20220323,28,5
14378,23,7,20230323,59,2
14379,44,5,20240522,88,3
14380,12,5,20210107,31,4
14381,218,2,20230821,69,4
14382,158,9,20220801,92,1
14383,85,9,20221212,64,4
14384,171,11,20240414,44,1
14385,166,5,20211014,7,2
14386,163,8,20220101,66,3
14387,194,13,20240604,0,1
14388,184,14,20230807,14,1
14389,68,8,20220614,75,1
14390,179,14,20220801,46,1
14391,3,5,20240322,11,2
14392,197,7,20231010,65,3
14393,8,1,20240318,97,4
14394,240,2,20221203,28,5
14395,190,1,20230512,76,1
14396,20,13,20210721,7,5
14397,166,1,20211005,56,2
14398,150,8,20240118,45,3
14399,27,8,20230127,82,1
14400,223,3,20220518,39,3
14401,60,1,20211207,63,4
14402,229,9,20220503,53,1
14403,211,3,20230505,76,3
14404,230,9,20241016,81,3
14405,144,3,20220704,30,5
14406,197,14,20240615,94,5
14407,79,8,20210706,5,4
14408,120,5,20231215,24,4
14409,110,3,20211214,87,3
14410,82,9,20231218,96,4
14411,178,12,20230321,93,2
14412,128,13,20210206,66,4
14413,222,12,20240409,18,3
14414,123,11,20220106,79,5
14415,237,11,20240222,10,3
14416,96,3,20241218,45,2
14417,27,6,20240510,83,2
14418,111,7,20240203,77,4
14419,148,6,20211115,49,2
14420,232,14,20210322,8,5
14421,110,1,20220828,83,5
14422,105,1,20241112,26,3
14423,220,5,20230404,9,3
14424,38,4,20230309,41,4
14425,210,5,20211105,71,4
14426,26,7,20221022,74,4
14427,229,7,20230713,24,1
14428,2,8,20221018,75,4
14429,202,4,20230828,23,1
14430,141,3,20210401,95,2
14431,150,7,20210113,42,3
14432,117,7,20220615,11,2
14433,154,9,20230123,36,4
14434,1,3,20210118,97,1
14435,245,12,20210208,43,3
14436,99,5,20230212,78,3
14437,238,5,20221025,84,1
14438,52,7,20230401,83,2
14439,54,11,20230503,20,5
14440,53,11,20240623,48,2
14441,29,11,20230406,44,1
14442,245,5,20220204,57,5
14443,92,9,20211204,44,4
14444,86,12,20240719,76,2
14445,8,12,20230324,50,2
14446,35,1,20221110,51,5
14447,240,12,20210827,38,2
14448,106,1,20210407,59,1
14449,36,2,20230215,1,5
14450,50,14,20240628,44,3
14451,56,7,20210509,59,2
14452,103,3,20211208,6,1
14453,172,4,20220112,16,5
14454,227,8,20210221,45,1
14455,15,8,20220427,64,2
14456,115,5,20220214,89,3
14457,222,1,20241112,68,4
14458,38,9,20220907,42,1
14459,33,1,20230609,56,2
14460,219,14,20220417,2,4
14461,108,14,20240126,22,1
14462,33,10,20220609,45,2
14463,222,5,20211202,9,4
14464,153,6,20240716,19,5
14465,184,9,20231017,22,2
14466,70,9,20220227,14,4
14467,29,6,20240815,14,5
14468,140,14,20210610,32,1
14469,5,13,20211019,67,4
14470,69,14,20220105,85,4
14471,75,1,20210620,65,4
14472,139,8,20230115,11,4
14473,156,10,20241204,12,4
14474,76,8,20240409,6,1
14475,243,5,20240714,32,5
14476,22,6,20230524,94,1
14477,136,12,20240326,29,1
14478,172,10,20240716,50,1
14479,115,14,20240805,26,1
14480,29,4,20241013,11,3
14481,33,3,20220627,91,3
14482,81,14,20230108,27,3
14483,100,6,20240128,36,2
14484,104,8,20220110,57,3
14485,128,5,20240802,23,4
14486,35,11,20210621,3,3
14487,156,8,20211112,85,5
14488,247,13,20221209,57,1
14489,192,11,20220224,7,2
14490,7,10,20210111,59,4
14491,108,3,20230912,81,5
14492,101,6,20220814,96,4
14493,200,12,20240911,6,3
14494,245,3,20230703,13,4
14495,215,2,20211209,91,2
14496,100,9,20241121,76,5
14497,223,12,20210306,25,2
14498,10,13,20210522,82,2
14499,164,4,20230718,40,4
14500,203,11,20221003,59,2
14501,236,5,20240116,3,4
14502,168,12,20230606,47,1
14503,26,12,20230122,97,3
14504,181,3,20230312,96,5
14505,170,13,20240412,75,4
14506,188,4,20220420,34,4
14507,24,6,20210124,61,3
14508,237,3,20220816,17,1
14509,86,1,20210510,62,2
14510,183,8,20220324,46,1
14511,217,9,20240520,66,4
14512,29,14,20210227,78,4
14513,245,7,20231102,71,2
14514,24,6,20220320,81,3
14515,75,8,20241007,36,3
14516,86,12,20240715,18,5
14517,117,2,20241228,75,3
14518,46,11,20240724,83,5
14519,28,12,20230924,84,2
14520,131,10,20230325,32,4
14521,39,5,20231109,54,3
14522,85,12,20211104,40,4
14523,187,9,20211110,66,3
14524,243,8,20220222,43,1
14525,206,6,20240705,26,2
14526,143,9,20220708,29,1
14527,75,9,20230809,50,1
14528,121,8,20220203,6,3
14529,139,10,20231216,98,5
14530,104,5,20240403,12,4
14531,170,7,20210802,70,5
14532,91,4,20211104,59,5
14533,88,13,20240528,98,5
14534,182,5,20230210,10,2
14535,191,4,20221001,7,1
14536,10,4,20240702,62,2
14537,192,12,20211027,78,5
14538,94,7,20230121,98,1
14539,154,6,20210116,58,1
14540,53,11,20230211,14,3
14541,66,13,20230417,34,5
14542,25,10,20240726,62,2
14543,122,1,20240104,82,4
14544,119,10,20211015,80,4
14545,38,1,20241015,94,3
14546,223,9,20240228,58,3
14547,46,4,20220712,22,1
14548,28,3,20230627,18,3
14549,168,1,20240614,81,2
14550,208,5,20220806,95,3
14551,134,8,20211218,73,2
14552,56,8,20211014,98,4
14553,4,6,20210809,29,4
14554,20,3,20240309,22,3
14555,155,1,20220708,67,4
14556,19,4,20210726,92,5
14557,18,6,20211202,24,1
14558,84,6,20230228,9,4
14559,100,3,20240309,99,4
14560,74,7,20241009,79,5
14561,105,7,20221022,64,4
14562,7,10,20220718,92,4
14563,41,3,20240209,92,3
14564,201,2,20240401,17,1
14565,164,3,20240218,28,4
14566,180,14,20240322,60,4
14567,8,2,20210525,31,4
14568,205,2,20240116,94,2
14569,117,9,20220401,79,2
14570,105,5,20210719,23,2
14571,174,13,20240320,32,5
14572,207,6,20240925,90,3
14573,14,11,20230721,71,4
14574,99,12,20230102,11,5
14575,164,6,20240618,18,1
14576,245,12,20240625,86,1
14577,8,7,20241020,41,5
14578,225,10,20210222,66,1
14579,129,6,20231206,58,5
14580,48,10,20230425,86,3
14581,201,12,20230928,21,3
14582,139,13,20220818,32,5
14583,192,12,20231222,77,3
14584,28,12,20220925,55,4
14585,171,1,20220426,97,4
14586,159,13,20230915,62,3
14587,159,2,20230928,10,1
14588,44,9,20240713,62,4
14589,28,4,20211022,65,5
14590,179,8,20220424,90,4
14591,14,5,20240626,25,1
14592,104,5,20211022,73,4
14593,125,7,20230226,96,3
14594,213,9,20220418,89,2
14595,93,13,20211212,41,1
14596,127,9,20230213,87,4
14597,26,1,20220604,69,5
14598,128,10,20220525,51,1
14599,183,4,20221004,7,5
14600,24,4,20210810,45,2
14601,90,8,20230524,77,3
14602,162,14,20230913,80,1
14603,131,2,20240821,93,2
14604,18,7,20230402,15,4
14605,56,9,20220214,55,3
14606,139,13,20231201,80,2
14607,124,2,20210121,41,2
14608,53,14,20211110,70,2
14609,212,5,20230203,39,4
14610,96,5,20211126,72,3
14611,81,7,20220115,57,3
14612,216,14,20240127,79,3
14613,166,10,20210304,12,1
14614,203,13,20240721,31,2
14615,228,7,20220322,44,1
14616,227,2,20241213,83,1
14617,32,1,20210205,82,4
14618,14,1,20241007,51,2
14619,7,11,20230506,9,1
14620,166,5,20220404,72,3
14621,163,1,20230317,7,1
14622,142,12,20230913,9,5
14623,48,3,20240201,61,1
14624,217,8,20231015,50,3
14625,48,9,20240722,53,2
14626,99,12,20240924,84,2
14627,170,11,20230924,62,5
14628,181,5,20220509,0,5
14629,180,9,20230721,98,5
14630,41,13,20210707,17,3
14631,38,2,20231024,94,3
14632,167,2,20220219,49,2
14633,81,14,20230407,16,5
14634,43,10,20211028,11,2
14635,77,6,20220307,57,4
14636,184,13,20210305,37,3
14637,182,9,20220120,56,4
14638,84,4,20241208,99,2
14639,212,11,20241112,46,3
14640,175,5,20240921,6,3
14641,124,5,20221210,46,1
14642,156,14,20240902,35,1
14643,234,13,20240212,15,1
14644,222,9,20221103,0,3
14645,213,10,20220625,33,3
14646,248,14,20210513,38,4
14647,31,6,20230518,81,2
14648,139,7,20220701,22,4
14649,101,2,20210405,49,3
14650,12,1,20210422,62,3
14651,222,13,20240920,85,5
14652,219,10,20231211,20,3
14653,187,2,20230712,20,1
14654,94,12,20231125,99,3
14655,70,14,20231026,95,4
14656,84,14,20210426,33,3
14657,75,12,20230608,68,3
14658,122,14,20210507,41,1
14659,70,12,20221009,90,3
14660,71,11,20220701,6,3
14661,42,1,20240115,45,3
14662,37,2,20241218,72,2
14663,120,14,20230328,12,3
14664,88,9,20210204,89,4
14665,177,11,20211007,1,1
14666,219,4,20231113,89,2
14667,129,6,20210822,86,5
14668,14,8,20230516,23,4
14669,53,8,20220316,66,2
14670,221,8,20240918,65,5
14671,231,13,20241222,35,1
14672,69,14,20240812,30,1
14673,84,11,20231009,19,4
14674,80,14,20220220,49,5
14675,153,13,20230206,59,4
14676,81,1,20211118,45,5
14677,30,11,20230416,56,4
14678,158,13,20241213,35,2
14679,103,12,20220914,78,2
14680,153,7,20230402,87,1
14681,127,4,20230426,62,1
14682,61,7,20240901,55,5
14683,138,10,20230810,28,3
14684,148,2,20220908,40,1
14685,123,4,20230621,29,3
14686,14,14,20241120,61,5
14687,76,2,20220426,56,4
14688,142,11,20240125,34,5
14689,100,5,20230707,94,5
14690,16,6,20210517,51,2
14691,249,10,20221007,13,1
14692,128,1,20230412,13,3
14693,158,7,20211221,47,4
14694,89,8,20241225,78,5
14695,12,2,20230902,74,5
14696,121,11,20240318,68,3
14697,51,1,20230611,47,3
14698,177,5,20210218,96,1
14699,90,10,20230417,21,1
14700,15,10,20240704,17,5
14701,70,8,20231111,82,1
14702,195,3,20231214,79,4
14703,105,2,20221221,51,3
14704,120,6,20210104,49,4
14705,116,4,20240802,29,4
14706,186,6,20240507,20,4
14707,178,5,20240506,92,4
14708,54,13,20220707,64,5
14709,123,5,20240714,26,1
14710,41,1,20231107,15,2
14711,133,4,20241001,43,3
14712,32,12,20231227,29,3
14713,181,1,20230319,29,1
14714,164,8,20210623,61,1
14715,153,7,20240224,12,1
14716,140,10,20240604,27,1
14717,71,10,20240708,14,1
14718,107,12,20241109,22,1
14719,77,5,20240611,17,2
14720,121,11,20231211,71,2
14721,51,4,20230727,95,3
14722,181,14,20230810,38,5
14723,238,12,20220307,7,3
14724,184,7,20230923,11,2
14725,126,3,20240814,6,4
14726,140,12,20211119,28,4
14727,25,4,20210902,77,4
14728,194,11,20240220,16,3
14729,118,12,20230316,43,4
14730,6,1,20231123,32,1
14731,38,3,20220710,13,5
14732,218,6,20230325,29,1
14733,233,7,20230619,36,5
14734,99,5,20210102,19,2
14735,5,3,20230214,47,3
14736,136,1,20210428,59,4
14737,18,9,20211009,26,3
14738,7,4,20220118,47,2
14739,106,6,20211223,52,3
14740,170,1,20230713,32,4
14741,63,1,20231027,66,5
14742,168,8,20241115,61,5
14743,93,4,20230205,76,1
14744,157,11,20221114,0,3
14745,96,8,20230717,14,2
14746,12,13,20230509,47,4
14747,9,7,20240109,79,5
14748,151,3,20241115,28,3
14749,17,11,20220518,40,3
14750,90,6,20231209,80,4
14751,148,8,20240316,84,5
14752,250,4,20220823,91,1
14753,110,10,20211228,31,5
14754,116,8,20241007,96,3
14755,186,7,20240615,12,2
14756,146,6,20240524,15,4
14757,174,5,20240310,41,2
14758,61,9,20210611,72,2
14759,113,3,20210315,8,3
14760,206,12,20211026,5,4
14761,163,4,20240903,31,1
14762,171,1,20240112,10,5
14763,136,13,20210720,3,2
14764,82,1,20220111,97,4
14765,22,8,20230505,51,4
14766,134,14,20220914,24,2
14767,178,7,20240809,6,1
14768,189,13,20230110,17,4
14769,150,9,20210907,60,3
14770,143,14,20211202,18,5
14771,57,9,20230314,38,1
14772,22,8,20220325,46,2
14773,202,1,20230521,32,2
14774,161,5,20220906,46,4
14775,200,4,20230603,9,4
14776,203,5,20210802,45,5
14777,107,6,20210401,73,3
14778,11,6,20230708,2,1
14779,224,8,20230409,11,5
14780,86,14,20231202,44,5
14781,167,13,20231208,62,2
14782,171,1,20210112,1,5
14783,102,6,20221204,28,1
14784,24,13,20240704,57,3
14785,188,13,20240319,70,4
14786,79,9,20240615,63,4
14787,44,14,20210218,3,3
14788,3,5,20240218,79,1
14789,146,2,20240520,69,1
14790,70,12,20210720,6,2
14791,215,4,20220525,2,2
14792,214,14,20220115,77,2
14793,159,5,20221001,32,3
14794,109,11,20220911,46,2
14795,153,14,20240817,70,3
14796,13,11,20230803,88,3
14797,49,4,20240814,33,1
14798,64,3,20241121,43,1
14799,9,14,20210123,84,3
14800,242,1,20210821,21,5
14801,9,4,20210611,78,5
14802,154,11,20240926,3,2
14803,1,4,20221203,16,4
14804,7,3,20230721,84,1
14805,98,7,20240302,28,1
14806,247,12,20240504,59,2
14807,125,13,20231128,52,3
14808,9,9,20220307,95,2
14809,137,11,20230909,81,2
14810,202,9,20220411,85,4
14811,230,12,20210317,32,1
14812,86,4,20211001,61,4
14813,197,8,20240702,69,3
14814,153,1,20211205,47,5
14815,162,12,20230603,26,2
14816,183,2,20230624,96,4
14817,167,10,20220418,51,1
14818,80,1,20230625,69,1
14819,173,2,20221127,19,4
14820,211,9,20220720,4,3
14821,118,1,20211123,7,5
14822,149,11,20231218,74,3
14823,76,13,20230217,33,2
14824,195,7,20230313,37,4
14825,69,1,20210727,22,1
14826,152,14,20210309,44,2
14827,46,6,20221203,44,4
14828,171,10,20210207,86,5
14829,110,3,20210811,87,5
14830,150,13,20241121,4,1
14831,156,2,20241113,12,4
14832,155,2,20240712,88,2
14833,11,10,20220402,83,3
14834,200,7,20210819,99,4
14835,242,10,20210805,14,2
14836,100,13,20220317,68,2
14837,215,8,20220918,56,5
14838,173,2,20240112,49,1
14839,153,3,20220719,45,1
14840,126,6,20221108,71,4
14841,244,1,20220217,22,4
14842,135,13,20241205,70,5
14843,241,11,20240902,65,4
14844,91,7,20221010,12,4
14845,155,7,20210325,63,5
14846,65,9,20240201,60,3
14847,240,1,20220818,28,2
14848,95,8,20220517,93,2
14849,129,12,20211024,61,3
14850,45,4,20220505,18,5
14851,147,13,20230514,50,3
14852,250,14,20230625,89,4
14853,18,11,20210104,33,3
14854,109,5,20220202,23,4
14855,37,5,20240707,77,1
14856,129,12,20220318,89,2
14857,133,2,20210117,25,2
14858,226,11,20220412,99,1
14859,129,10,20241216,20,3
14860,183,9,20211004,12,4
14861,234,11,20230222,36,5
14862,70,13,20210401,26,3
14863,84,9,20230921,86,2
14864,30,12,20240907,80,3
14865,233,12,20241206,41,5
14866,201,14,20220325,33,4
14867,22,2,20221014,30,3
14868,156,8,20210111,35,2
14869,132,6,20210222,81,1
14870,123,2,20230623,49,5
14871,96,14,20220115,2,5
14872,182,13,20210622,75,2
14873,185,3,20210913,84,2
14874,48,4,20231225,60,4
14875,76,6,20210927,6,2
14876,65,7,20240910,27,4
14877,62,1,20240405,50,5
14878,20,14,20230516,78,1
14879,23,9,20240919,86,2
14880,163,8,20240708,42,3
14881,241,2,20211009,81,1
14882,105,4,20240319,47,3
14883,238,2,20220325,66,4
14884,232,5,20210814,4,5
14885,217,14,20240918,52,4
14886,248,11,20230912,7,2
14887,15,9,20221010,73,1
14888,155,9,20210612,75,3
14889,98,12,20240509,2,1
14890,214,13,20231222,59,5
14891,223,14,20220915,76,2
14892,112,10,20220424,72,2
14893,103,5,20221212,33,4
14894,3,6,20240122,8,1
14895,15,10,20240103,43,5
14896,46,8,20210305,8,1
14897,47,1,20230911,24,4
14898,73,9,20210321,1,1
14899,85,6,20230816,96,1
14900,32,9,20211022,97,5
14901,230,3,20240720,48,3
14902,52,7,20210615,96,5
14903,112,4,20230821,61,2
14904,7,7,20231202,27,3
14905,7,9,20220907,42,5
14906,145,8,20230519,31,1
14907,99,9,20220503,38,1
14908,216,12,20230112,90,1
14909,158,1,20240808,97,5
14910,200,3,20240403,5,3
14911,77,4,20211020,71,3
14912,16,8,20220319,67,3
14913,184,1,20231218,78,1
14914,171,2,20240610,80,4
14915,152,7,20211120,68,2
14916,172,9,20220621,15,4
14917,220,11,20230423,48,2
14918,85,3,20210707,16,2
14919,129,7,20240727,30,2
14920,39,7,20211118,52,2
14921,186,1,20231024,16,5
14922,14,12,20230326,24,3
14923,56,4,20240406,41,2
14924,93,5,20210709,62,5
14925,55,6,20231023,35,2
14926,173,14,20240814,95,3
14927,209,10,20220521,12,3
14928,155,2,20220606,96,4
14929,157,10,20210707,25,1
14930,20,9,20221215,99,4
14931,83,7,20220105,17,2
14932,90,14,20240809,49,2
14933,89,7,20220724,47,1
14934,104,12,20240408,20,3
14935,246,10,20220310,61,5
14936,138,6,20210522,52,4
14937,38,6,20230627,67,3
14938,39,14,20210806,71,2
14939,106,9,20240221,18,2
14940,231,9,20220325,12,2
14941,68,8,20221113,73,5
14942,9,12,20240604,86,1
14943,61,13,20230505,93,4
14944,15,14,20211115,40,3
14945,43,2,20240804,32,1
14946,50,11,20210326,80,2
14947,94,8,20220924,66,2
14948,182,7,20220513,65,4
14949,47,5,20240805,32,4
14950,197,5,20211026,5,2
14951,34,10,20210303,74,4
14952,244,3,20240619,41,5
14953,11,12,20240421,22,5
14954,146,1,20220922,63,3
14955,228,11,20240305,9,5
14956,90,7,20220820,82,2
14957,216,3,20220624,76,4
14958,11,13,20210814,65,2
14959,56,1,20220326,23,1
14960,170,6,20240814,8,4
14961,243,3,20240403,84,3
14962,186,9,20231115,29,1
14963,92,1,20231009,91,2
14964,77,14,20230414,73,4
14965,96,14,20211226,89,2
14966,39,12,20220505,22,4
14967,115,3,20230811,76,2
14968,178,10,20220627,23,2
14969,91,2,20231117,59,1
14970,245,8,20210410,71,5
14971,88,1,20240820,89,5
14972,229,14,20240503,31,4
14973,132,11,20241126,70,1
14974,28,1,20230207,79,1
14975,55,12,20220722,34,2
14976,213,8,20230926,55,1
14977,160,11,20220810,83,3
14978,163,10,20221015,34,1
14979,175,1,20220622,10,2
14980,131,1,20240116,91,4
14981,48,10,20211209,72,1
14982,38,5,20220426,75,1
14983,6,9,20210506,78,4
14984,45,7,20240505,7,2
14985,58,12,20221202,67,3
14986,88,3,20230703,9,1
14987,148,7,20230409,29,3
14988,237,6,20220623,96,5
14989,22,8,20240219,95,2
14990,146,9,20220124,30,1
14991,224,6,20240514,51,5
14992,58,4,20220804,17,4
14993,234,2,20240421,41,3
14994,90,13,20210209,65,3
14995,154,5,20210726,78,1
14996,202,11,20240820,12,4
14997,145,14,20210209,1,2
14998,97,4,20230102,9,1
14999,165,9,20240719,81,1
15000,174,14,20230801,7,3
15001,132,10,20240524,24,5
15002,47,6,20211125,87,4
15003,153,12,20210216,44,1
15004,165,6,20240603,31,4
15005,156,3,20240404,18,3
15006,65,1,20220101,92,4
15007,102,9,20230405,80,1
15008,13,3,20221118,28,4
15009,176,2,20240920,53,2
15010,245,2,20220308,47,5
15011,179,2,20240207,8,5
15012,110,11,20240420,6,5
15013,202,3,20220506,54,1
15014,11,14,20220715,75,4
15015,213,4,20240827,46,3
15016,217,11,20230305,39,1
15017,226,11,20211212,3,3
15018,1,14,20210325,50,3
15019,189,13,20211215,99,2
15020,219,1,20221014,95,1
15021,2,5,20211117,84,2
15022,127,2,20220322,1,5
15023,145,2,20241206,5,3
15024,36,8,20210428,56,1
15025,50,11,20220411,50,3
15026,181,2,20240703,18,2
15027,7,6,20210314,30,4
15028,22,5,20221115,15,3
15029,86,2,20241214,53,4
15030,116,13,20230111,41,1
15031,112,5,20210928,74,3
15032,126,10,20220320,51,5
15033,135,7,20210516,44,2
15034,90,5,20210926,87,5
15035,213,11,20210309,13,1
15036,139,9,20240226,91,3
15037,78,10,20240407,96,2
15038,79,1,20220904,67,1
15039,115,5,20230916,50,5
15040,126,8,20240507,47,5
15041,22,14,20240325,93,4
15042,133,10,20210712,88,5
15043,197,13,20220211,74,1
15044,92,13,20230212,6,2
15045,56,1,20220312,85,2
15046,118,9,20210207,34,3
15047,214,8,20210202,40,3
15048,228,8,20240825,78,3
15049,47,11,20220727,36,5
15050,131,11,20210111,54,2
15051,118,10,20230603,3,1
15052,75,5,20220212,14,5
15053,241,13,20210119,59,1
15054,198,6,20220223,5,5
15055,236,8,20220224,19,5
15056,63,4,20211220,9,2
15057,125,10,20231009,95,3
15058,208,7,20210328,51,5
15059,205,8,20210615,96,2
15060,61,11,20240513,43,2
15061,111,6,20220714,9,4
15062,186,8,20220813,65,4
15063,114,9,20220322,95,3
15064,220,2,20210103,81,3
15065,3,4,20220409,14,4
15066,169,3,20220802,79,3
15067,164,6,20230320,95,1
15068,91,1,20241016,93,1
15069,169,2,20240903,25,3
15070,78,5,20220307,67,4
15071,47,1,20230522,46,4
15072,61,1,20210123,72,2
15073,80,6,20220406,82,5
15074,230,14,20240722,33,5
15075,165,1,20240422,50,3
15076,42,7,20230324,97,2
15077,124,2,20210905,91,4
15078,172,8,20240202,60,4
15079,184,12,20220610,86,2
15080,162,6,20211001,82,3
15081,193,1,20221221,30,1
15082,76,9,20240415,51,1
15083,58,3,20240212,40,3
15084,204,1,20231025,40,3
15085,79,10,20240612,66,1
15086,111,5,20220305,86,4
15087,151,2,20211210,70,4
15088,68,10,20220403,32,2
15089,4,8,20240921,76,2
15090,45,10,20240817,23,1
15091,23,14,20210414,84,2
15092,231,5,20211110,18,5
15093,69,6,20210607,94,2
15094,220,8,20240702,0,4
15095,133,7,20220402,51,2
15096,210,1,20220918,32,2
15097,225,1,20210807,3,2
15098,249,6,20220304,48,2
15099,102,8,20210614,69,2
15100,197,2,20220828,3,1
15101,23,8,20230718,94,1
15102,65,10,20210210,51,4
15103,193,11,20220515,29,3
15104,29,7,20241221,7,3
15105,177,12,20240308,75,2
15106,170,12,20240601,57,3
15107,185,12,20240924,16,1
15108,162,4,20210703,81,5
15109,17,14,20240818,49,3
15110,126,1,20221121,25,4
15111,23,13,20210713,22,4
15112,101,5,20231201,24,1
15113,240,7,20210706,1,3
15114,28,8,20220901,42,5
15115,137,6,20220204,15,3
15116,245,4,20240820,63,3
15117,107,1,20240915,63,3
15118,101,9,20220809,20,5
15119,97,5,20210117,65,5
15120,235,10,20220409,91,4
15121,71,3,20211022,21,1
15122,61,7,20230501,12,5
15123,169,2,20210209,42,1
15124,77,2,20240514,67,2
15125,194,2,20210202,44,2
15126,184,5,20210803,1,3
15127,155,6,20230913,94,3
15128,5,10,20230422,31,4
15129,131,7,20241105,34,3
15130,151,4,20230820,48,3
15131,145,5,20230202,62,2
15132,233,2,20241125,49,5
15133,168,4,20220423,95,1
15134,216,11,20230723,56,4
15135,2,1,20210303,69,2
15136,36,14,20240405,45,3
15137,194,4,20221211,73,1
15138,102,3,20210608,99,1
15139,9,5,20240214,11,4
15140,161,10,20230501,17,1
15141,235,3,20220809,13,2
15142,7,2,20210612,58,5
15143,13,8,20210710,98,1
15144,93,6,20230421,56,2
15145,59,4,20210406,24,4
15146,66,13,20220318,55,2
15147,97,1,20220303,73,3
15148,188,10,20220328,8,3
15149,204,12,20230206,97,4
15150,130,6,20220106,61,2
15151,220,2,20210113,52,4
15152,200,9,20230421,98,3
15153,15,13,20220312,60,3
15154,106,12,20211211,72,2
15155,80,11,20220127,19,5
15156,106,11,20210926,60,4
15157,72,11,20220310,69,2
15158,191,2,20230422,54,3
15159,78,7,20220110,98,2
15160,122,7,20241106,31,5
15161,4,11,20231214,55,4
15162,152,2,20210626,40,5
15163,26,13,20240911,37,3
15164,66,5,20240409,98,2
15165,37,5,20230807,24,5
15166,196,3,20220902,67,2
15167,190,5,20210415,92,2
15168,131,7,20211015,97,5
15169,197,1,20230903,35,2
15170,193,13,20210213,16,1
15171,110,12,20230811,71,2
15172,217,1,20241115,84,4
15173,242,3,20240903,58,5
15174,46,2,20230903,59,3
15175,18,2,20220222,81,4
15176,40,2,20240119,82,4
15177,191,3,20210615,26,3
15178,77,6,20241216,55,4
15179,239,5,20220513,46,4
15180,114,1,20210503,23,5
15181,235,1,20241226,38,4
15182,245,6,20220623,60,3
15183,214,5,20221008,71,3
15184,197,7,20221110,69,2
15185,43,12,20241208,58,2
15186,162,3,20241103,89,3
15187,164,1,20230405,9,1
15188,136,7,20211005,53,5
15189,243,4,20230116,49,2
15190,232,1,20240604,94,2
15191,197,4,20230221,8,4
15192,250,5,20230224,27,2
15193,36,10,20230301,28,3
15194,43,8,20210412,18,5
15195,76,11,20240222,6,4
15196,52,8,20230116,45,5
15197,28,13,20241019,85,4
15198,168,11,20230516,15,3
15199,25,5,20240303,90,5
15200,235,7,20230403,9,3
15201,23,11,20231019,69,3
15202,221,12,20210208,78,2
15203,88,4,20240204,19,5
15204,225,2,20210505,7,4
15205,121,2,20230921,48,5
15206,226,14,20230928,78,1
15207,56,3,20220507,11,4
15208,83,5,20240720,52,1
15209,213,9,20210322,77,4
15210,26,8,20220822,18,1
15211,141,2,20210727,32,1
15212,218,4,20230522,81,4
15213,249,11,20211126,60,2
15214,87,5,20210616,0,1
15215,205,13,20230703,26,4
15216,176,13,20210713,87,3
15217,156,4,20220918,19,1
15218,117,3,20230712,78,1
15219,41,9,20240215,11,3
15220,75,2,20241221,53,1
15221,99,7,20230306,87,4
15222,58,10,20230509,70,1
15223,51,13,20210211,15,3
15224,229,11,20240713,29,1
15225,208,6,20220126,5,1
15226,233,14,20210619,92,2
15227,157,11,20241126,12,5
15228,206,7,20230813,68,2
15229,220,4,20230704,18,2
15230,197,4,20220618,87,1
15231,102,10,20231005,88,5
15232,114,7,20241107,4,1
15233,183,8,20230610,91,5
15234,156,11,20240418,20,1
15235,226,12,20211211,80,5
15236,111,8,20240228,74,4
15237,17,10,20241104,73,1
15238,228,8,20240326,29,4
15239,154,2,20240923,4,1
15240,32,7,20220706,14,5
15241,137,10,20231220,66,4
15242,21,12,20231120,43,2
15243,36,8,20210313,45,4
15244,92,3,20230607,78,4
15245,189,6,20220802,4,5
15246,176,9,20211019,35,3
15247,124,2,20221112,82,1
15248,17,11,20240914,75,4
15249,243,1,20220222,31,2
15250,120,12,20241107,10,4
15251,200,2,20241019,28,4
15252,210,6,20231025,75,4
15253,187,7,20231209,36,3
15254,88,7,20230127,86,5
15255,64,6,20211210,96,1
15256,91,8,20241122,99,5
15257,163,11,20231108,56,1
15258,38,1,20220703,16,2
15259,226,10,20210618,65,1
15260,229,8,20220507,8,3
15261,64,10,20230911,4,2
15262,120,7,20240910,64,1
15263,31,10,20211223,99,3
15264,85,9,20241114,60,4
15265,90,6,20240828,27,2
15266,56,2,20230501,47,2
15267,3,5,20211002,82,5
15268,216,5,20221015,67,3
15269,75,13,20220820,86,1
15270,130,13,20240105,24,4
15271,193,11,20220910,3,4
15272,105,11,20220714,42,5
15273,37,9,20210209,50,1
15274,3,10,20241017,13,2
15275,103,8,20220206,73,3
15276,230,10,20211226,2,3
15277,69,7,20220403,33,4
15278,96,1,20211019,90,5
15279,110,4,20240623,29,5
15280,244,1,20230210,1,1
15281,200,11,20210919,42,5
15282,73,6,20211018,15,4
15283,234,6,20211118,10,5
15284,160,12,20240525,75,3
15285,42,3,20220122,21,2
15286,59,1,20210915,90,5
15287,25,9,20221117,22,3
15288,96,12,20210123,63,2
15289,174,9,20220421,89,1
15290,36,11,20241126,63,2
15291,118,14,20210725,90,4
15292,63,6,20230109,32,3
15293,159,9,20220805,7,5
15294,146,1,20210208,32,5
15295,192,6,20210605,25,3
15296,126,4,20230418,86,4
15297,239,3,20211216,18,4
15298,229,13,20230218,65,4
15299,191,7,20231013,57,2
15300,226,8,20210125,60,1
15301,38,2,20240311,53,1
15302,31,11,20210121,90,2
15303,97,9,20240412,89,5
15304,21,14,20240321,91,2
15305,204,14,20220623,13,5
15306,140,13,20230206,54,2
15307,68,1,20210201,10,5
15308,54,1,20240227,11,3
15309,52,2,20240406,62,5
15310,24,10,20220702,62,2
15311,105,13,20230727,15,4
15312,67,2,20241228,14,1
15313,199,11,20240301,46,1
15314,196,2,20211107,87,1
15315,195,1,20220912,8,4
15316,181,9,20220117,63,4
15317,42,6,20211227,8,4
15318,27,7,20210104,30,4
15319,174,9,20240905,5,5
15320,70,7,20230907,1,1
15321,71,7,20240610,28,3
15322,91,8,20230604,37,1
15323,35,9,20231106,28,3
15324,4,5,20231226,79,3
15325,31,13,20241113,59,2
15326,198,1,20220821,17,5
15327,76,1,20210505,30,5
15328,163,1,20210910,94,2
15329,85,10,20231010,23,2
15330,68,14,20240310,53,1
15331,174,10,20210828,97,5
15332,225,9,20220601,91,1
15333,210,12,20220310,41,4
15334,19,1,20231209,92,1
15335,36,12,20230319,43,1
15336,169,14,20231013,83,4
15337,141,3,20211125,70,2
15338,191,1,20230728,43,3
15339,220,6,20210327,10,5
15340,235,12,20210523,71,3
15341,198,3,20210815,44,1
15342,168,13,20210327,30,2
15343,10,4,20210310,76,2
15344,118,5,20231016,73,3
15345,225,10,20221216,45,2
15346,193,9,20220604,36,5
15347,235,7,20211004,84,4
15348,73,7,20220205,89,3
15349,12,6,20230607,59,1
15350,67,10,20231202,57,3
15351,125,4,20240426,96,2
15352,140,11,20240811,57,4
15353,42,11,20221004,56,5
15354,206,2,20220517,59,3
15355,197,8,20211122,72,4
15356,79,11,20241003,70,5
15357,57,6,20220109,31,1
15358,104,3,20230421,84,5
15359,179,14,20221012,12,3
15360,106,7,20231018,29,5
15361,215,14,20210320,69,4
15362,54,5,20210710,74,5
15363,16,4,20230115,45,4
15364,31,9,20231227,57,4
15365,227,5,20240413,42,2
15366,147,2,20240315,94,3
15367,41,12,20221128,81,1
15368,154,13,20220511,51,4
15369,11,9,20230602,4,3
15370,10,14,20241208,76,3
15371,101,5,20230112,76,3
15372,93,11,20240607,59,5
15373,45,6,20210207,33,1
15374,216,1,20230620,28,1
15375,54,6,20210221,61,4
15376,112,3,20240709,11,2
15377,106,10,20240817,2,5
15378,222,14,20240807,91,2
15379,139,1,20211211,32,2
15380,30,13,20230311,70,1
15381,83,3,20210327,62,1
15382,192,5,20220915,15,1
15383,4,4,20231117,19,5
15384,179,10,20210416,9,4
15385,38,7,20210323,12,2
15386,58,9,20210912,1,4
15387,58,14,20220825,19,3
15388,110,6,20220701,81,5
15389,185,8,20211221,13,4
15390,98,1,20230509,56,5
15391,26,3,20220924,97,2
15392,107,7,20230423,83,2
15393,188,9,20220903,24,1
15394,220,12,20221014,61,5
15395,122,6,20230504,0,4
15396,231,10,20230912,67,2
15397,88,5,20240115,46,5
15398,87,11,20230205,30,5
15399,120,13,20240513,66,4
15400,105,8,20240701,79,2
15401,78,8,20221220,42,2
15402,213,4,20241113,86,5
15403,195,3,20210423,34,2
15404,5,3,20220128,26,5
15405,181,6,20220214,34,5
15406,159,13,20210908,66,3
15407,197,10,20231110,47,2
15408,229,3,20240103,56,2
15409,24,13,20210916,71,1
15410,38,4,20230513,79,1
15411,148,4,20230525,27,2
15412,52,10,20211021,29,2
15413,174,2,20211210,39,2
15414,120,9,20221113,79,5
15415,74,7,20210814,78,5
15416,241,11,20231025,36,3
15417,103,2,20241106,9,3
15418,12,11,20241009,95,1
15419,245,10,20230916,51,5
15420,244,9,20240504,38,5
15421,126,3,20240526,97,5
15422,79,7,20240409,60,2
15423,22,13,20230215,65,5
15424,225,14,20221002,78,4
15425,226,7,20211220,83,2
15426,111,5,20231012,10,3
15427,57,10,20220513,84,1
15428,129,5,20241014,37,4
15429,40,7,20220501,77,2
15430,86,13,20240811,93,4
15431,181,12,20240423,78,2
15432,27,9,20210219,14,5
15433,64,14,20230518,42,1
15434,19,13,20230607,7,3
15435,13,5,20241117,69,3
15436,16,2,20211017,32,3
15437,164,9,20231126,16,2
15438,104,9,20230321,64,4
15439,155,4,20231225,84,3
15440,201,4,20241207,90,4
15441,190,12,20220118,9,5
15442,249,6,20230327,60,1
15443,89,10,20220107,67,4
15444,2,2,20220903,8,2
15445,48,12,20240525,37,3
15446,227,9,20220219,59,3
15447,182,11,20210903,81,4
15448,148,14,20220617,68,5
15449,99,2,20231028,65,5
15450,62,12,20220306,35,3
15451,41,7,20230323,14,1
15452,191,10,20240605,92,1
15453,144,14,20220109,51,5
15454,249,13,20220403,41,1
15455,83,3,20230914,98,3
15456,62,11,20240426,67,3
15457,72,1,20230421,47,4
15458,211,6,20210508,67,2
15459,210,4,20241020,27,5
15460,115,8,20240723,14,4
15461,209,14,20220404,9,1
15462,36,12,20210806,69,4
15463,233,8,20230803,20,5
15464,57,12,20220612,58,4
15465,120,7,20220109,29,5
15466,202,3,20210808,19,4
15467,124,8,20231223,49,4
15468,142,12,20210410,36,5
15469,247,3,20210601,23,1
15470,24,12,20231006,21,3
15471,39,13,20240924,43,3
15472,86,4,20241127,59,3
15473,233,12,20230104,2,1
15474,36,9,20210208,65,2
15475,150,7,20210308,7,5
15476,187,12,20230610,73,3
15477,118,7,20210109,25,1
15478,30,13,20231025,97,5
15479,137,8,20211005,11,2
15480,86,13,20241010,91,1
15481,151,10,20210605,76,1
15482,118,7,20220824,42,4
15483,188,12,20210511,52,1
15484,96,6,20230419,95,4
15485,232,9,20210509,89,2
15486,213,13,20211128,77,3
15487,237,2,20220427,55,3
15488,128,1,20230806,54,4
15489,164,11,20230514,94,4
15490,183,8,20220418,30,4
15491,21,10,20230328,0,4
15492,110,7,20230502,62,2
15493,107,3,20220624,23,2
15494,64,4,20210203,9,1
15495,2,8,20230622,3,1
15496,174,3,20240120,98,4
15497,51,13,20240110,33,3
15498,238,5,20240623,70,1
15499,229,5,20240308,0,2
15500,146,4,20211217,54,3
15501,209,14,20220211,40,4
15502,47,12,20241115,74,3
15503,165,7,20220725,18,2
15504,113,5,20221219,67,3
15505,30,2,20230801,92,3
15506,92,7,20221007,20,1
15507,151,3,20240528,94,3
15508,178,4,20240416,51,4
15509,160,7,20211213,79,2
15510,177,5,20230126,68,5
15511,47,9,20231111,36,3
15512,184,1,20220601,65,1
15513,213,1,20221209,90,5
15514,158,4,20240309,78,4
15515,10,10,20240305,70,2
15516,76,7,20220514,57,4
15517,164,4,20210126,1,1
15518,29,10,20231103,30,5
15519,18,1,20230501,66,3
15520,72,8,20240106,77,1
15521,248,3,20211124,14,4
15522,75,10,20241012,56,1
15523,197,2,20221101,44,3
15524,127,14,20230721,53,3
15525,27,13,20241007,69,4
15526,119,13,20240508,70,5
15527,3,9,20211120,54,4
15528,62,5,20241111,23,2
15529,37,1,20221219,45,4
15530,39,12,20230403,63,5
15531,3,13,20210113,74,3
15532,168,9,20230106,4,2
15533,67,14,20241216,12,1
15534,44,9,20210517,63,4
15535,105,13,20230208,95,3
15536,182,14,20230126,12,2
15537,171,8,20240801,61,3
15538,20,5,20240803,62,4
15539,104,11,20240123,78,2
15540,18,10,20240803,68,2
15541,169,3,20220528,87,3
15542,136,2,20231004,46,4
15543,85,10,20220428,64,4
15544,39,14,20210320,47,3
15545,54,12,20211120,70,4
15546,149,12,20211024,32,5
15547,200,6,20240220,28,5
15548,85,5,20220809,25,2
15549,134,10,20211221,82,3
15550,46,13,20241117,31,2
15551,23,1,20241219,29,1
15552,194,14,20230319,34,2
15553,140,10,20231119,31,2
15554,43,7,20230725,15,2
15555,173,4,20211226,77,2
15556,30,3,20240825,99,1
15557,121,10,20230516,87,4
15558,23,1,20240517,7,4
15559,175,13,20230713,68,5
15560,196,13,20240313,21,4
15561,129,12,20240502,73,5
15562,95,12,20210428,21,3
15563,144,13,20230521,51,1
15564,188,10,20220414,75,5
15565,177,8,20230215,18,1
15566,185,5,20240828,62,4
15567,177,3,20230607,33,2
15568,196,2,20240804,58,3
15569,32,4,20240504,19,2
15570,30,4,20220313,2,3
15571,96,9,20220222,61,5
15572,175,1,20230222,17,5
15573,244,4,20230320,27,3
15574,10,11,20230304,46,4
15575,3,14,20220712,28,2
15576,127,11,20210527,57,5
15577,139,6,20240722,88,1
15578,133,2,20241223,54,5
15579,53,1,20241019,10,3
15580,88,6,20230321,99,5
15581,105,12,20220816,70,3
15582,111,11,20241226,38,3
15583,75,8,20210819,76,1
15584,204,13,20231114,73,4
15585,197,14,20230809,77,5
15586,172,5,20230520,69,5
15587,219,11,20221021,76,4
15588,250,11,20220823,65,1
15589,63,13,20231118,52,2
15590,139,1,20240712,72,3
15591,122,13,20221127,93,4
15592,82,7,20210126,52,4
15593,131,12,20210612,13,2
15594,23,4,20230907,87,3
15595,87,6,20231123,98,4
15596,138,14,20230817,58,3
15597,73,5,20221005,30,1
15598,165,1,20220303,83,2
15599,35,10,20240617,13,5
15600,30,10,20230304,13,3
15601,63,4,20240301,87,5
15602,248,9,20240718,25,1
15603,29,8,20210916,74,3
15604,22,6,20210221,20,1
15605,46,6,20221213,64,1
15606,165,9,20210719,74,2
15607,199,5,20240216,44,2
15608,32,11,20230221,74,4
15609,23,6,20231202,72,5
15610,186,3,20241203,78,4
15611,141,4,20240322,56,3
15612,137,7,20220812,7,3
15613,48,11,20240801,41,1
15614,239,7,20231220,29,1
15615,126,12,20241128,90,2
15616,186,5,20240626,17,2
15617,73,4,20240313,90,5
15618,34,1,20221220,3,4
15619,84,10,20220304,82,2
15620,13,7,20210908,54,4
15621,86,1,20230224,70,5
15622,86,5,20210712,63,2
15623,226,10,20230706,77,5
15624,86,2,20220217,93,5
15625,113,7,20231024,85,5
15626,250,7,20220914,5,5
15627,23,9,20240703,32,2
15628,186,3,20210823,98,2
15629,214,6,20220719,95,1
15630,88,1,20230713,29,4
15631,7,8,20230426,60,3
15632,125,2,20240321,71,4
15633,221,12,20240205,7,4
15634,110,12,20210709,16,5
15635,51,10,20241022,90,5
15636,81,5,20240824,56,1
15637,249,1,20210316,13,1
15638,1,8,20210820,4,4
15639,105,2,20220125,29,1
15640,61,11,20240525,68,3
15641,170,1,20240818,51,2
15642,234,3,20230815,37,1
15643,74,9,20240124,62,4
15644,139,11,20221128,25,5
15645,83,8,20210515,54,4
15646,197,14,20231217,60,3
15647,179,1,20220226,56,1
15648,52,5,20230114,22,3
15649,223,4,20240128,54,5
15650,24,12,20211121,81,2
15651,71,5,20210804,86,4
15652,140,12,20230908,37,1
15653,96,4,20210128,35,3
15654,241,9,20210602,64,3
15655,172,11,20240315,40,5
15656,5,5,20220802,95,2
15657,215,3,20230407,26,2
15658,188,9,20221121,13,2
15659,217,10,20220505,49,3
15660,200,5,20240618,52,1
15661,228,3,20210518,30,3
15662,228,5,20231011,64,5
15663,116,1,20240308,35,3
15664,208,13,20230510,36,2
15665,98,9,20210808,99,1
15666,143,13,20210601,66,2
15667,26,5,20240925,71,3
15668,190,7,20211205,26,2
15669,9,6,20210917,76,4
15670,185,4,20220715,7,5
15671,136,3,20210514,16,1
15672,120,4,20220507,46,1
15673,211,8,20210215,81,4
15674,121,1,20221127,10,1
15675,68,9,20210412,53,1
15676,236,12,20241222,68,1
15677,16,14,20220816,52,5
15678,38,14,20230223,64,5
15679,46,2,20241004,66,3
15680,69,4,20220809,48,1
15681,132,8,20241213,64,1
15682,3,9,20240413,59,5
15683,192,13,20240114,49,5
15684,164,12,20210513,27,2
15685,154,3,20241202,46,3
15686,194,1,20211113,41,3
15687,232,5,20230604,71,3
15688,226,10,20240711,17,4
15689,41,3,20210807,54,4
15690,65,6,20211219,38,3
15691,192,8,20211216,0,2
15692,83,7,20220805,44,5
15693,6,9,20240718,71,5
15694,243,2,20220720,12,1
15695,214,1,20211108,3,4
15696,94,10,20230118,1,3
15697,49,12,20241023,33,2
15698,205,13,20211019,97,5
15699,173,10,20220923,84,2
15700,160,13,20210623,51,5
15701,140,3,20221118,35,2
15702,208,12,20240722,17,3
15703,99,7,20230714,76,3
15704,4,2,20221024,98,3
15705,237,6,20210121,58,5
15706,158,3,20211127,62,5
15707,6,7,20230802,70,5
15708,129,1,20240114,10,2
15709,131,12,20220914,75,3
15710,48,11,20240906,12,3
15711,31,1,20211111,53,5
15712,218,2,20211125,45,5
15713,9,1,20220218,61,3
15714,170,9,20240403,40,1
15715,236,3,20221004,50,3
15716,28,9,20240307,70,1
15717,161,6,20220128,58,4
15718,116,6,20220207,2,2
15719,176,7,20220220,90,4
15720,227,6,20231008,11,3
15721,139,10,20210823,63,5
15722,83,14,20230215,42,1
15723,210,4,20241224,81,4
15724,176,6,20210702,80,2
15725,176,7,20230814,61,2
15726,189,2,20220209,46,3
15727,167,14,20210521,84,5
15728,95,3,20211003,92,4
15729,37,7,20220917,29,5
15730,205,14,20231017,41,2
15731,244,10,20221204,93,2
15732,235,13,20231106,74,4
15733,39,9,20220807,87,3
15734,16,7,20230717,36,3
15735,14,9,20240826,31,4
15736,198,8,20210523,57,4
15737,124,1,20240704,73,4
15738,100,6,20220301,85,3
15739,190,4,20231106,92,1
15740,13,10,20240816,22,3
15741,46,10,20241114,35,1
15742,136,4,20230203,16,4
15743,159,11,20210924,89,2
15744,244,9,20230315,34,2
15745,180,8,20230717,83,2
15746,164,1,20230218,44,1
15747,8,1,20230128,77,2
15748,112,13,20210220,23,3
15749,229,14,20230413,16,4
15750,32,7,20230917,71,5
15751,145,10,20230712,50,4
15752,178,5,20210328,21,2
15753,170,3,20211025,49,5
15754,178,2,20210401,4,5
15755,230,14,20220717,67,2
15756,151,14,20231023,10,4
15757,143,10,20230217,91,4
15758,192,7,20240328,49,2
15759,180,11,20240218,57,1
15760,36,13,20241212,23,1
15761,149,4,20211218,51,3
15762,114,11,20231108,2,2
15763,28,6,20230408,41,1
15764,138,3,20220503,76,3
15765,216,11,20230420,14,4
15766,206,14,20241115,61,4
15767,137,7,20211122,66,2
15768,94,6,20240323,79,2
15769,222,10,20240527,65,4
15770,39,4,20230412,88,4
15771,183,14,20230425,35,4
15772,221,14,20221002,61,5
15773,51,10,20230211,63,1
15774,206,7,20241018,86,1
15775,20,5,20231120,44,4
15776,38,7,20221009,76,1
15777,172,1,20221109,53,2
15778,30,5,20211211,17,2
15779,131,9,20221206,44,3
15780,82,8,20230414,17,5
15781,237,1,20230501,63,3
15782,133,13,20211125,31,2
15783,7,2,20221225,63,4
15784,192,8,20210508,60,4
15785,52,13,20220225,47,5
15786,241,7,20220623,8,1
15787,168,1,20230101,86,3
15788,125,9,20241021,29,5
15789,246,13,20241219,40,5
15790,248,2,20210404,65,4
15791,35,1,20210509,97,4
15792,117,5,20240712,10,2
15793,83,1,20210110,73,2
15794,26,14,20241018,33,1
15795,196,10,20221223,25,3
15796,218,6,20230206,66,4
15797,72,3,20241227,66,2
15798,147,9,20230906,38,5
15799,11,6,20220924,24,2
15800,120,8,20240521,53,2
15801,49,13,20220423,67,5
15802,248,3,20231026,71,5
15803,115,14,20220113,87,4
15804,224,2,20230927,64,3
15805,139,12,20220101,44,3
15806,71,10,20240313,71,3
15807,95,8,20240321,66,3
15808,82,13,20220426,19,3
15809,20,5,20241203,92,3
15810,215,2,20210620,75,2
15811,210,2,20210505,62,5
15812,168,12,20231218,50,5
15813,183,10,20211206,44,2
15814,220,7,20231008,71,3
15815,233,13,20230715,14,5
15816,191,2,20240823,46,4
15817,156,10,20230814,59,2
15818,47,11,20230910,20,1
15819,28,2,20211025,43,2
15820,101,2,20211014,47,5
15821,55,9,20230101,75,3
15822,5,7,20210625,89,2
15823,203,13,20220521,87,3
15824,32,14,20241120,29,3
15825,150,4,20211003,86,4
15826,161,12,20220528,45,2
15827,208,9,20230319,6,5
15828,77,11,20221121,84,2
15829,103,6,20231201,40,4
15830,36,6,20231219,63,5
15831,186,5,20210605,41,3
15832,139,3,20221202,85,3
15833,150,14,20210607,91,5
15834,19,2,20240917,3,4
15835,220,14,20210302,38,1
15836,226,12,20210616,32,4
15837,180,4,20220216,74,3
15838,218,10,20240725,81,3
15839,233,2,20231209,93,4
15840,35,5,20240909,18,3
15841,73,8,20230503,71,1
15842,182,14,20230828,91,5
15843,121,12,20221006,94,3
15844,4,14,20230803,80,1
15845,49,9,20220121,91,5
15846,240,11,20211122,29,2
15847,192,6,20220321,75,5
15848,94,14,20241127,95,1
15849,40,5,20220218,87,4
15850,242,3,20230725,1,2
15851,146,4,20230618,26,1
15852,60,2,20220406,93,1
15853,166,5,20240316,10,4
15854,211,13,20240214,53,5
15855,59,8,20231119,67,4
15856,45,6,20240422,40,1
15857,157,1,20230502,44,4
15858,174,2,20240613,67,5
15859,67,6,20211123,32,3
15860,121,7,20230626,97,2
15861,9,12,20221011,54,5
15862,41,11,20240625,46,2
15863,201,11,20230805,96,3
15864,193,12,20240822,98,4
15865,100,13,20221221,76,1
15866,97,1,20230617,39,5
15867,194,2,20221112,84,1
15868,141,4,20230118,31,3
15869,231,3,20221215,67,2
15870,26,6,20210907,70,4
15871,165,10,20210628,50,1
15872,117,13,20220324,44,5
15873,206,3,20210503,71,3
15874,177,6,20210104,65,5
15875,134,13,20230602,1,5
15876,111,13,20240305,15,1
15877,180,1,20230112,17,4
15878,183,13,20231002,27,3
15879,129,4,20220601,21,5
15880,10,3,20230713,92,1
15881,60,14,20240817,62,2
15882,58,5,20220510,67,4
15883,166,11,20241119,85,4
15884,39,4,20230426,66,5
15885,132,5,20220718,3,1
15886,15,6,20240628,49,5
15887,104,8,20230506,24,4
15888,132,5,20230819,92,5
15889,235,8,20220702,99,1
15890,88,6,20240516,82,4
15891,100,10,20220518,28,4
15892,43,6,20220508,49,2
15893,10,14,20230915,33,3
15894,130,10,20210809,89,1
15895,54,11,20240423,92,2
15896,134,13,20230127,43,5
15897,98,13,20240408,75,5
15898,172,6,20220514,74,1
15899,250,14,20240811,85,2
15900,207,14,20230601,83,2
15901,38,13,20240520,47,4
15902,121,4,20241021,93,1
15903,128,3,20221112,90,1
15904,73,10,20211124,97,5
15905,22,12,20240327,71,2
15906,181,12,20211124,41,3
15907,176,14,20240412,77,2
15908,153,13,20211110,37,2
15909,106,14,20241117,76,5
15910,191,6,20231025,33,5
15911,71,3,20230801,72,2
15912,136,5,20230305,29,1
15913,27,13,20240806,34,1
15914,60,1,20220722,81,2
15915,241,14,20240524,77,1
15916,112,13,20210711,9,2
15917,34,3,20210215,37,2
15918,25,12,20241215,42,3
15919,34,12,20240808,52,5
15920,116,11,20241213,86,3
15921,216,8,20211114,15,3
15922,36,6,20220110,76,4
15923,148,14,20220411,6,2
15924,181,12,20230509,48,3
15925,228,4,20221017,85,5
15926,222,14,20220714,82,1
15927,77,3,20220728,17,3
15928,51,3,20241108,98,2
15929,116,2,20230213,44,1
15930,82,8,20221111,6,1
15931,37,6,20211128,40,2
15932,221,10,20210912,12,3
15933,170,8,20240317,24,1
15934,222,5,20220806,97,2
15935,5,9,20221222,27,1
15936,97,2,20230824,35,5
15937,143,13,20210303,77,4
15938,39,7,20240613,96,2
15939,2,14,20230106,43,3
15940,164,3,20220227,77,3
15941,182,8,20220407,92,4
15942,65,1,20230802,10,4
15943,250,1,20221216,94,2
15944,142,7,20211119,66,3
15945,220,4,20221208,92,1
15946,195,6,20211025,88,3
15947,80,12,20230723,82,2
15948,19,3,20220103,85,2
15949,140,1,20210216,42,2
15950,53,13,20211123,30,1
15951,239,8,20210917,85,2
15952,32,5,20210317,57,3
15953,246,5,20240721,69,1
15954,239,13,20210617,65,2
15955,142,9,20240824,15,5
15956,30,9,20230714,70,1
15957,65,7,20231027,41,4
15958,98,14,20230108,70,4
15959,175,9,20240228,43,5
15960,190,6,20220323,6,4
15961,95,9,20230208,38,1
15962,8,10,20220721,17,5
15963,99,4,20240726,61,4
15964,242,14,20210618,7,1
15965,130,3,20240503,46,5
15966,79,6,20220913,35,3
15967,246,9,20240825,94,5
15968,62,13,20211126,91,2
15969,59,10,20231006,96,1
15970,200,9,20210616,39,2
15971,83,4,20210809,10,1
15972,65,14,20220627,63,3
15973,205,1,20231208,14,4
15974,8,9,20241115,80,1
15975,9,14,20220717,14,1
15976,232,2,20220308,83,4
15977,201,14,20210212,34,1
15978,153,5,20230525,21,2
15979,150,13,20241008,5,1
15980,23,12,20241106,20,5
15981,90,3,20220413,17,1
15982,139,11,20220108,48,3
15983,20,1,20211028,47,3
15984,23,1,20240214,40,1
15985,63,5,20221022,5,3
15986,97,12,20230811,31,4
15987,222,2,20220920,50,2
15988,135,10,20231119,59,5
15989,137,2,20211013,5,5
15990,114,2,20230713,5,5
15991,73,12,20230414,78,3
15992,192,11,20230911,27,5
15993,234,11,20230406,6,5
15994,69,6,20230925,77,2
15995,117,1,20240104,60,4
15996,52,1,20230514,34,5
15997,72,7,20221213,86,1
15998,4,10,20220425,48,4
15999,4,4,20221024,48,3
16000,148,12,20230124,61,1
16001,96,12,20241219,35,3
16002,235,4,20240311,37,2
16003,64,3,20210720,57,3
16004,42,10,20210723,80,5
16005,38,6,20220728,89,1
16006,248,10,20221102,35,2
16007,41,10,20210713,27,5
16008,151,14,20220816,55,5
16009,159,5,20211127,33,4
16010,61,11,20230210,53,3
16011,153,10,20220705,81,2
16012,216,14,20230111,81,2
16013,105,6,20240323,25,3
16014,103,2,20210425,37,1
16015,180,4,20231006,30,3
16016,50,12,20221104,88,4
16017,135,3,20220228,27,2
16018,199,11,20221024,90,1
16019,199,4,20231028,60,2
16020,246,4,20230802,92,2
16021,22,11,20220818,47,3
16022,52,10,20220602,21,2
16023,177,9,20240406,89,5
16024,162,10,20231123,13,4
16025,226,5,20220302,82,5
16026,47,2,20210517,13,1
16027,6,5,20230709,64,5
16028,85,4,20240616,77,2
16029,185,9,20230712,1,3
16030,139,9,20230522,44,5
16031,197,11,20220109,62,5
16032,222,11,20220516,16,4
16033,67,9,20230602,41,3
16034,243,9,20231103,28,3
16035,145,2,20210511,95,3
16036,93,10,20210517,18,5
16037,73,5,20221223,53,4
16038,70,1,20220920,35,5
16039,116,6,20241108,80,5
16040,233,10,20230219,17,4
16041,195,14,20230920,96,3
16042,118,6,20240128,50,1
16043,129,1,20240411,82,1
16044,103,7,20230626,15,2
16045,119,1,20230317,87,5
16046,78,1,20240420,5,3
16047,172,6,20210404,59,2
16048,67,13,20230404,64,3
16049,59,8,20210119,81,3
16050,216,10,20220224,94,1
16051,35,6,20230821,86,5
16052,30,10,20231121,94,3
16053,171,10,20220220,30,3
16054,225,14,20220915,76,1
16055,1,6,20230922,5,2
16056,46,9,20240616,86,1
16057,246,2,20220307,67,1
16058,179,6,20221209,31,5
16059,52,4,20240615,88,3
16060,22,2,20230904,2,1
16061,78,4,20231120,87,2
16062,135,8,20230808,49,3
16063,240,9,20220717,89,5
16064,98,7,20221227,49,4
16065,175,7,20230513,81,5
16066,222,10,20211003,12,3
16067,31,12,20210123,17,5
16068,121,5,20240826,83,3
16069,155,3,20211205,37,5
16070,117,1,20231028,92,4
16071,227,14,20221111,60,5
16072,187,5,20241003,69,3
16073,207,7,20241006,26,4
16074,185,6,20240822,47,2
16075,74,14,20211116,77,2
16076,56,1,20240221,47,2
16077,81,3,20240707,33,1
16078,24,9,20210307,78,4
16079,81,3,20220923,2,5
16080,222,4,20230222,52,3
16081,86,9,20220923,12,3
16082,17,12,20220626,54,2
16083,11,3,20210817,79,1
16084,249,9,20230416,79,4
16085,49,6,20210211,49,5
16086,137,2,20230126,37,1
16087,113,1,20230521,25,3
16088,8,14,20220120,30,4
16089,246,12,20210917,5,3
16090,62,4,20240717,85,1
16091,109,8,20220811,64,2
16092,242,11,20230323,78,5
16093,28,5,20221103,57,4
16094,244,6,20220619,3,1
16095,195,10,20230122,36,1
16096,94,5,20221005,36,5
16097,158,5,20230326,7,1
16098,84,7,20211213,4,2
16099,204,5,20241114,86,5
16100,53,8,20210602,14,5
16101,133,11,20230426,44,3
16102,131,9,20220726,46,3
16103,164,10,20211016,60,3
16104,241,12,20211014,26,3
16105,196,11,20210309,48,3
16106,59,13,20240122,35,1
16107,240,12,20240818,6,2
16108,187,6,20240820,15,4
16109,37,4,20210905,24,3
16110,114,8,20211211,31,5
16111,38,12,20240123,93,4
16112,165,2,20210409,29,3
16113,192,5,20220302,28,1
16114,227,10,20231119,88,2
16115,26,9,20220717,45,3
16116,85,14,20231108,16,4
16117,173,3,20210704,46,2
16118,115,10,20220426,97,3
16119,46,13,20240223,54,2
16120,57,4,20230806,33,2
16121,58,4,20240921,18,1
16122,14,2,20221118,93,4
16123,213,11,20211016,80,2
16124,167,1,20230411,99,4
16125,173,11,20211005,98,5
16126,153,12,20240811,95,2
16127,7,11,20240416,49,4
16128,196,10,20240225,43,5
16129,78,3,20240528,7,4
16130,219,13,20231006,53,5
16131,67,12,20230819,78,1
16132,31,2,20231009,5,4
16133,247,14,20240319,27,2
16134,64,14,20240104,24,5
16135,38,10,20240217,65,1
16136,86,12,20230710,99,5
16137,209,1,20241118,25,1
16138,209,4,20220127,47,1
16139,95,5,20240715,88,2
16140,68,14,20231103,67,2
16141,101,2,20230923,5,4
16142,218,14,20220124,66,5
16143,156,2,20230106,52,5
16144,249,3,20221007,14,3
16145,91,12,20240706,93,2
16146,22,14,20220128,78,4
16147,212,11,20230602,9,5
16148,158,3,20211001,64,4
16149,64,12,20241225,58,1
16150,248,6,20220106,92,1
16151,215,12,20220110,24,4
16152,120,3,20210712,79,5
16153,157,3,20230712,41,3
16154,247,2,20210123,74,1
16155,74,8,20220501,30,4
16156,38,8,20230203,62,4
16157,94,12,20230704,50,5
16158,231,4,20210519,87,2
16159,245,10,20211103,90,2
16160,9,6,20241016,7,5
16161,231,9,20230716,36,1
16162,25,13,20210802,5,2
16163,54,7,20211111,7,5
16164,242,4,20220316,97,2
16165,127,3,20240408,54,3
16166,68,4,20230706,94,1
16167,112,14,20220505,52,1
16168,192,14,20230111,17,5
16169,104,6,20220719,19,2
16170,121,13,20210815,72,2
16171,137,8,20231019,13,3
16172,119,7,20231121,98,3
16173,63,7,20230819,47,5
16174,223,4,20210722,32,4
16175,133,14,20211016,53,4
16176,199,7,20240427,47,1
16177,169,5,20240113,20,1
16178,121,14,20220622,1,2
16179,82,10,20230807,71,5
16180,17,14,20240715,96,4
16181,205,1,20221016,22,1
16182,122,10,20231101,94,4
16183,83,12,20240113,79,3
16184,13,13,20221207,93,5
16185,118,10,20230415,61,5
16186,44,10,20240520,24,1
16187,54,7,20221115,29,5
16188,122,1,20221125,44,2
16189,48,11,20210527,68,1
16190,127,3,20230818,91,4
16191,76,12,20210815,22,5
16192,206,9,20230812,77,2
16193,28,4,20230309,80,5
16194,213,12,20231122,43,5
16195,224,6,20220709,90,1
16196,63,2,20220608,66,5
16197,122,8,20211209,76,1
16198,79,4,20210608,57,3
16199,11,12,20220611,94,3
16200,241,13,20210306,37,2
16201,194,10,20230818,88,5
16202,44,8,20220214,93,3
16203,63,14,20240909,84,4
16204,198,12,20230317,65,4
16205,6,9,20231211,96,4
16206,148,6,20220306,33,2
16207,166,3,20230328,11,1
16208,111,7,20240812,64,5
16209,128,7,20210319,24,1
16210,7,4,20210619,27,3
16211,235,2,20210714,27,3
16212,118,7,20211003,70,1
16213,150,12,20220914,9,4
16214,32,9,20211114,6,3
16215,13,2,20230401,41,5
16216,72,6,20241111,6,2
16217,204,9,20241110,40,3
16218,124,13,20231119,10,2
16219,170,12,20211011,67,3
16220,119,12,20240621,39,5
16221,214,14,20210201,1,2
16222,15,8,20241023,88,5
16223,228,12,20240524,57,4
16224,38,13,20221101,35,2
16225,176,6,20230227,99,3
16226,148,8,20230503,78,4
16227,123,7,20220416,13,1
16228,138,8,20210403,43,2
16229,89,4,20241003,55,1
16230,203,3,20241125,21,4
16231,236,1,20220427,92,2
16232,63,9,20241026,16,4
16233,199,2,20210919,66,1
16234,113,14,20210903,79,5
16235,77,4,20240928,41,3
16236,127,1,20231001,66,1
16237,7,1,20210923,59,3
16238,217,3,20241004,24,3
16239,5,8,20210105,42,2
16240,143,12,20220412,60,4
16241,182,12,20210328,96,4
16242,123,12,20220911,43,5
16243,196,6,20230303,61,3
16244,154,6,20210306,71,4
16245,30,4,20211228,7,1
16246,115,2,20230421,29,4
16247,236,9,20230223,55,4
16248,143,6,20231009,26,4
16249,141,12,20220713,7,1
16250,248,5,20221014,77,4
16251,225,8,20210419,71,5
16252,109,12,20220707,97,1
16253,212,5,20211220,28,3
16254,236,7,20230518,2,1
16255,161,5,20230627,76,3
16256,84,2,20241106,24,3
16257,124,11,20230213,68,5
16258,220,13,20230309,25,5
16259,148,9,20210722,56,3
16260,189,5,20210325,58,5
16261,1,9,20210107,45,2
16262,216,6,20210412,38,2
16263,151,6,20210422,22,2
16264,132,13,20210125,44,5
16265,226,14,20230219,99,1
16266,76,8,20220510,59,2
16267,202,13,20210121,93,5
16268,35,3,20221024,63,4
16269,51,3,20240501,6,4
16270,13,4,20231123,22,5
16271,7,5,20220501,60,1
16272,165,2,20210220,67,5
16273,72,5,20221015,87,4
16274,137,10,20211128,40,5
16275,106,5,20230608,30,4
16276,88,2,20210914,82,2
16277,48,5,20241106,48,4
16278,138,2,20221225,34,1
16279,157,14,20231017,78,3
16280,27,12,20240910,89,5
16281,165,9,20240212,8,1
16282,42,13,20231220,39,5
16283,163,14,20220207,3,1
16284,35,10,20230722,9,4
16285,57,14,20240914,22,3
16286,188,8,20240111,6,4
16287,43,13,20231201,59,2
16288,153,9,20240919,67,2
16289,161,9,20210723,86,4
16290,66,9,20241214,79,5
16291,203,9,20240227,89,2
16292,121,12,20240319,26,5
16293,110,13,20231220,38,4
16294,220,10,20220524,17,5
16295,223,13,20231109,85,5
16296,25,6,20240327,99,5
16297,121,5,20220822,35,4
16298,5,13,20240518,37,3
16299,226,12,20221208,17,4
16300,138,11,20221212,77,3
16301,122,2,20221120,51,2
16302,227,11,20210321,11,5
16303,205,11,20220912,25,3
16304,21,14,20230517,54,4
16305,76,2,20210606,28,4
16306,36,5,20240516,17,5
16307,182,4,20240721,92,4
16308,172,14,20230826,54,5
16309,215,8,20230710,58,5
16310,14,2,20230212,61,3
16311,244,12,20240721,98,1
16312,35,12,20230223,46,2
16313,38,14,20240424,5,4
16314,195,12,20220305,20,3
16315,62,6,20220205,51,1
16316,47,2,20210812,77,5
16317,7,8,20220607,31,2
16318,84,3,20210527,4,3
16319,242,13,20220813,53,5
16320,171,5,20231001,86,2
16321,40,7,20210213,93,5
16322,199,12,20220525,88,4
16323,207,7,20210509,94,3
16324,119,4,20240613,88,2
16325,128,2,20241119,61,3
16326,65,5,20210507,95,4
16327,144,1,20230404,16,2
16328,103,1,20211012,25,3
16329,59,1,20230725,62,3
16330,149,10,20231210,79,4
16331,94,1,20231214,92,2
16332,129,13,20240908,92,5
16333,180,14,20240324,30,5
16334,66,13,20210910,93,2
16335,189,4,20240524,58,5
16336,240,7,20231202,70,5
16337,14,13,20210405,93,5
16338,98,4,20220613,21,2
16339,43,10,20240425,79,5
16340,210,8,20220109,93,1
16341,74,1,20210903,18,5
16342,206,9,20240318,10,2
16343,1,7,20241101,89,3
16344,111,9,20210608,14,2
16345,190,2,20231226,52,1
16346,142,2,20220910,39,1
16347,157,5,20240325,38,3
16348,247,8,20240414,16,3
16349,112,8,20231207,15,4
16350,133,3,20231121,20,1
16351,24,7,20220228,41,2
16352,169,7,20220201,16,3
16353,57,9,20220711,76,4
16354,93,6,20211116,48,4
16355,64,7,20221124,5,4
16356,79,7,20221202,94,1
16357,164,4,20241119,35,2
16358,208,11,20240207,43,3
16359,40,9,20230623,34,4
16360,232,10,20230618,35,5
16361,115,10,20231116,17,2
16362,20,4,20210923,5,5
16363,240,8,20210808,3,1
16364,243,6,20240628,93,4
16365,60,14,20220804,2,3
16366,224,12,20210603,69,5
16367,191,14,20210412,12,3
16368,159,8,20231002,76,1
16369,156,9,20220314,43,4
16370,206,11,20231212,17,4
16371,72,4,20230614,65,4
16372,191,6,20220623,98,4
16373,224,13,20210203,84,5
16374,223,3,20210205,62,3
16375,179,4,20241126,22,2
16376,228,5,20240507,66,4
16377,88,13,20210302,31,1
16378,184,12,20211118,27,2
16379,75,11,20220105,17,4
16380,207,14,20220216,47,5
16381,238,8,20210404,5,1
16382,235,13,20240810,86,3
16383,234,14,20220911,79,1
16384,184,12,20230214,79,2
16385,46,10,20221026,94,1
16386,66,4,20220901,13,4
16387,184,6,20230201,6,5
16388,102,10,20210322,28,1
16389,128,6,20221112,60,4
16390,98,8,20240221,11,3
16391,223,8,20240119,2,5
16392,249,12,20231114,21,2
16393,119,5,20220525,54,4
16394,199,10,20241118,69,5
16395,25,5,20240118,73,5
16396,105,1,20220509,11,1
16397,21,6,20240110,84,2
16398,219,6,20230328,91,2
16399,33,8,20240307,10,3
16400,150,6,20240512,52,2
16401,180,3,20220726,38,2
16402,122,12,20230109,6,1
16403,63,7,20240911,22,3
16404,151,12,20211112,66,5
16405,43,7,20210101,73,2
16406,207,3,20240402,19,3
16407,207,5,20210508,10,5
16408,159,9,20230409,57,2
16409,104,9,20241208,35,3
16410,1,13,20211007,99,5
16411,125,6,20230106,83,1
16412,166,6,20240508,35,1
16413,37,8,20210404,61,2
16414,135,12,20220825,42,1
16415,203,7,20220702,23,4
16416,79,10,20220705,0,4
16417,54,4,20240913,24,2
16418,137,12,20241002,84,4
16419,29,6,20210626,85,4
16420,84,4,20210623,75,5
16421,37,13,20220628,26,4
16422,189,1,20231014,82,4
16423,89,11,20210217,45,1
16424,188,5,20230621,1,3
16425,1,12,20220214,10,4
16426,7,5,20241121,93,3
16427,74,12,20220213,14,5
16428,111,2,20210410,55,3
16429,96,13,20240702,80,4
16430,26,9,20230820,8,1
16431,153,2,20241128,24,2
16432,186,5,20240812,77,2
16433,232,11,20220712,22,5
16434,115,9,20241221,23,2
16435,30,3,20211103,27,5
16436,174,7,20220610,46,2
16437,25,13,20230201,26,3
16438,58,13,20240716,13,5
16439,44,6,20230728,51,1
16440,195,10,20210520,85,1
16441,111,4,20240108,29,3
16442,242,11,20230715,88,3
16443,166,9,20231017,80,2
16444,39,4,20220123,0,2
16445,20,10,20220121,16,3
16446,74,3,20230208,99,1
16447,193,10,20230604,27,5
16448,57,1,20241115,48,2
16449,213,3,20240603,31,1
16450,173,8,20220316,92,2
16451,15,12,20241022,66,4
16452,53,7,20220819,69,3
16453,15,3,20221005,96,5
16454,225,3,20220807,25,1
16455,243,11,20210711,36,1
16456,161,1,20240615,30,5
16457,60,12,20210307,12,2
16458,230,9,20230321,56,5
16459,38,12,20240116,20,2
16460,229,8,20210819,88,3
16461,168,10,20211218,45,5
16462,48,1,20210718,86,2
16463,170,8,20220103,48,1
16464,195,5,20241222,67,4
16465,36,9,20220327,64,4
16466,99,6,20221026,3,5
16467,41,9,20240124,90,5
16468,100,11,20230527,98,1
16469,66,7,20211113,71,5
16470,17,6,20241105,25,1
16471,82,1,20240508,99,5
16472,92,6,20230924,8,3
16473,236,14,20240420,83,3
16474,234,9,20211117,87,1
16475,215,12,20230705,31,5
16476,21,6,20211214,44,4
16477,112,7,20240121,49,3
16478,248,7,20231124,5,4
16479,31,4,20220113,41,4
16480,123,8,20221208,45,4
16481,82,14,20210421,89,3
16482,192,13,20230406,95,5
16483,225,13,20220807,62,2
16484,4,12,20240811,53,3
16485,244,5,20220910,76,2
16486,74,6,20230503,39,3
16487,146,3,20220822,45,1
16488,189,4,20241026,94,1
16489,36,2,20240119,19,3
16490,232,10,20210125,71,4
16491,69,9,20220225,34,2
16492,61,13,20230103,86,5
16493,86,5,20241011,19,5
16494,112,12,20240312,66,2
16495,41,8,20210917,43,4
16496,244,6,20220920,47,2
16497,78,3,20220603,4,4
16498,116,3,20220213,43,3
16499,81,9,20231213,99,5
16500,137,2,20230321,82,3
16501,131,11,20210413,36,1
16502,87,4,20220310,87,4
16503,61,7,20240309,99,3
16504,216,6,20241019,80,4
16505,164,1,20210709,26,4
16506,207,8,20240104,65,4
16507,32,2,20240928,99,4
16508,153,11,20241013,48,2
16509,152,6,20240223,26,5
16510,240,14,20220619,1,5
16511,39,3,20210914,40,1
16512,43,5,20240127,47,2
16513,215,1,20231106,16,5
16514,116,2,20211209,55,1
16515,176,14,20210602,96,5
16516,181,10,20231223,59,3
16517,43,4,20230807,97,3
16518,57,12,20241011,53,5
16519,216,6,20231108,59,3
16520,248,5,20240622,95,3
16521,223,6,20241210,5,4
16522,30,11,20210802,36,5
16523,75,11,20220509,79,4
16524,126,14,20221109,5,2
16525,209,9,20210411,46,2
16526,101,13,20230428,49,1
16527,30,8,20211123,92,5
16528,175,4,20230513,18,1
16529,72,2,20240515,63,3
16530,250,13,20240127,67,5
16531,193,3,20230519,19,3
16532,244,14,20230928,17,3
16533,14,7,20230926,10,4
16534,88,7,20211219,27,1
16535,247,2,20240604,42,1
16536,92,9,20240301,84,2
16537,89,6,20230209,14,3
16538,224,14,20240205,66,5
16539,80,13,20220813,15,5
16540,213,5,20220803,7,2
16541,92,6,20220928,26,2
16542,215,8,20230722,78,4
16543,109,13,20240712,22,3
16544,21,1,20220527,33,4
16545,128,1,20221216,0,2
16546,168,4,20240410,7,1
16547,29,1,20210105,49,4
16548,126,2,20230709,68,3
16549,30,2,20210105,11,1
16550,232,13,20220118,44,5
16551,212,13,20210717,45,4
16552,9,7,20230320,61,3
16553,60,13,20221205,69,2
16554,120,13,20240924,8,2
16555,1,7,20220725,83,2
16556,231,11,20230417,54,1
16557,70,2,20210105,52,5
16558,134,3,20210719,35,5
16559,91,3,20240704,92,5
16560,29,9,20240717,25,4
16561,147,4,20240724,48,4
16562,6,11,20230510,77,4
16563,143,1,20230128,79,2
16564,196,10,20220919,80,5
16565,242,5,20241028,64,3
16566,140,4,20210521,33,1
16567,177,6,20211206,16,3
16568,223,5,20230111,86,5
16569,141,11,20211112,88,1
16570,55,5,20240804,7,3
16571,89,5,20240702,36,4
16572,45,5,20241007,15,5
16573,129,13,20210513,25,3
16574,217,12,20220912,86,2
16575,213,14,20240522,87,5
16576,107,1,20210715,44,2
16577,3,11,20210606,94,3
16578,57,10,20240814,82,4
16579,182,3,20240412,57,1
16580,101,14,20230615,5,5
16581,73,3,20210821,37,3
16582,248,13,20230726,83,1
16583,39,6,20240418,19,3
16584,110,2,20220901,52,3
16585,95,14,20240304,1,4
16586,117,2,20231203,23,1
16587,133,12,20210103,18,3
16588,200,13,20210509,15,3
16589,168,13,20221224,27,4
16590,4,8,20210717,55,5
16591,249,12,20210508,87,5
16592,69,14,20230428,79,5
16593,37,14,20210417,96,4
16594,66,10,20210228,94,2
16595,68,11,20220401,80,4
16596,221,9,20241101,77,4
16597,167,1,20240527,63,3
16598,60,8,20230921,90,1
16599,219,14,20220617,53,1
16600,8,7,20210818,38,1
16601,196,6,20220924,75,2
16602,1,2,20220919,25,5
16603,184,4,20210909,68,5
16604,200,2,20211219,48,1
16605,131,11,20210722,92,3
16606,101,9,20220915,8,1
16607,6,11,20240710,29,2
16608,55,2,20231010,41,5
16609,190,14,20230810,33,1
16610,147,1,20211019,44,2
16611,142,2,20210514,13,2
16612,192,4,20240919,56,3
16613,138,1,20220516,12,1
16614,28,1,20240828,32,2
16615,88,3,20210913,78,4
16616,223,9,20210920,61,1
16617,33,7,20231201,6,1
16618,105,9,20240223,41,5
16619,23,3,20231102,70,5
16620,184,7,20211022,2,2
16621,93,12,20231003,32,5
16622,220,7,20231102,96,5
16623,28,7,20230828,58,2
16624,55,9,20211207,27,1
16625,178,14,20220515,62,4
16626,155,5,20210803,37,1
16627,77,10,20210715,63,2
16628,236,12,20231210,92,2
16629,225,2,20211003,25,3
16630,79,14,20220805,21,1
16631,44,1,20210108,2,5
16632,116,1,20210207,29,5
16633,21,2,20240425,42,4
16634,227,1,20231024,36,5
16635,40,6,20220314,81,2
16636,140,10,20210317,70,3
16637,144,9,20230503,99,3
16638,227,10,20210113,94,3
16639,123,1,20210416,51,4
16640,22,10,20231224,5,2
16641,74,2,20241126,26,4
16642,159,6,20230804,52,3
16643,114,8,20210913,41,2
16644,37,4,20211119,79,5
16645,72,7,20240714,64,4
16646,63,1,20210924,17,1
16647,115,5,20230423,54,4
16648,216,3,20230716,75,1
16649,99,13,20210918,33,1
16650,69,11,20230703,14,5
16651,138,1,20230126,81,3
16652,80,12,20220426,13,1
16653,49,10,20221223,60,4
16654,19,12,20240814,82,3
16655,87,6,20220521,93,4
16656,46,9,20241213,79,1
16657,133,9,20240114,48,1
16658,188,7,20221007,25,5
16659,232,7,20240924,69,5
16660,30,8,20241108,6,4
16661,239,7,20230706,36,2
16662,151,7,20211215,39,2
16663,41,13,20240402,99,2
16664,10,12,20210810,25,5
16665,200,6,20230308,79,1
16666,222,7,20240718,44,5
16667,36,4,20240408,38,4
16668,66,2,20240328,29,3
16669,212,6,20230721,49,3
16670,250,12,20231125,15,1
16671,192,4,20240528,96,5
16672,136,13,20240321,44,2
16673,250,3,20241228,75,4
16674,113,4,20240605,59,3
16675,91,4,20241218,50,5
16676,12,12,20211205,12,3
16677,61,2,20240222,36,3
16678,145,4,20210710,85,4
16679,134,14,20240522,44,3
16680,151,2,20240416,97,3
16681,246,11,20220901,68,3
16682,36,4,20220715,39,5
16683,50,2,20231103,39,5
16684,137,3,20220425,68,1
16685,212,10,20240314,5,1
16686,243,13,20240521,38,3
16687,202,13,20220313,90,1
16688,100,7,20240513,68,5
16689,33,2,20241006,81,2
16690,165,3,20240728,68,3
16691,67,11,20230413,16,4
16692,230,8,20220202,58,5
16693,211,11,20240222,78,4
16694,181,4,20240614,67,2
16695,160,9,20221226,48,5
16696,71,4,20210908,67,3
16697,106,9,20230407,89,1
16698,122,13,20230803,79,3
16699,217,12,20240914,2,1
16700,105,3,20240301,5,2
16701,45,9,20240309,65,5
16702,135,8,20230402,0,4
16703,217,14,20230305,27,3
16704,198,12,20240303,96,1
16705,192,3,20230511,82,5
16706,70,6,20240218,32,4
16707,248,13,20241228,92,5
16708,174,11,20230123,8,4
16709,135,4,20210909,58,3
16710,22,10,20210605,32,3
16711,138,3,20241114,55,1
16712,226,6,20221103,79,2
16713,73,11,20211117,16,4
16714,199,14,20210127,29,3
16715,59,6,20240611,57,2
16716,140,3,20240405,57,5
16717,125,7,20210405,66,2
16718,116,12,20230620,26,5
16719,228,13,20220209,63,2
16720,128,14,20230304,47,3
16721,16,11,20241118,70,5
16722,232,4,20220107,71,3
16723,127,5,20230603,58,3
16724,245,5,20230320,54,5
16725,72,3,20210703,63,5
16726,34,9,20221009,54,1
16727,228,14,20230725,37,5
16728,136,6,20230410,6,1
16729,114,13,20230312,66,5
16730,53,9,20221114,3,5
16731,77,3,20230625,28,3
16732,132,3,20211202,98,5
16733,193,14,20220111,91,4
16734,48,14,20221109,24,3
16735,199,6,20220616,33,4
16736,217,11,20241108,52,4
16737,154,1,20210414,57,5
16738,101,3,20230606,82,1
16739,88,11,20241201,87,2
16740,192,7,20221021,9,5
16741,230,4,20240619,42,2
16742,221,2,20230119,25,3
16743,203,10,20240823,85,4
16744,54,14,20231116,0,3
16745,169,14,20231018,51,5
16746,171,3,20240420,50,5
16747,182,8,20221123,70,2
16748,240,7,20220723,41,5
16749,147,6,20210518,79,2
16750,26,10,20230401,4,3
16751,229,9,20240413,51,5
16752,73,1,20240607,18,3
16753,154,5,20230111,70,2
16754,122,10,20240512,6,4
16755,235,14,20231025,48,2
16756,3,12,20240515,42,4
16757,198,14,20230221,22,5
16758,47,13,20230407,90,4
16759,45,3,20230511,10,4
16760,191,11,20220111,13,4
16761,113,1,20211103,2,4
16762,117,4,20240208,90,4
16763,17,9,20240310,78,5
16764,71,14,20240713,58,5
16765,224,13,20240913,11,3
16766,79,2,20240221,47,3
16767,196,5,20230116,63,3
16768,61,9,20220914,48,5
16769,229,6,20220317,76,5
16770,198,13,20220710,64,4
16771,211,14,20240328,91,3
16772,227,6,20230104,57,5
16773,84,13,20210611,5,3
16774,88,3,20230803,42,4
16775,178,6,20220416,95,1
16776,234,1,20240719,54,5
16777,212,5,20220723,29,1
16778,75,12,20210323,49,3
16779,131,7,20240507,26,2
16780,161,2,20221113,61,1
16781,224,7,20230517,39,1
16782,195,6,20240816,25,3
16783,204,10,20230907,29,2
16784,225,14,20221028,46,5
16785,6,5,20211102,82,1
16786,61,5,20220125,72,3
16787,75,5,20221208,24,3
16788,91,6,20220723,55,5
16789,77,12,20210706,28,3
16790,7,7,20210913,62,3
16791,39,9,20220626,67,1
16792,108,11,20220102,2,5
16793,37,14,20221205,91,5
16794,210,2,20220923,15,5
16795,87,2,20240213,26,3
16796,22,4,20230622,44,4
16797,50,2,20240817,35,2
16798,156,1,20230506,56,4
16799,232,6,20220219,11,2
16800,144,12,20241117,3,4
16801,32,12,20210123,66,3
16802,69,3,20210803,49,4
16803,105,7,20210912,63,3
16804,37,10,20230614,29,1
16805,69,4,20220706,19,5
16806,148,4,20231203,76,3
16807,157,12,20230926,33,4
16808,189,2,20220607,40,2
16809,121,14,20221123,82,4
16810,40,4,20230414,89,3
16811,145,1,20240109,13,2
16812,21,13,20220426,54,2
16813,113,14,20240817,91,5
16814,47,6,20240810,62,5
16815,2,8,20230610,14,5
16816,161,11,20241028,56,4
16817,48,13,20230124,65,3
16818,72,1,20220321,4,5
16819,225,5,20220518,34,5
16820,201,6,20240926,26,5
16821,22,1,20230605,66,1
16822,239,11,20220109,9,5
16823,139,1,20240809,16,5
16824,112,6,20220307,16,2
16825,197,5,20231206,9,1
16826,123,14,20240925,45,3
16827,118,6,20230813,69,2
16828,33,12,20230821,90,3
16829,129,7,20220715,30,5
16830,190,7,20240919,27,2
16831,132,5,20240211,72,5
16832,249,3,20240917,32,1
16833,233,13,20210204,42,1
16834,102,14,20220110,9,2
16835,208,10,20211019,62,3
16836,222,10,20230516,72,5
16837,190,4,20211019,47,3
16838,218,5,20230417,70,3
16839,36,5,20240712,35,3
16840,139,3,20220112,66,5
16841,21,11,20221028,21,4
16842,211,4,20220820,85,3
16843,185,13,20240804,48,5
16844,151,8,20241021,30,1
16845,241,2,20230623,64,5
16846,225,2,20221121,34,5
16847,166,9,20231119,83,2
16848,45,12,20240405,71,3
16849,6,14,20240727,15,5
16850,160,2,20210917,89,5
16851,113,13,20230909,44,1
16852,194,9,20220609,72,3
16853,33,6,20220227,59,4
16854,137,13,20221114,52,3
16855,208,10,20220413,94,3
16856,70,10,20230606,73,5
16857,201,5,20241118,88,3
16858,14,5,20210313,66,3
16859,44,8,20211006,61,3
16860,226,8,20210720,51,2
16861,148,1,20220513,12,4
16862,151,5,20210412,40,3
16863,201,1,20210915,51,4
16864,91,6,20211008,52,3
16865,175,7,20230814,51,1
16866,140,12,20210518,27,5
16867,91,14,20240402,28,1
16868,82,2,20240424,0,3
16869,131,12,20231103,83,5
16870,122,12,20240616,81,4
16871,110,14,20230117,77,2
16872,238,1,20230225,82,5
16873,199,6,20220707,68,2
16874,60,3,20230113,20,1
16875,81,6,20240712,55,1
16876,188,14,20240203,34,4
16877,97,13,20231117,20,5
16878,196,8,20240211,23,2
16879,56,14,20220326,51,1
16880,73,5,20210624,21,3
16881,80,10,20230701,74,2
16882,207,13,20220218,61,1
16883,246,6,20221023,79,4
16884,160,1,20241208,33,1
16885,240,9,20211014,4,2
16886,104,1,20220623,19,4
16887,8,9,20221113,69,2
16888,186,14,20240420,47,3
16889,45,14,20240111,78,2
16890,13,2,20210108,10,3
16891,65,10,20220326,25,3
16892,152,3,20230809,7,4
16893,162,11,20220226,30,2
16894,39,11,20220225,40,2
16895,131,6,20230608,60,1
16896,95,3,20210227,94,4
16897,71,2,20210917,50,2
16898,42,5,20210324,68,4
16899,70,5,20211210,49,1
16900,72,12,20231201,71,1
16901,82,11,20220718,17,5
16902,189,5,20220506,53,5
16903,96,6,20221204,26,2
16904,190,11,20211119,66,3
16905,110,2,20240210,15,3
16906,132,9,20241107,62,1
16907,186,10,20240201,89,2
16908,114,9,20210612,31,2
16909,95,9,20231116,81,4
16910,195,11,20240104,22,3
16911,80,1,20221020,50,4
16912,71,9,20211221,77,2
16913,114,14,20220927,25,2
16914,40,6,20240425,23,5
16915,53,9,20240103,95,3
16916,14,9,20211219,66,5
16917,8,7,20240101,64,4
16918,234,10,20210127,56,5
16919,80,13,20230316,73,1
16920,47,2,20240120,98,4
16921,126,7,20240404,27,4
16922,174,7,20230612,5,1
16923,48,1,20210814,25,4
16924,17,12,20210807,36,2
16925,57,3,20220915,52,5
16926,83,1,20240903,26,1
16927,95,2,20210508,79,3
16928,54,9,20230901,95,2
16929,5,9,20210516,92,4
16930,115,7,20240318,70,1
16931,47,9,20230127,31,4
16932,92,8,20240805,93,4
16933,74,10,20210923,12,2
16934,246,1,20230916,1,1
16935,110,8,20240401,93,5
16936,146,13,20241124,31,3
16937,174,7,20230626,79,4
16938,192,13,20240417,16,1
16939,40,7,20220524,42,3
16940,145,4,20231220,54,4
16941,93,8,20230804,15,1
16942,160,5,20221106,17,5
16943,41,14,20230319,59,3
16944,247,7,20210621,93,2
16945,205,6,20210106,87,5
16946,203,1,20230822,16,2
16947,14,3,20231013,35,3
16948,168,5,20230501,69,2
16949,175,9,20211218,97,5
16950,20,2,20241214,95,1
16951,44,2,20210225,55,4
16952,78,2,20210224,14,1
16953,112,13,20210622,73,2
16954,80,7,20221218,82,1
16955,126,12,20230803,96,5
16956,117,5,20210210,43,2
16957,51,12,20220905,86,5
16958,50,5,20240421,54,3
16959,205,6,20221111,8,1
16960,187,9,20230305,63,4
16961,206,1,20240717,83,3
16962,62,6,20221005,9,4
16963,83,14,20230704,21,1
16964,197,7,20211017,85,1
16965,83,2,20240117,25,4
16966,127,10,20220417,28,3
16967,108,10,20240417,29,3
16968,133,14,20240814,91,4
16969,73,12,20220820,96,1
16970,193,4,20231109,95,1
16971,127,13,20210514,28,3
16972,113,5,20210719,20,3
16973,41,4,20221225,11,1
16974,41,10,20210121,96,2
16975,14,2,20210511,2,2
16976,47,3,20230117,85,3
16977,224,10,20231124,30,4
16978,135,1,20230921,69,2
16979,40,11,20221112,42,1
16980,2,10,20230617,72,4
16981,124,6,20230504,9,3
16982,113,6,20210403,37,1
16983,135,13,20210809,31,1
16984,104,10,20220228,53,4
16985,9,4,20230910,58,1
16986,165,8,20241212,96,4
16987,77,1,20230415,38,3
16988,117,11,20221025,12,4
16989,227,1,20230105,67,4
16990,49,13,20230211,64,1
16991,78,8,20220718,88,5
16992,176,9,20240214,15,4
16993,39,5,20240727,76,4
16994,164,9,20240403,90,5
16995,163,4,20230327,27,2
16996,7,12,20220125,40,1
16997,47,14,20230303,82,2
16998,140,11,20220414,49,1
16999,34,8,20230305,87,2
17000,241,3,20220103,54,4
17001,179,1,20230203,11,3
17002,18,3,20240726,13,5
17003,45,7,20220116,62,5
17004,121,10,20240610,63,3
17005,198,7,20220220,60,2
17006,147,13,20230703,11,3
17007,143,12,20230104,58,1
17008,106,14,20210716,54,5
17009,203,12,20230326,94,4
17010,184,5,20220928,28,2
17011,203,6,20210904,12,2
17012,165,10,20211023,13,4
17013,105,6,20221018,36,5
17014,6,6,20230607,83,4
17015,107,13,20231012,77,5
17016,69,2,20240223,29,2
17017,145,4,20221007,76,4
17018,118,1,20210628,79,3
17019,13,13,20221114,87,1
17020,155,8,20220924,86,3
17021,48,5,20211226,41,4
17022,13,8,20231015,5,2
17023,48,13,20210324,22,4
17024,39,2,20210526,62,1
17025,65,8,20231128,63,1
17026,145,9,20211224,46,5
17027,9,8,20221116,1,1
17028,139,4,20230826,39,4
17029,197,11,20220110,77,2
17030,170,13,20220712,8,4
17031,243,7,20230323,87,3
17032,49,14,20240128,66,1
17033,232,3,20230616,77,3
17034,130,7,20220124,81,1
17035,52,11,20210803,88,2
17036,153,11,20240509,17,2
17037,30,6,20241025,80,2
17038,48,8,20230907,32,5
17039,88,12,20230927,83,3
17040,249,5,20210725,58,4
17041,6,10,20230628,78,1
17042,139,7,20220901,6,1
17043,141,10,20220802,30,5
17044,123,11,20241202,83,1
17045,67,7,20210507,79,2
17046,67,5,20220128,45,5
17047,248,12,20210826,51,3
17048,164,7,20210713,54,5
17049,155,6,20240514,70,1
17050,225,6,20220427,77,4
17051,90,4,20211010,52,5
17052,138,7,20220613,84,2
17053,59,11,20240410,36,2
17054,5,11,20230606,12,1
17055,176,2,20240314,81,5
17056,93,1,20240622,11,1
17057,34,8,20241027,48,2
17058,174,4,20240816,82,4
17059,232,8,20220717,38,2
17060,126,9,20210707,97,5
17061,78,9,20241005,11,3
17062,176,14,20210304,54,3
17063,33,4,20210902,9,3
17064,23,13,20210105,98,2
17065,16,13,20220921,94,5
17066,180,2,20211124,28,2
17067,249,12,20231211,71,5
17068,74,13,20240926,0,3
17069,175,11,20211005,13,3
17070,119,4,20220404,29,2
17071,97,10,20220616,68,4
17072,220,7,20220316,73,2
17073,181,7,20240621,52,4
17074,138,5,20230124,25,1
17075,223,2,20241108,10,5
17076,76,14,20211217,99,2
17077,122,7,20210617,41,1
17078,218,4,20230606,60,4
17079,183,6,20210622,13,4
17080,183,3,20230507,70,3
17081,44,10,20221204,81,3
17082,120,2,20220720,52,1
17083,234,9,20221115,65,1
17084,55,14,20240203,93,5
17085,158,7,20220703,91,5
17086,123,6,20220125,78,2
17087,42,14,20240417,46,3
17088,147,3,20211219,34,1
17089,238,9,20240203,16,2
17090,238,2,20220901,98,3
17091,39,1,20211008,45,4
17092,223,11,20220310,71,3
17093,174,6,20240115,19,2
17094,130,4,20210623,35,3
17095,176,12,20240922,40,4
17096,162,8,20240904,51,4
17097,197,9,20221225,54,5
17098,108,10,20230921,36,2
17099,140,6,20241010,10,2
17100,1,12,20240409,3,5
17101,217,1,20220814,74,3
17102,27,5,20240813,94,5
17103,63,1,20211227,69,1
17104,245,1,20211006,48,2
17105,150,1,20220715,99,4
17106,96,8,20221004,29,5
17107,214,2,20240919,40,3
17108,249,4,20241113,80,5
17109,238,4,20210223,80,4
17110,205,12,20241013,70,3
17111,82,13,20230724,34,5
17112,237,13,20210625,38,2
17113,130,10,20220806,8,2
17114,209,6,20240907,40,1
17115,57,5,20220606,95,1
17116,164,2,20211022,81,1
17117,90,13,20220727,92,4
17118,232,4,20210424,23,2
17119,221,5,20210426,27,3
17120,48,9,20220925,1,3
17121,202,6,20220203,26,1
17122,87,4,20210220,19,3
17123,38,6,20230822,80,2
17124,33,1,20210307,74,4
17125,165,11,20241224,89,2
17126,203,3,20220527,7,5
17127,56,10,20210823,12,1
17128,211,5,20211216,60,5
17129,35,14,20210209,87,1
17130,226,4,20230401,19,4
17131,189,14,20220327,85,4
17132,58,2,20240719,88,5
17133,80,11,20220704,16,1
17134,168,11,20221219,70,4
17135,57,5,20230816,26,5
17136,181,2,20230217,62,5
17137,50,13,20220817,49,4
17138,23,10,20210623,11,1
17139,248,7,20240616,78,2
17140,239,6,20210928,4,3
17141,116,5,20240204,75,2
17142,98,14,20240222,74,1
17143,93,11,20220903,22,1
17144,188,11,20220223,35,3
17145,202,2,20231214,95,5
17146,26,12,20211224,67,2
17147,170,7,20240507,5,3
17148,188,1,20240816,49,4
17149,110,13,20241213,86,4
17150,157,7,20241215,40,1
17151,103,8,20240704,7,4
17152,134,10,20220702,8,1
17153,25,2,20240306,83,4
17154,196,12,20230517,63,2
17155,45,11,20230309,90,5
17156,114,11,20230209,21,4
17157,224,7,20220211,36,4
17158,21,4,20210808,59,1
17159,203,1,20230721,61,1
17160,17,1,20210821,26,3
17161,145,11,20210513,18,3
17162,68,2,20210128,95,4
17163,40,3,20220608,22,4
17164,86,11,20221018,99,2
17165,220,14,20240824,95,5
17166,129,3,20210713,75,2
17167,21,5,20241105,34,5
17168,156,5,20240603,65,2
17169,56,13,20210316,6,2
17170,21,5,20230308,84,5
17171,21,2,20220127,88,5
17172,132,4,20230813,86,5
17173,74,4,20230119,62,5
17174,2,9,20240205,69,4
17175,213,7,20221120,96,1
17176,3,11,20220127,33,2
17177,142,12,20240701,57,2
17178,228,12,20221026,95,4
17179,42,5,20210711,5,5
17180,50,12,20210613,10,5
17181,192,2,20210217,68,1
17182,228,4,20220513,9,3
17183,64,1,20220923,69,1
17184,125,6,20231116,70,5
17185,79,9,20211217,84,2
17186,179,2,20230508,15,2
17187,214,9,20220405,37,3
17188,231,14,20241104,50,4
17189,95,5,20210711,33,2
17190,148,1,20211104,96,3
17191,88,8,20230123,19,5
17192,77,9,20241211,79,3
17193,42,10,20240107,82,2
17194,199,2,20240302,96,3
17195,16,9,20230208,99,5
17196,140,4,20220702,16,4
17197,196,2,20240804,61,1
17198,97,13,20220607,30,2
17199,3,6,20240516,61,4
17200,57,3,20220418,59,5
17201,60,4,20220726,8,1
17202,8,6,20210503,75,1
17203,106,13,20220925,61,2
17204,119,7,20220904,11,3
17205,72,11,20230419,12,4
17206,87,8,20221223,6,3
17207,88,2,20221204,25,2
17208,148,11,20230518,47,1
17209,140,5,20220322,43,1
17210,87,8,20240412,33,5
17211,208,1,20230919,46,5
17212,131,8,20240128,87,4
17213,214,3,20230809,69,5
17214,106,12,20220528,83,3
17215,125,13,20240226,84,4
17216,52,13,20230119,36,2
17217,235,3,20220117,2,2
17218,58,11,20211014,45,3
17219,40,10,20230520,56,1
17220,9,2,20211120,9,4
17221,14,7,20240119,53,2
17222,61,2,20230715,6,2
17223,111,13,20230509,56,2
17224,56,7,20231110,98,4
17225,247,4,20210506,35,5
17226,173,9,20240302,62,2
17227,65,5,20220105,9,3
17228,132,1,20210713,47,3
17229,77,2,20240810,39,2
17230,225,1,20220203,5,3
17231,54,5,20240822,78,5
17232,179,7,20220704,4,4
17233,199,2,20220316,69,1
17234,221,4,20220111,43,3
17235,75,6,20230927,19,5
17236,142,2,20240313,48,1
17237,96,11,20240826,73,4
17238,109,7,20231128,44,4
17239,4,7,20240310,23,2
17240,120,2,20220623,2,4
17241,155,13,20230718,6,3
17242,136,1,20210628,83,1
17243,221,4,20241007,59,1
17244,224,12,20210823,19,3
17245,193,2,20240916,82,1
17246,43,14,20220422,10,2
17247,69,2,20230724,72,5
17248,103,1,20220910,64,1
17249,149,9,20210816,85,5
17250,9,6,20210601,1,2
17251,23,3,20240302,74,4
17252,10,10,20211012,95,5
17253,20,1,20210902,41,1
17254,171,11,20210525,46,5
17255,53,1,20220120,74,4
17256,27,14,20240527,71,5
17257,113,8,20220119,82,3
17258,212,12,20240916,88,4
17259,113,3,20221216,55,4
17260,176,3,20240405,33,2
17261,129,5,20240102,9,5
17262,20,4,20240811,66,3
17263,187,8,20220219,34,2
17264,85,14,20240826,29,5
17265,111,10,20210820,45,4
17266,87,12,20211119,28,3
17267,155,3,20211213,69,2
17268,115,2,20231216,54,2
17269,82,3,20240203,87,1
17270,130,11,20240815,95,2
17271,76,5,20240613,17,2
17272,231,1,20210406,34,1
17273,226,2,20221208,14,4
17274,91,11,20241208,87,5
17275,199,5,20241005,52,5
17276,11,6,20231106,53,4
17277,218,3,20211005,58,1
17278,129,6,20210723,48,4
17279,75,9,20210416,95,4
17280,218,7,20221018,69,1
17281,160,14,20220518,13,1
17282,140,4,20230816,85,5
17283,108,6,20210416,19,3
17284,81,13,20220707,93,5
17285,56,13,20210304,36,1
17286,103,11,20241219,80,3
17287,217,4,20240615,7,5
17288,237,3,20210327,58,2
17289,144,2,20230304,9,5
17290,116,11,20231013,5,4
17291,182,9,20221113,41,5
17292,145,3,20230211,28,1
17293,168,3,20230325,5,3
17294,113,2,20211225,46,1
17295,41,2,20220607,15,3
17296,19,11,20220819,46,5
17297,127,6,20240219,30,4
17298,89,4,20230616,14,1
17299,89,4,20220913,47,4
17300,105,14,20220520,57,4
17301,99,13,20241201,78,5
17302,229,1,20220102,76,2
17303,27,13,20210415,51,5
17304,201,10,20220818,42,5
17305,7,6,20240408,89,2
17306,185,1,20240221,63,5
17307,115,1,20220511,84,1
17308,103,14,20210323,97,3
17309,37,11,20210722,45,4
17310,139,14,20241011,42,3
17311,29,6,20221107,35,1
17312,249,7,20240922,52,2
17313,214,10,20220918,13,5
17314,239,8,20230426,94,5
17315,195,13,20220214,33,4
17316,44,11,20240725,14,5
17317,127,13,20220506,31,2
17318,250,2,20241028,90,1
17319,249,5,20231005,92,2
17320,45,2,20221201,19,4
17321,162,9,20240312,7,1
17322,227,14,20210123,35,1
17323,115,1,20210125,66,3
17324,18,3,20241121,51,5
17325,229,10,20210713,7,1
17326,34,14,20210807,87,3
17327,81,12,20240523,38,5
17328,210,9,20231019,65,1
17329,69,1,20220618,24,4
17330,69,5,20211126,50,4
17331,155,12,20220801,88,3
17332,224,4,20210108,18,3
17333,173,11,20240327,42,3
17334,135,9,20220913,95,5
17335,109,11,20241024,55,3
17336,68,6,20221016,35,5
17337,44,3,20210328,4,1
17338,165,14,20220710,65,1
17339,182,8,20220305,49,4
17340,142,13,20240306,73,3
17341,193,5,20230525,2,3
17342,116,5,20230603,11,3
17343,102,2,20220705,67,4
17344,132,9,20220105,44,2
17345,152,4,20230926,83,4
17346,242,2,20211225,1,5
17347,35,13,20220212,17,3
17348,4,9,20231216,5,4
17349,80,9,20210823,19,5
17350,224,3,20230524,32,3
17351,249,11,20230421,97,3
17352,126,2,20220422,71,1
17353,52,9,20240909,13,4
17354,85,3,20211018,7,5
17355,223,10,20230621,19,2
17356,218,7,20210322,43,3
17357,87,2,20210123,40,3
17358,67,4,20210406,33,3
17359,224,1,20210706,52,3
17360,79,6,20230505,7,5
17361,18,2,20220723,68,1
17362,247,9,20230707,26,1
17363,168,9,20240625,19,5
17364,166,1,20220726,32,5
17365,101,7,20241220,32,1
17366,7,12,20220415,2,4
17367,141,9,20221212,57,4
17368,236,13,20210218,76,3
17369,6,3,20211125,24,3
17370,82,12,20230602,18,2
17371,66,3,20210212,96,1
17372,27,1,20240705,20,1
17373,83,10,20241012,57,3
17374,214,7,20221012,99,4
17375,68,5,20220509,52,4
17376,20,7,20240806,79,1
17377,28,6,20231016,36,1
17378,246,5,20220926,24,3
17379,190,9,20240823,91,2
17380,157,9,20210903,91,3
17381,36,2,20220903,80,2
17382,232,8,20240808,15,4
17383,1,4,20210802,71,1
17384,171,9,20231106,46,1
17385,146,6,20230226,11,1
17386,32,8,20230301,96,3
17387,178,4,20210614,89,1
17388,69,2,20210302,31,1
17389,125,6,20210823,75,2
17390,38,11,20210315,69,1
17391,21,7,20220426,50,5
17392,12,4,20241025,62,2
17393,115,7,20240114,29,2
17394,197,1,20210107,3,4
17395,61,6,20240511,81,4
17396,95,11,20210419,63,1
17397,17,2,20221009,87,4
17398,101,4,20220212,31,5
17399,66,8,20210413,44,1
17400,45,8,20211103,77,4
17401,222,8,20240422,41,1
17402,46,3,20210323,42,4
17403,64,5,20240112,15,2
17404,43,10,20230114,43,4
17405,180,2,20240811,80,5
17406,48,2,20220120,84,2
17407,63,10,20230126,27,1
17408,222,2,20220616,50,2
17409,126,1,20221108,42,1
17410,136,6,20240925,21,2
17411,30,14,20240922,62,4
17412,215,13,20210326,14,3
17413,124,3,20231108,77,5
17414,121,9,20220905,76,1
17415,60,10,20230804,32,2
17416,63,5,20240925,82,3
17417,236,7,20210110,18,2
17418,72,2,20210805,42,3
17419,234,8,20230114,17,5
17420,99,9,20210506,65,2
17421,133,8,20230626,37,1
17422,108,6,20220902,29,4
17423,158,2,20230328,47,1
17424,111,11,20230506,27,1
17425,65,1,20210125,57,4
17426,25,10,20211127,50,3
17427,237,9,20210515,83,5
17428,84,12,20240421,17,5
17429,51,6,20221015,71,2
17430,224,13,20230319,31,3
17431,127,12,20240614,28,3
17432,33,12,20211224,44,3
17433,98,13,20210514,92,1
17434,121,13,20230921,12,5
17435,217,12,20231007,44,5
17436,109,3,20221201,73,5
17437,157,8,20230307,65,3
17438,115,13,20240504,16,1
17439,4,6,20240624,37,2
17440,113,7,20231007,39,4
17441,121,3,20220915,56,3
17442,112,11,20220105,63,5
17443,163,5,20210914,59,2
17444,237,10,20220220,1,1
17445,18,14,20230422,1,2
17446,92,7,20220904,56,5
17447,14,1,20220203,43,2
17448,240,10,20240713,51,3
17449,98,3,20221001,21,3
17450,146,11,20220506,91,4
17451,8,1,20210228,8,5
17452,138,8,20220815,35,2
17453,42,8,20221210,98,4
17454,6,12,20240928,8,1
17455,245,11,20240825,15,2
17456,39,12,20241121,81,1
17457,89,14,20220715,6,1
17458,195,14,20240716,40,3
17459,26,7,20220808,20,3
17460,35,14,20211212,9,3
17461,33,8,20220826,93,2
17462,203,10,20210505,66,1
17463,10,7,20240628,6,4
17464,48,5,20210116,4,5
17465,19,14,20220326,73,5
17466,90,5,20230519,32,1
17467,130,13,20241012,30,1
17468,136,7,20220717,11,2
17469,229,9,20241209,26,3
17470,236,1,20210518,94,2
17471,206,8,20220503,53,5
17472,98,6,20230105,68,3
17473,221,2,20240415,4,1
17474,2,11,20221116,60,4
17475,250,10,20240528,85,3
17476,110,1,20230220,35,3
17477,129,11,20230410,47,1
17478,80,9,20240902,62,3
17479,225,11,20240205,38,5
17480,69,10,20230627,64,3
17481,7,3,20240608,31,4
17482,96,8,20240801,23,4
17483,12,8,20240103,10,4
17484,198,14,20210316,86,4
17485,210,10,20231007,28,3
17486,153,11,20210702,12,2
17487,9,1,20240122,26,5
17488,200,3,20240501,15,4
17489,247,10,20241021,3,3
17490,144,10,20220406,77,3
17491,123,6,20241006,71,3
17492,131,8,20241118,41,3
17493,29,2,20210427,25,4
17494,238,11,20220707,59,1
17495,25,14,20240419,2,2
17496,152,1,20221024,32,1
17497,209,8,20230722,80,2
17498,22,13,20230718,5,5
17499,176,2,20241207,18,3
17500,77,14,20240606,43,2
17501,214,13,20221128,35,1
17502,230,2,20230212,73,3
17503,57,13,20230815,26,5
17504,94,11,20240401,44,2
17505,240,1,20211006,36,3
17506,117,13,20240425,16,4
17507,117,14,20210921,65,3
17508,144,4,20220821,23,5
17509,217,6,20240712,35,5
17510,61,12,20241021,85,5
17511,157,2,20220613,23,4
17512,198,6,20221221,60,2
17513,161,5,20241217,74,2
17514,246,14,20210904,80,2
17515,187,9,20220809,72,1
17516,161,1,20220323,52,3
17517,250,7,20230809,7,4
17518,247,11,20231004,59,4
17519,141,11,20241209,15,2
17520,11,7,20210922,73,2
17521,32,7,20220223,48,5
17522,210,7,20240709,29,2
17523,209,8,20220103,16,5
17524,188,6,20210507,25,2
17525,94,6,20211125,62,3
17526,206,4,20230927,17,3
17527,127,1,20210508,95,2
17528,127,1,20221207,27,3
17529,219,7,20210309,70,4
17530,48,2,20210924,58,4
17531,121,8,20230116,30,2
17532,68,3,20211015,0,1
17533,95,5,20230321,8,5
17534,26,1,20210708,19,1
17535,205,3,20220427,46,1
17536,30,4,20220620,90,1
17537,12,14,20211128,33,4
17538,250,11,20230225,21,3
17539,232,14,20241225,43,2
17540,213,3,20231002,20,5
17541,203,11,20230922,68,3
17542,22,4,20220918,54,2
17543,188,3,20210725,66,3
17544,213,6,20231003,89,5
17545,160,2,20210920,42,4
17546,11,1,20211118,97,3
17547,91,8,20220205,87,3
17548,245,8,20230621,84,2
17549,73,1,20220408,45,4
17550,232,11,20240405,52,4
17551,58,2,20241208,71,1
17552,51,8,20210809,17,5
17553,100,7,20241026,74,5
17554,135,2,20230102,1,2
17555,187,1,20230501,55,4
17556,29,7,20220322,1,5
17557,12,12,20220205,68,4
17558,186,1,20221215,41,5
17559,94,7,20231012,30,1
17560,243,10,20241204,51,5
17561,234,4,20241025,84,1
17562,182,2,20210617,37,1
17563,143,8,20220706,70,3
17564,6,2,20240127,85,1
17565,180,4,20210428,31,1
17566,66,14,20210114,75,4
17567,242,3,20230125,77,2
17568,95,2,20220226,43,4
17569,142,10,20240126,70,2
17570,1,13,20230803,87,5
17571,218,12,20220216,86,1
17572,151,14,20220313,21,5
17573,238,11,20210208,86,3
17574,230,7,20230915,69,3
17575,228,9,20220820,14,4
17576,158,8,20230226,20,5
17577,41,2,20240722,4,5
17578,76,5,20220614,56,5
17579,84,11,20230820,17,1
17580,229,1,20240519,6,4
17581,173,13,20220406,91,5
17582,1,9,20230321,0,5
17583,242,2,20240920,90,2
17584,102,9,20210719,1,1
17585,185,11,20220717,78,1
17586,144,2,20230908,21,1
17587,218,7,20240718,37,2
17588,107,5,20231228,31,5
17589,245,9,20230128,77,5
17590,76,3,20210626,63,4
17591,96,2,20211213,75,2
17592,60,11,20220514,61,3
17593,7,3,20240623,68,1
17594,177,14,20211009,8,5
17595,141,5,20211223,10,5
17596,70,4,20221126,84,4
17597,147,9,20230427,66,2
17598,133,14,20240405,1,4
17599,122,6,20220104,84,3
17600,59,2,20220621,7,5
17601,20,11,20230522,42,4
17602,239,3,20211219,52,5
17603,142,9,20230420,3,4
17604,167,10,20221120,31,1
17605,169,6,20230419,55,1
17606,246,6,20211003,2,2
17607,150,9,20230220,99,4
17608,95,14,20220306,32,2
17609,237,7,20220909,17,1
17610,43,12,20230111,28,3
17611,20,9,20230717,72,4
17612,106,4,20240313,26,1
17613,246,14,20241119,33,5
17614,161,1,20231208,73,1
17615,91,2,20240220,41,3
17616,51,14,20210607,34,4
17617,34,7,20230310,89,3
17618,219,12,20220828,36,2
17619,225,3,20220119,73,1
17620,10,2,20230603,36,1
17621,32,1,20230609,94,5
17622,110,8,20220602,94,2
17623,151,1,20221012,80,4
17624,193,2,20220410,6,2
17625,219,2,20210522,79,3
17626,146,4,20210903,42,1
17627,178,3,20220419,24,4
17628,222,11,20220610,4,3
17629,73,1,20231217,15,5
17630,67,3,20230827,30,5
17631,97,4,20240605,38,4
17632,192,9,20240827,53,5
17633,187,1,20231205,73,2
17634,4,3,20241210,83,3
17635,236,11,20220924,83,1
17636,225,5,20221203,61,4
17637,83,11,20230621,94,2
17638,211,8,20240420,98,2
17639,167,9,20210506,44,3
17640,220,3,20210210,85,2
17641,132,10,20210413,91,4
17642,44,12,20230822,90,1
17643,52,5,20230524,76,3
17644,26,5,20210615,33,2
17645,99,5,20211021,64,1
17646,194,2,20210415,43,1
17647,143,2,20211206,73,3
17648,36,3,20211213,35,1
17649,130,4,20220518,86,4
17650,146,12,20230723,64,1
17651,113,10,20210904,45,3
17652,11,13,20210924,29,3
17653,94,5,20231013,84,2
17654,121,9,20240927,88,4
17655,28,14,20241226,26,4
17656,28,2,20220604,15,2
17657,51,6,20220413,62,4
17658,244,14,20210507,13,2
17659,114,4,20230108,73,2
17660,203,1,20240303,60,2
17661,136,10,20230526,13,1
17662,97,10,20230302,29,3
17663,159,6,20240624,9,2
17664,177,1,20220315,7,1
17665,8,12,20241118,36,2
17666,157,13,20230524,93,1
17667,52,3,20241116,61,2
17668,118,4,20241022,49,4
17669,186,3,20220826,19,1
17670,221,13,20241025,86,2
17671,2,5,20220127,49,3
17672,127,9,20240706,51,3
17673,241,5,20230915,16,1
17674,174,4,20240313,22,2
17675,19,8,20210316,10,4
17676,35,9,20220419,42,3
17677,180,13,20240421,25,1
17678,85,1,20230713,6,1
17679,18,5,20240924,77,3
17680,209,11,20230711,79,2
17681,87,8,20240617,57,4
17682,31,12,20230301,70,1
17683,160,8,20220606,70,3
17684,53,4,20230408,74,2
17685,182,2,20210303,6,2
17686,94,9,20210304,47,2
17687,123,13,20221128,65,3
17688,117,12,20230503,70,1
17689,167,7,20220805,65,3
17690,114,11,20210509,93,4
17691,194,6,20230304,76,1
17692,169,5,20240725,57,4
17693,216,7,20210327,50,3
17694,142,13,20220516,23,1
17695,117,6,20211209,95,5
17696,147,7,20210207,93,3
17697,226,4,20210504,95,4
17698,170,14,20240409,85,2
17699,179,3,20240316,16,2
17700,61,6,20230328,40,4
17701,90,10,20221019,76,3
17702,176,12,20230405,10,2
17703,96,3,20210903,5,3
17704,71,8,20240119,47,1
17705,32,2,20240102,49,5
17706,2,13,20210119,81,4
17707,245,1,20210310,32,4
17708,62,7,20240904,96,3
17709,173,5,20240326,48,5
17710,166,3,20240309,94,2
17711,124,8,20210310,39,5
17712,62,10,20220918,58,4
17713,58,13,20210709,34,4
17714,28,8,20230307,68,3
17715,155,14,20230907,38,5
17716,248,4,20210503,73,4
17717,48,8,20230705,78,5
17718,185,1,20241101,31,4
17719,78,4,20240322,44,1
17720,231,8,20221206,50,3
17721,36,7,20210714,87,3
17722,203,2,20230623,94,3
17723,102,4,20210128,19,3
17724,1,7,20240508,18,2
17725,123,14,20241122,83,3
17726,142,8,20211104,28,5
17727,249,7,20240122,39,2
17728,238,3,20230611,36,4
17729,18,13,20220611,60,1
17730,189,4,20210611,6,4
17731,89,13,20220701,82,2
17732,228,5,20240313,65,2
17733,120,14,20240304,39,1
17734,228,3,20240121,93,3
17735,50,13,20210610,35,2
17736,144,11,20241103,90,5
17737,160,12,20231108,76,2
17738,202,6,20240903,50,4
17739,137,5,20220323,15,4
17740,186,12,20230515,8,1
17741,1,5,20241210,2,3
17742,43,5,20210203,23,2
17743,44,9,20221011,77,5
17744,98,8,20210319,48,3
17745,46,14,20210117,27,5
17746,183,7,20211015,25,4
17747,11,10,20221225,80,3
17748,103,9,20220926,21,1
17749,106,10,20240305,75,4
17750,246,7,20221016,48,5
17751,206,9,20240802,38,2
17752,224,4,20211220,77,3
17753,143,2,20230805,8,1
17754,70,1,20210418,55,3
17755,189,10,20230110,50,1
17756,50,9,20210524,66,2
17757,73,6,20220312,6,3
17758,111,9,20241115,78,5
17759,212,9,20230328,87,2
17760,138,12,20230209,35,4
17761,199,8,20211212,66,3
17762,65,2,20220415,13,3
17763,112,2,20211209,86,1
17764,241,2,20210218,20,5
17765,242,2,20210809,73,3
17766,221,1,20210327,99,2
17767,233,5,20241117,21,2
17768,196,1,20220702,10,5
17769,60,1,20220610,33,5
17770,38,10,20241007,26,1
17771,207,2,20210619,7,3
17772,187,11,20210126,61,1
17773,130,7,20230903,51,1
17774,133,9,20211220,31,3
17775,169,9,20220702,30,5
17776,111,14,20220625,60,5
17777,217,5,20221205,84,1
17778,160,6,20231105,39,2
17779,242,5,20220519,44,2
17780,240,8,20240506,12,3
17781,157,2,20211214,70,3
17782,95,7,20230610,83,3
17783,42,14,20220320,24,4
17784,59,4,20230118,42,2
17785,3,7,20240528,33,3
17786,22,6,20230422,12,5
17787,229,11,20231009,53,5
17788,16,9,20210923,89,5
17789,2,2,20210628,1,4
17790,45,11,20230401,97,3
17791,233,14,20210619,75,5
17792,210,5,20240318,77,4
17793,30,5,20231020,36,2
17794,235,10,20220915,85,2
17795,163,1,20210112,86,5
17796,119,3,20211216,4,2
17797,112,6,20240126,59,4
17798,134,11,20210418,18,2
17799,48,7,20211020,87,4
17800,148,13,20210921,29,1
17801,57,14,20240623,33,3
17802,193,4,20220407,66,2
17803,207,7,20211012,91,2
17804,65,3,20231210,94,1
17805,31,14,20240925,88,2
17806,40,12,20210807,14,4
17807,202,7,20231110,88,5
17808,135,5,20210212,22,5
17809,171,6,20220921,38,1
17810,161,10,20221019,73,4
17811,231,3,20220815,54,1
17812,19,13,20220128,37,4
17813,103,6,20230606,25,4
17814,223,3,20220304,62,2
17815,241,1,20240618,27,4
17816,236,10,20211222,18,2
17817,30,9,20240607,57,1
17818,38,11,20210716,80,3
17819,146,9,20210727,50,1
17820,170,3,20221003,0,4
17821,62,10,20211217,19,5
17822,12,1,20240401,6,2
17823,170,6,20221117,13,4
17824,74,4,20240607,43,3
17825,219,5,20231008,66,4
17826,250,9,20240824,98,5
17827,39,3,20241208,81,4
17828,232,1,20220209,97,1
17829,182,11,20220417,34,2
17830,154,7,20240126,48,1
17831,120,4,20220811,38,4
17832,240,6,20220810,23,1
17833,241,11,20220901,9,5
17834,31,4,20210704,25,3
17835,170,9,20240126,60,4
17836,167,8,20230410,34,3
17837,246,8,20220510,17,1
17838,19,2,20241109,39,2
17839,178,13,20240611,17,2
17840,89,10,20210603,52,2
17841,70,4,20220521,83,2
17842,134,1,20210427,16,4
17843,85,2,20230428,96,2
17844,94,2,20221021,50,4
17845,237,1,20240608,75,3
17846,53,4,20230110,68,1
17847,27,2,20220205,47,5
17848,117,7,20240116,5,4
17849,211,12,20231108,15,3
17850,114,5,20230608,44,1
17851,157,7,20240122,21,1
17852,138,8,20240107,95,4
17853,16,5,20221201,17,1
17854,117,14,20220728,0,3
17855,248,7,20210505,75,2
17856,109,12,20211002,0,2
17857,86,9,20231002,53,3
17858,170,5,20230323,28,4
17859,225,13,20221021,45,1
17860,103,9,20210605,86,1
17861,12,2,20210923,52,1
17862,190,13,20240806,70,3
17863,131,2,20211107,17,1
17864,61,4,20230601,26,5
17865,43,1,20230312,15,1
17866,110,12,20231202,48,3
17867,100,1,20220412,83,3
17868,219,12,20220205,40,2
17869,239,10,20240901,93,3
17870,171,6,20221001,11,4
17871,85,8,20220305,10,5
17872,71,2,20210306,35,4
17873,89,10,20210609,82,3
17874,121,2,20210512,11,4
17875,12,5,20210302,15,3
17876,105,12,20240527,43,2
17877,151,10,20230303,27,4
17878,42,4,20240215,23,1
17879,70,5,20240105,14,3
17880,67,9,20240707,68,2
17881,247,3,20220701,27,1
17882,233,11,20220904,44,2
17883,194,11,20210523,90,2
17884,23,2,20231023,74,2
17885,8,5,20241112,62,1
17886,205,8,20230226,23,2
17887,105,13,20210122,58,5
17888,134,14,20230518,36,3
17889,217,9,20241022,3,4
17890,206,8,20210528,85,3
17891,109,6,20230110,1,3
17892,2,10,20220921,98,2
17893,216,1,20241003,61,5
17894,77,2,20240625,26,3
17895,227,13,20240628,53,2
17896,245,10,20220115,47,4
17897,240,12,20230811,48,2
17898,113,3,20211025,33,1
17899,126,13,20220225,30,1
17900,134,9,20210813,49,1
17901,98,5,20230517,19,3
17902,28,11,20230314,42,1
17903,140,13,20211021,49,5
17904,130,1,20240613,72,3
17905,241,10,20230707,72,3
17906,34,13,20210718,90,1
17907,219,14,20210211,47,4
17908,168,14,20221021,8,5
17909,130,2,20240418,17,5
17910,70,3,20240914,84,3
17911,112,9,20210310,30,2
17912,200,13,20230507,45,4
17913,199,12,20230427,73,4
17914,212,3,20240610,81,3
17915,75,8,20241209,37,5
17916,174,12,20230210,97,3
17917,142,7,20230821,20,4
17918,216,4,20230312,86,3
17919,162,1,20221014,37,4
17920,84,14,20211212,37,3
17921,87,7,20210318,46,1
17922,53,3,20211106,95,5
17923,1,14,20230113,63,5
17924,167,5,20240808,9,1
17925,24,1,20230125,87,3
17926,186,2,20220302,28,5
17927,80,2,20230711,87,4
17928,119,5,20241124,99,4
17929,155,10,20210915,34,4
17930,59,2,20240917,89,3
17931,135,11,20220923,54,5
17932,53,11,20210821,82,5
17933,118,8,20210728,21,5
17934,38,2,20241121,10,3
17935,105,11,20230128,86,2
17936,125,11,20220828,96,5
17937,44,2,20241122,45,1
17938,231,12,20220917,19,1
17939,159,12,20210313,11,4
17940,124,9,20221208,84,4
17941,30,6,20240518,88,5
17942,225,12,20240710,74,1
17943,158,14,20220713,83,1
17944,134,8,20240310,92,5
17945,240,10,20210714,14,5
17946,148,5,20230418,35,4
17947,29,5,20240824,14,3
17948,172,5,20220825,33,4
17949,176,1,20210918,37,2
17950,73,13,20230919,91,2
17951,23,10,20230920,34,4
17952,239,13,20240218,5,2
17953,245,11,20230816,21,3
17954,2,7,20221005,74,2
17955,135,6,20220428,86,4
17956,87,14,20240414,48,5
17957,247,5,20220321,21,3
17958,184,8,20220423,64,3
17959,165,13,20220513,44,3
17960,173,8,20240112,4,4
17961,158,13,20210508,13,2
17962,191,2,20230609,74,5
17963,12,2,20240202,74,1
17964,232,3,20220914,88,2
17965,141,10,20241023,43,4
17966,102,13,20211108,16,1
17967,127,5,20230309,70,1
17968,139,5,20220818,28,3
17969,77,13,20241004,22,1
17970,49,1,20230724,61,3
17971,34,1,20240520,19,1
17972,117,4,20230214,45,2
17973,9,5,20241216,97,1
17974,130,12,20220427,21,1
17975,165,11,20210322,30,3
17976,107,9,20230519,53,4
17977,174,10,20230218,85,2
17978,58,6,20230625,68,5
17979,229,2,20230325,8,5
17980,62,7,20210126,3,5
17981,250,1,20230112,58,2
17982,230,2,20210826,32,1
17983,173,3,20241015,91,2
17984,186,9,20240716,71,1
17985,174,13,20230109,27,3
17986,244,10,20221125,13,2
17987,16,13,20230202,58,4
17988,191,10,20241222,59,1
17989,195,8,20210317,56,2
17990,246,12,20210723,5,5
17991,152,5,20220224,37,3
17992,185,7,20210519,6,4
17993,166,10,20211226,70,5
17994,90,8,20220524,24,4
17995,97,6,20230122,85,1
17996,95,12,20230820,19,3
17997,128,13,20230409,65,4
17998,59,9,20220225,41,2
17999,170,4,20230222,53,3
18000,52,2,20240101,12,3
18001,205,7,20240625,91,3
18002,14,14,20240106,18,1
18003,205,7,20210119,67,3
18004,207,6,20211207,36,4
18005,26,10,20221021,21,5
18006,169,3,20230713,90,3
18007,250,10,20240627,30,4
18008,125,14,20220413,34,2
18009,225,8,20221111,86,5
18010,71,9,20240815,37,1
18011,231,11,20210521,81,4
18012,223,11,20210919,33,2
18013,117,1,20221003,96,3
18014,159,7,20221012,91,2
18015,214,12,20220222,59,2
18016,135,10,20210610,39,1
18017,56,2,20241105,19,2
18018,65,14,20230407,47,4
18019,54,4,20210114,58,2
18020,76,7,20210424,82,4
18021,178,8,20240612,37,5
18022,227,2,20210705,94,5
18023,235,9,20241115,70,3
18024,95,12,20240606,45,4
18025,202,13,20241219,60,1
18026,183,5,20220619,56,5
18027,115,12,20221208,47,5
18028,111,11,20231211,34,5
18029,94,4,20240713,21,1
18030,33,2,20241127,0,1
18031,208,14,20210809,53,4
18032,20,12,20221008,73,2
18033,53,6,20231017,21,4
18034,119,8,20220321,93,5
18035,17,5,20240715,63,2
18036,144,5,20240319,35,2
18037,216,2,20240723,86,4
18038,240,4,20221120,1,5
18039,94,3,20220419,96,5
18040,23,9,20221125,92,3
18041,248,10,20230311,70,3
18042,169,6,20220614,3,1
18043,174,11,20210917,25,2
18044,94,3,20211016,28,3
18045,69,3,20220708,67,4
18046,171,6,20210627,79,4
18047,109,4,20210828,65,3
18048,1,3,20240420,86,1
18049,106,14,20210524,91,1
18050,171,7,20230421,71,2
18051,202,7,20240818,7,1
18052,9,2,20220523,81,4
18053,91,12,20231124,90,5
18054,14,6,20220119,66,1
18055,146,10,20240718,68,2
18056,137,8,20230113,21,4
18057,169,4,20231126,92,1
18058,221,1,20210509,91,5
18059,50,9,20240203,63,3
18060,117,8,20220221,33,2
18061,66,7,20210717,68,5
18062,141,7,20220712,15,1
18063,236,12,20220412,47,4
18064,116,9,20240122,41,3
18065,53,14,20240524,23,2
18066,60,13,20220916,33,4
18067,10,2,20240318,55,4
18068,105,14,20230107,73,4
18069,171,5,20210211,21,2
18070,162,13,20231217,27,5
18071,8,6,20210405,36,4
18072,226,5,20231012,8,1
18073,240,14,20210208,79,1
18074,188,3,20240916,23,4
18075,76,2,20230119,85,3
18076,113,8,20240719,52,3
18077,198,12,20220905,32,3
18078,48,6,20220819,32,5
18079,242,6,20230709,54,4
18080,250,4,20240704,4,5
18081,45,1,20241217,13,3
18082,12,10,20230622,13,5
18083,40,5,20240908,70,4
18084,56,7,20241106,6,1
18085,230,8,20221118,40,5
18086,82,10,20241227,36,1
18087,56,14,20210305,33,4
18088,74,13,20231024,19,5
18089,99,11,20230413,18,4
18090,86,7,20220906,94,4
18091,189,12,20240115,26,5
18092,197,2,20230513,26,3
18093,112,4,20230914,99,5
18094,58,9,20220508,73,3
18095,111,5,20211016,11,4
18096,228,10,20210910,42,3
18097,55,1,20241113,19,1
18098,241,6,20220213,26,4
18099,141,14,20210104,81,2
18100,164,5,20230614,17,5
18101,60,5,20230702,23,4
18102,145,13,20240712,60,2
18103,89,13,20240325,67,1
18104,71,1,20220122,99,5
18105,230,12,20210710,19,5
18106,1,11,20220308,55,5
18107,90,6,20240428,6,1
18108,237,1,20210215,45,5
18109,207,2,20210201,67,5
18110,145,9,20211102,0,1
18111,242,4,20210523,49,2
18112,167,11,20220225,53,1
18113,44,5,20230702,2,2
18114,212,13,20230915,70,4
18115,235,5,20240226,5,5
18116,248,13,20230912,55,5
18117,41,11,20230621,79,5
18118,231,9,20230505,64,5
18119,190,10,20240225,27,2
18120,58,11,20221222,53,4
18121,202,2,20231010,74,4
18122,84,8,20220227,48,2
18123,220,11,20230617,33,4
18124,197,12,20230817,53,1
18125,219,9,20230624,36,4
18126,9,3,20210808,39,1
18127,129,4,20230609,86,1
18128,189,3,20241115,57,2
18129,240,5,20220822,5,5
18130,124,12,20230302,25,1
18131,176,1,20240311,72,3
18132,126,8,20210920,58,1
18133,38,9,20210412,70,1
18134,24,14,20240624,95,4
18135,98,11,20220121,2,2
18136,239,4,20240922,24,3
18137,173,6,20240513,73,5
18138,87,13,20241106,30,1
18139,211,2,20240116,42,1
18140,140,7,20231213,38,4
18141,193,9,20211227,65,3
18142,87,9,20240111,91,5
18143,203,4,20241206,81,4
18144,196,7,20211104,86,2
18145,88,12,20211012,48,3
18146,242,9,20240421,36,5
18147,18,4,20211102,61,4
18148,185,2,20220115,69,4
18149,122,9,20230708,8,5
18150,225,1,20221009,95,3
18151,77,11,20220815,73,5
18152,54,9,20240602,52,3
18153,233,7,20211227,51,2
18154,170,13,20221123,58,3
18155,241,4,20240419,66,5
18156,107,14,20220423,34,4
18157,89,2,20240802,17,4
18158,186,8,20230314,66,2
18159,80,6,20240611,51,1
18160,15,10,20211006,87,3
18161,171,12,20230809,35,5
18162,137,9,20240803,10,4
18163,168,12,20220202,56,4
18164,159,10,20240410,99,5
18165,209,10,20240325,30,4
18166,5,2,20240406,56,2
18167,139,11,20211211,25,3
18168,220,3,20230701,9,1
18169,218,10,20240728,82,3
18170,168,8,20221204,48,1
18171,119,11,20240804,1,3
18172,189,7,20210825,44,1
18173,19,9,20230215,33,5
18174,167,12,20240325,98,1
18175,83,6,20210514,97,5
18176,228,3,20240126,50,2
18177,141,8,20241110,66,1
18178,233,10,20230102,34,4
18179,154,14,20240607,88,4
18180,227,9,20220807,10,1
18181,165,14,20220622,50,5
18182,83,4,20230710,50,3
18183,223,8,20230512,92,4
18184,119,9,20220226,44,2
18185,90,14,20231028,97,4
18186,151,11,20210322,70,4
18187,25,6,20240327,83,5
18188,5,1,20231108,42,5
18189,223,1,20230721,72,1
18190,14,1,20210409,15,1
18191,160,9,20230728,61,1
18192,245,12,20230708,38,2
18193,141,9,20241009,4,4
18194,248,14,20230404,3,5
18195,243,8,20220311,49,1
18196,13,14,20221209,7,2
18197,172,4,20240916,68,2
18198,177,10,20240111,69,2
18199,247,2,20241021,92,3
18200,31,9,20211013,71,1
18201,27,14,20220122,61,5
18202,173,13,20210304,69,2
18203,191,10,20220615,30,5
18204,88,14,20210505,98,5
18205,166,9,20221103,18,4
18206,237,10,20211228,62,1
18207,195,7,20210213,72,3
18208,238,6,20220609,29,2
18209,225,9,20240921,56,5
18210,213,3,20210506,72,3
18211,85,4,20220810,85,2
18212,18,8,20220822,1,2
18213,242,7,20220121,83,4
18214,212,4,20220609,74,4
18215,144,10,20220222,85,5
18216,106,5,20240519,84,3
18217,152,8,20220127,87,3
18218,233,4,20211124,76,4
18219,204,12,20241013,40,5
18220,94,11,20220823,58,4
18221,62,4,20210705,96,3
18222,41,7,20230720,91,4
18223,4,1,20230524,24,3
18224,247,11,20210404,38,4
18225,99,2,20240926,58,4
18226,74,6,20240418,21,1
18227,157,13,20220826,70,2
18228,141,11,20230505,60,5
18229,250,6,20221205,79,3
18230,23,11,20210612,32,4
18231,184,7,20241224,9,4
18232,115,3,20231106,55,2
18233,52,1,20240801,19,3
18234,220,4,20220408,29,3
18235,72,8,20230506,89,4
18236,113,11,20230601,20,5
18237,158,14,20211222,17,2
18238,137,13,20240118,18,2
18239,197,12,20240202,56,2
18240,194,13,20241221,27,5
18241,172,4,20210121,18,1
18242,206,13,20231017,58,3
18243,115,11,20241012,79,5
18244,15,8,20220704,51,4
18245,159,1,20211214,2,3
18246,94,13,20210704,76,1
18247,73,9,20240610,55,3
18248,169,4,20210205,16,4
18249,208,11,20221204,21,2
18250,205,12,20230118,78,3
18251,26,11,20230816,87,1
18252,60,9,20221122,19,5
18253,188,11,20240504,56,2
18254,74,2,20220202,82,3
18255,55,1,20231103,23,5
18256,44,6,20230519,26,4
18257,93,2,20230613,77,4
18258,78,10,20240822,70,3
18259,148,13,20241215,14,3
18260,70,14,20220904,83,2
18261,121,14,20230107,59,4
18262,15,5,20210612,22,4
18263,205,9,20220214,23,1
18264,20,3,20210828,96,1
18265,161,13,20210304,62,3
18266,36,14,20241008,7,2
18267,102,8,20221123,57,3
18268,227,8,20221125,46,1
18269,229,8,20241110,71,1
18270,211,2,20210710,69,3
18271,152,7,20240122,30,4
18272,208,9,20211209,3,1
18273,6,14,20211217,92,3
18274,86,3,20240104,90,5
18275,83,7,20240428,22,4
18276,174,5,20220523,48,1
18277,19,3,20210307,91,5
18278,19,10,20210311,53,3
18279,152,11,20230314,78,4
18280,37,2,20220421,13,5
18281,217,2,20230716,99,5
18282,216,13,20220517,51,1
18283,145,7,20210918,37,5
18284,86,7,20240327,8,1
18285,56,13,20220228,14,1
18286,20,6,20231203,38,3
18287,149,4,20221013,8,5
18288,200,6,20231015,50,2
18289,184,6,20211107,45,5
18290,122,5,20221114,83,1
18291,97,14,20240920,32,1
18292,47,12,20221119,78,1
18293,199,1,20240103,26,2
18294,171,12,20210525,11,5
18295,207,5,20231019,80,3
18296,57,10,20240125,38,5
18297,99,4,20240408,32,4
18298,180,1,20230712,42,4
18299,170,4,20230911,34,1
18300,121,4,20241210,26,2
18301,19,6,20230310,94,5
18302,169,11,20210324,21,5
18303,84,2,20220202,90,3
18304,222,6,20240412,42,1
18305,108,4,20220128,8,1
18306,104,11,20220606,48,4
18307,56,12,20210622,59,2
18308,65,3,20240925,41,3
18309,52,6,20240618,9,4
18310,243,3,20220902,41,1
18311,1,1,20230324,45,3
18312,162,14,20240727,62,2
18313,23,4,20220710,66,3
18314,147,7,20220109,83,3
18315,217,4,20210423,81,1
18316,192,10,20210211,64,2
18317,192,6,20240109,43,2
18318,234,1,20240225,43,3
18319,17,7,20240725,81,3
18320,231,13,20220520,32,1
18321,11,5,20240722,94,2
18322,186,11,20210211,41,2
18323,154,7,20230918,91,1
18324,176,8,20221026,63,3
18325,166,4,20221111,19,1
18326,210,6,20210905,31,3
18327,219,2,20240806,51,4
18328,246,5,20230112,35,2
18329,54,8,20230317,67,3
18330,10,12,20240425,79,2
18331,244,5,20230121,43,4
18332,197,8,20211207,7,2
18333,175,12,20220523,65,1
18334,170,14,20210410,19,5
18335,165,12,20240704,81,5
18336,202,9,20240828,1,5
18337,80,7,20240824,92,4
18338,166,13,20210602,63,5
18339,229,12,20241206,47,3
18340,225,7,20210324,85,1
18341,29,10,20220313,48,2
18342,103,5,20240628,57,3
18343,142,5,20210410,57,5
18344,11,2,20210504,91,5
18345,10,12,20240311,34,2
18346,107,6,20220606,28,3
18347,108,12,20210824,32,5
18348,213,14,20210424,36,3
18349,195,9,20211225,36,3
18350,230,8,20220201,30,1
18351,156,8,20210212,43,5
18352,185,10,20210617,91,1
18353,210,10,20220913,26,3
18354,209,5,20210119,82,1
18355,42,9,20220527,70,2
18356,31,3,20220205,63,5
18357,101,14,20241015,7,3
18358,167,2,20230419,79,4
18359,223,2,20220516,0,5
18360,107,2,20230127,8,1
18361,104,5,20231224,46,3
18362,208,3,20211127,41,3
18363,126,10,20230709,76,2
18364,161,11,20240921,59,1
18365,169,14,20240715,51,5
18366,218,13,20230604,81,5
18367,221,14,20221011,82,3
18368,106,5,20230411,80,3
18369,28,5,20220903,27,2
18370,3,8,20240121,10,4
18371,90,4,20220815,15,3
18372,74,1,20210921,35,2
18373,209,6,20220408,70,3
18374,21,3,20211215,63,3
18375,104,11,20220913,5,4
18376,214,11,20220926,41,1
18377,111,1,20240723,88,3
18378,82,12,20240310,93,3
18379,158,5,20220502,91,3
18380,93,10,20220802,55,4
18381,192,5,20210626,18,3
18382,79,2,20220107,26,4
18383,215,14,20221004,0,5
18384,33,11,20240511,56,4
18385,247,1,20220901,29,5
18386,157,6,20220915,21,4
18387,68,4,20211015,30,4
18388,9,11,20210308,65,5
18389,127,10,20241104,86,1
18390,122,3,20211001,63,1
18391,142,8,20230914,78,1
18392,145,13,20230805,57,5
18393,81,3,20220903,33,5
18394,215,9,20221013,17,1
18395,159,4,20240414,32,4
18396,237,6,20241127,54,5
18397,133,4,20210522,62,4
18398,171,5,20240526,33,4
18399,16,1,20220810,61,4
18400,172,6,20220727,97,1
18401,241,9,20221114,21,3
18402,97,14,20211225,54,2
18403,20,2,20220620,38,4
18404,143,1,20231209,41,4
18405,135,4,20220116,22,2
18406,209,13,20230617,81,2
18407,17,1,20220117,7,4
18408,168,10,20240106,25,4
18409,214,3,20220814,25,3
18410,226,1,20231119,16,5
18411,16,8,20210913,91,5
18412,8,6,20230403,92,3
18413,219,13,20241008,0,5
18414,41,14,20220618,32,4
18415,218,5,20240913,82,1
18416,129,2,20240804,0,2
18417,179,5,20220308,82,5
18418,31,14,20240601,12,3
18419,113,12,20220819,68,5
18420,148,9,20210812,49,3
18421,174,8,20240614,98,3
18422,19,5,20240904,78,5
18423,5,1,20231118,15,5
18424,162,7,20240520,39,2
18425,202,12,20220320,45,5
18426,183,13,20230116,68,4
18427,12,6,20230909,1,4
18428,10,13,20221009,76,2
18429,236,3,20220720,97,2
18430,166,8,20221028,34,4
18431,53,7,20210515,40,1
18432,113,11,20231016,30,4
18433,240,3,20240903,10,1
18434,194,7,20210410,27,3
18435,83,11,20230522,36,2
18436,130,1,20241105,63,4
18437,218,2,20230128,60,4
18438,84,8,20220106,59,5
18439,108,6,20210705,82,3
18440,110,14,20240926,72,1
18441,129,14,20220115,82,3
18442,118,4,20231225,18,4
18443,28,9,20240805,3,3
18444,220,5,20230306,29,4
18445,138,10,20240318,90,4
18446,177,10,20210405,46,4
18447,3,2,20211028,9,2
18448,114,10,20211011,34,1
18449,102,5,20231115,71,5
18450,149,3,20210507,76,2
18451,174,8,20241203,83,5
18452,142,10,20210611,57,3
18453,204,12,20210907,70,1
18454,175,11,20210224,20,5
18455,190,6,20210401,71,1
18456,207,10,20240922,29,4
18457,42,8,20231015,86,1
18458,180,2,20230426,97,3
18459,40,8,20230619,14,3
18460,127,7,20240923,62,1
18461,249,2,20230724,42,4
18462,70,9,20221208,46,4
18463,115,1,20240317,8,4
18464,105,6,20220723,52,5
18465,183,1,20230406,45,5
18466,71,12,20210302,48,4
18467,224,11,20230902,82,2
18468,77,13,20230914,99,5
18469,211,14,20221109,43,5
18470,209,8,20230224,58,1
18471,58,14,20241006,52,1
18472,12,9,20210607,17,1
18473,194,14,20210705,96,4
18474,90,3,20230201,83,1
18475,94,4,20230422,47,5
18476,21,13,20230920,25,1
18477,53,3,20210201,89,3
18478,103,14,20231222,53,2
18479,12,9,20241012,58,5
18480,104,4,20210107,52,4
18481,63,3,20230622,57,3
18482,196,9,20210111,67,1
18483,175,2,20240219,12,2
18484,74,10,20230410,19,5
18485,183,3,20240609,70,4
18486,124,3,20210515,50,3
18487,152,2,20240910,50,4
18488,32,4,20211105,0,4
18489,162,1,20211127,88,4
18490,3,13,20230426,5,4
18491,58,4,20230123,41,2
18492,245,3,20210512,19,3
18493,34,5,20210619,78,4
18494,107,13,20210511,80,2
18495,143,7,20231209,86,2
18496,223,5,20240705,4,4
18497,164,10,20220928,57,3
18498,146,3,20240514,8,3
18499,118,2,20240515,71,2
18500,173,1,20220208,14,5
18501,100,14,20241014,80,4
18502,20,11,20231010,18,3
18503,122,8,20221203,10,4
18504,4,11,20230521,88,1
18505,247,7,20210809,9,4
18506,112,8,20210916,82,4
18507,182,5,20221105,15,5
18508,91,11,20231019,45,3
18509,59,14,20210312,40,5
18510,183,7,20220314,74,4
18511,16,11,20230904,79,2
18512,208,12,20220124,24,4
18513,6,10,20220308,10,2
18514,125,11,20221006,71,2
18515,107,6,20230102,18,1
18516,175,2,20210927,5,4
18517,34,11,20230709,45,4
18518,8,5,20240811,0,4
18519,242,14,20220627,26,1
18520,33,7,20220212,47,1
18521,151,9,20211105,2,1
18522,69,11,20211024,65,2
18523,18,7,20220806,23,1
18524,205,5,20230517,9,5
18525,120,13,20210727,12,4
18526,15,7,20240627,34,5
18527,208,3,20231127,81,2
18528,234,13,20210923,58,2
18529,178,4,20221128,30,4
18530,248,8,20220807,75,1
18531,206,10,20240512,20,1
18532,124,9,20241015,42,1
18533,148,3,20240921,94,5
18534,75,11,20230115,80,5
18535,250,8,20241122,38,5
18536,244,13,20240728,31,4
18537,62,4,20231005,71,5
18538,70,6,20220510,78,4
18539,167,3,20220725,16,1
18540,210,14,20241015,13,4
18541,2,12,20241018,87,3
18542,84,3,20210104,45,3
18543,143,7,20210703,76,2
18544,97,8,20210521,8,3
18545,108,8,20220427,51,2
18546,93,7,20210814,26,4
18547,201,10,20220324,11,1
18548,228,8,20231219,58,1
18549,191,5,20240102,52,5
18550,46,5,20240224,60,1
18551,109,13,20240510,34,3
18552,198,4,20210323,37,1
18553,21,1,20210221,67,3
18554,71,4,20220323,29,2
18555,193,5,20230616,94,2
18556,68,13,20210227,53,5
18557,55,6,20220224,93,3
18558,21,9,20240504,93,2
18559,162,11,20240624,60,3
18560,47,11,20230224,27,4
18561,229,13,20210906,93,4
18562,11,3,20210920,93,4
18563,10,6,20210808,47,1
18564,58,10,20231213,13,4
18565,183,7,20241019,36,2
18566,46,8,20221222,99,3
18567,49,12,20230905,82,5
18568,88,11,20220318,49,1
18569,133,8,20230418,85,3
18570,119,3,20230725,0,4
18571,189,5,20210515,56,5
18572,107,12,20210723,87,1
18573,230,4,20210503,97,2
18574,207,9,20210318,93,1
18575,114,2,20241121,20,3
18576,130,2,20211226,91,4
18577,241,1,20210905,66,5
18578,167,9,20230518,83,4
18579,180,5,20240102,41,4
18580,80,12,20221106,11,1
18581,247,1,20231014,76,5
18582,130,12,20210515,63,4
18583,48,8,20241106,1,1
18584,146,9,20240512,82,4
18585,35,1,20240304,11,4
18586,24,11,20240311,7,1
18587,233,6,20220118,20,3
18588,113,8,20210317,52,3
18589,42,7,20240314,30,1
18590,119,12,20210506,65,2
18591,107,7,20220105,76,1
18592,129,7,20211019,77,2
18593,26,13,20210417,75,5
18594,140,13,20220607,80,2
18595,6,10,20221221,98,1
18596,150,11,20241120,41,5
18597,121,9,20240724,25,5
18598,236,9,20230724,9,3
18599,115,11,20210714,84,2
18600,235,1,20211115,51,5
18601,72,10,20240301,56,1
18602,17,10,20240104,95,1
18603,228,11,20230203,26,3
18604,129,8,20211202,85,1
18605,106,13,20230804,79,2
18606,101,8,20210420,16,3
18607,51,1,20230314,65,1
18608,100,6,20231117,80,2
18609,67,2,20221006,67,4
18610,110,8,20210224,42,2
18611,155,9,20241027,87,2
18612,125,12,20211103,23,3
18613,189,8,20221206,71,4
18614,101,8,20211023,70,2
18615,147,6,20230601,79,2
18616,42,11,20240214,55,3
18617,188,14,20220222,49,3
18618,10,5,20240622,7,2
18619,120,2,20220701,97,4
18620,110,10,20210724,28,4
18621,44,12,20240327,77,1
18622,20,7,20231224,57,3
18623,225,12,20240203,17,1
18624,207,3,20241120,6,4
18625,118,6,20220420,43,4
18626,82,3,20230214,59,3
18627,159,14,20221103,66,3
18628,119,7,20220627,67,5
18629,104,7,20220101,33,2
18630,228,11,20220217,37,4
18631,93,7,20230425,24,3
18632,133,11,20221128,61,4
18633,241,7,20240927,55,3
18634,48,14,20210727,56,2
18635,199,11,20241105,71,4
18636,78,2,20230513,98,5
18637,26,7,20240922,83,1
18638,27,5,20221225,62,3
18639,85,9,20240306,24,2
18640,236,6,20220206,91,1
18641,30,14,20230806,57,5
18642,227,12,20230811,2,5
18643,184,13,20210918,64,2
18644,191,3,20240611,7,2
18645,187,10,20220119,58,1
18646,25,14,20210223,5,2
18647,157,4,20230917,43,1
18648,93,3,20210807,58,3
18649,151,12,20220920,1,5
18650,102,9,20220713,50,4
18651,89,2,20230126,2,1
18652,6,4,20220217,9,4
18653,218,12,20240204,96,4
18654,200,8,20220915,2,4
18655,153,7,20211222,80,3
18656,221,12,20230110,41,2
18657,128,7,20210815,68,2
18658,115,4,20230109,65,5
18659,219,4,20221108,78,1
18660,16,12,20240417,49,1
18661,82,1,20210803,8,5
18662,187,5,20221225,24,1
18663,37,3,20231124,8,5
18664,231,11,20241218,82,4
18665,183,6,20230306,90,3
18666,250,8,20220903,51,5
18667,169,12,20210715,84,3
18668,215,10,20240316,2,1
18669,70,3,20211220,36,1
18670,22,10,20220520,43,3
18671,186,12,20221003,44,5
18672,201,6,20230701,97,2
18673,228,9,20240702,2,2
18674,73,14,20210701,82,1
18675,43,9,20241212,0,2
18676,106,1,20220806,68,4
18677,27,1,20240826,50,4
18678,55,5,20211008,3,4
18679,145,11,20240410,36,3
18680,64,8,20230519,34,2
18681,232,6,20221124,76,2
18682,32,1,20220117,45,3
18683,173,5,20240621,1,5
18684,248,11,20211201,13,3
18685,74,9,20211119,65,5
18686,113,13,20240827,74,1
18687,41,8,20241110,51,4
18688,216,10,20230410,81,5
18689,128,9,20240926,81,1
18690,12,6,20240602,6,4
18691,172,9,20210124,18,2
18692,226,6,20210513,23,1
18693,58,9,20221006,30,2
18694,56,8,20240815,39,5
18695,192,1,20211205,27,1
18696,177,13,20230719,33,1
18697,103,10,20230424,26,4
18698,4,4,20240723,42,3
18699,58,5,20240103,22,2
18700,204,4,20240726,67,3
18701,144,11,20220914,8,1
18702,56,3,20210709,79,5
18703,172,7,20241022,19,4
18704,134,6,20211114,50,2
18705,10,6,20220616,48,3
18706,141,2,20230607,89,5
18707,92,3,20240103,71,4
18708,27,4,20240808,34,4
18709,154,8,20220622,74,5
18710,65,11,20210916,63,1
18711,136,5,20230406,33,4
18712,232,12,20210906,63,5
18713,168,4,20221019,56,1
18714,28,14,20220112,61,3
18715,50,7,20220517,63,4
18716,218,11,20210124,77,2
18717,165,13,20220722,44,5
18718,67,1,20220610,95,1
18719,77,8,20221110,67,2
18720,80,14,20221207,18,3
18721,135,12,20230118,70,1
18722,154,8,20211121,79,5
18723,33,7,20240415,17,2
18724,133,13,20240510,35,3
18725,177,5,20211127,47,5
18726,247,10,20230702,91,2
18727,245,14,20241121,32,3
18728,76,11,20241002,65,3
18729,132,13,20241109,13,1
18730,99,6,20210201,90,4
18731,41,11,20230301,88,5
18732,59,1,20230114,81,3
18733,54,5,20211123,12,4
18734,189,7,20230407,25,4
18735,201,13,20240922,10,5
18736,225,6,20220913,0,1
18737,15,3,20220719,7,4
18738,237,5,20221108,57,5
18739,49,5,20240927,37,3
18740,35,3,20240116,70,4
18741,147,10,20220825,82,3
18742,211,7,20210624,3,1
18743,37,13,20230920,93,2
18744,24,4,20220109,97,5
18745,242,1,20230217,29,1
18746,67,8,20230923,69,3
18747,42,12,20220701,78,2
18748,187,6,20211111,62,3
18749,166,14,20230415,42,2
18750,79,5,20211026,73,2
18751,89,3,20220413,96,3
18752,248,8,20230418,13,5
18753,96,5,20230705,38,2
18754,124,6,20230721,36,1
18755,9,13,20230613,58,3
18756,132,8,20220725,44,2
18757,227,13,20240119,96,3
18758,55,10,20220528,45,5
18759,16,6,20230309,27,2
18760,179,7,20210616,11,4
18761,54,4,20240523,32,1
18762,149,14,20230718,39,2
18763,249,13,20220216,22,2
18764,88,6,20210322,75,3
18765,64,1,20230623,19,4
18766,222,2,20210901,75,1
18767,25,13,20220815,60,5
18768,180,7,20240603,0,4
18769,233,8,20240621,63,1
18770,105,2,20220720,37,5
18771,3,10,20220102,75,1
18772,239,5,20240722,92,4
18773,103,4,20231226,81,4
18774,138,4,20240302,16,4
18775,104,4,20241024,78,4
18776,72,9,20211210,32,1
18777,236,11,20241123,87,3
18778,74,5,20240509,41,1
18779,159,12,20230514,89,5
18780,74,3,20210302,63,2
18781,123,12,20210117,85,3
18782,133,7,20230819,10,2
18783,246,4,20230106,98,2
18784,13,3,20211128,90,3
18785,123,3,20230122,88,5
18786,102,3,20240727,10,4
18787,162,12,20210508,12,1
18788,204,4,20210809,78,5
18789,68,7,20220928,28,5
18790,66,5,20220913,74,1
18791,82,12,20240922,26,2
18792,61,5,20210113,87,4
18793,59,13,20230318,42,3
18794,168,6,20220612,90,3
18795,104,4,20230614,7,2
18796,20,6,20210927,67,4
18797,210,3,20230515,76,4
18798,75,3,20210915,31,2
18799,168,13,20220426,56,5
18800,63,12,20220523,75,4
18801,154,4,20230804,64,5
18802,185,9,20240618,33,2
18803,237,10,20240209,82,5
18804,77,1,20240410,13,4
18805,132,8,20221215,46,2
18806,159,8,20231111,98,5
18807,154,7,20221108,49,4
18808,20,8,20230109,94,1
18809,73,4,20241113,15,5
18810,15,5,20220219,0,3
18811,170,1,20210117,12,5
18812,10,2,20220217,54,4
18813,141,7,20240608,87,4
18814,145,7,20210107,95,3
18815,130,5,20221112,82,5
18816,249,5,20220321,85,3
18817,137,5,20220818,42,2
18818,98,10,20230810,40,1
18819,83,8,20210715,79,3
18820,20,13,20230428,67,1
18821,3,7,20220822,9,1
18822,95,10,20220804,8,4
18823,33,11,20211004,80,2
18824,224,1,20221213,99,4
18825,178,11,20230623,98,4
18826,8,9,20240422,75,2
18827,155,12,20220803,95,4
18828,209,5,20240604,49,3
18829,99,10,20211004,56,5
18830,24,14,20231107,64,4
18831,86,6,20230612,64,4
18832,183,10,20221021,63,4
18833,20,10,20240705,5,2
18834,189,11,20221226,97,2
18835,238,3,20230807,60,3
18836,40,8,20210722,39,3
18837,194,7,20231028,56,1
18838,202,2,20210328,78,5
18839,105,4,20211004,22,5
18840,55,2,20231028,24,5
18841,186,4,20210813,56,5
18842,233,10,20221218,34,4
18843,134,5,20240127,88,1
18844,220,9,20220618,68,2
18845,76,12,20240725,70,3
18846,59,3,20210918,93,5
18847,184,14,20240705,3,1
18848,137,3,20230620,11,4
18849,190,9,20210202,60,2
18850,242,13,20211006,82,3
18851,134,2,20240206,8,1
18852,71,13,20220227,46,4
18853,153,2,20210110,63,2
18854,238,12,20240420,45,5
18855,67,9,20220526,69,4
18856,30,1,20220119,1,1
18857,76,14,20210715,9,3
18858,178,10,20230102,28,1
18859,75,1,20230317,4,3
18860,69,11,20220917,68,3
18861,148,14,20210219,29,5
18862,49,8,20240803,13,2
18863,32,3,20230921,90,4
18864,37,6,20230816,11,5
18865,244,13,20230922,58,2
18866,50,6,20230410,60,1
18867,166,12,20220806,24,3
18868,191,1,20240305,28,3
18869,76,14,20240201,86,3
18870,239,9,20230217,89,1
18871,219,8,20221111,40,4
18872,179,9,20221013,16,1
18873,58,12,20241216,56,4
18874,58,12,20221201,45,5
18875,104,6,20231013,23,2
18876,229,4,20240912,40,4
18877,190,5,20220716,42,1
18878,219,11,20210512,57,5
18879,144,6,20210515,34,4
18880,114,7,20240122,44,1
18881,154,1,20220911,57,4
18882,136,11,20220611,58,5
18883,72,4,20240326,61,3
18884,10,1,20220823,66,2
18885,152,8,20220806,31,2
18886,71,7,20220813,51,4
18887,42,13,20221228,62,4
18888,206,2,20231020,29,5
18889,56,14,20210121,54,5
18890,134,1,20220527,17,2
18891,50,8,20240620,21,1
18892,23,2,20210604,94,4
18893,117,8,20221215,55,3
18894,146,12,20230619,65,2
18895,195,9,20210510,25,1
18896,147,7,20220928,8,2
18897,45,13,20220607,47,4
18898,160,14,20240319,50,2
18899,73,7,20240721,78,4
18900,142,13,20220524,47,5
18901,106,3,20240710,9,1
18902,150,5,20220501,18,3
18903,159,10,20220414,14,3
18904,19,11,20220622,82,1
18905,161,14,20241215,13,5
18906,1,11,20211128,36,5
18907,250,9,20241116,58,4
18908,95,3,20211215,4,1
18909,215,14,20210814,72,1
18910,249,8,20220202,18,4
18911,18,13,20220225,73,1
18912,149,13,20240724,60,3
18913,225,10,20230515,26,1
18914,28,11,20230118,76,4
18915,14,3,20210615,76,3
18916,46,8,20220321,82,5
18917,116,12,20230912,94,3
18918,141,1,20240106,44,4
18919,5,8,20240409,10,5
18920,92,10,20230828,2,1
18921,17,8,20210717,48,4
18922,107,10,20210123,59,4
18923,123,7,20211025,43,3
18924,210,10,20230320,71,2
18925,98,9,20240419,64,5
18926,220,1,20220725,14,3
18927,139,13,20230607,45,3
18928,84,6,20231002,93,2
18929,2,5,20220325,73,4
18930,197,9,20210421,3,3
18931,84,1,20211003,42,5
18932,137,14,20221013,71,5
18933,124,13,20220605,64,4
18934,15,12,20221103,14,1
18935,23,5,20240603,34,2
18936,145,12,20221112,56,5
18937,62,12,20210828,98,3
18938,194,4,20210701,80,3
18939,104,13,20230208,87,3
18940,37,12,20210203,56,1
18941,204,2,20211122,76,4
18942,215,6,20211006,85,1
18943,113,13,20210324,35,1
18944,213,10,20240917,36,4
18945,50,14,20231118,81,2
18946,86,13,20211028,99,1
18947,180,7,20210215,85,2
18948,223,7,20220413,13,1
18949,68,8,20230120,91,5
18950,43,11,20220805,43,5
18951,142,3,20220602,40,4
18952,37,9,20210323,95,5
18953,175,6,20241010,78,5
18954,237,8,20240418,64,2
18955,12,3,20240428,5,4
18956,198,4,20220918,20,5
18957,117,11,20220217,38,4
18958,64,14,20210209,54,5
18959,196,7,20210507,23,2
18960,183,12,20241022,13,5
18961,184,3,20231228,49,1
18962,7,4,20210123,93,2
18963,80,5,20240522,91,5
18964,41,14,20240901,72,5
18965,87,13,20210218,28,5
18966,41,2,20240625,66,1
18967,219,12,20241212,43,1
18968,220,13,20210826,97,5
18969,198,8,20210820,77,5
18970,135,7,20220109,69,5
18971,27,6,20230117,21,4
18972,205,2,20240502,17,3
18973,52,11,20230924,92,5
18974,155,2,20240315,82,3
18975,85,11,20240224,41,3
18976,95,7,20240802,50,2
18977,170,11,20220805,44,2
18978,5,12,20220810,23,5
18979,125,10,20210828,56,5
18980,222,3,20210911,81,1
18981,36,1,20240714,35,2
18982,126,5,20221105,41,5
18983,56,4,20240107,16,3
18984,79,5,20220117,26,5
18985,23,2,20231010,0,4
18986,109,13,20231211,9,2
18987,61,4,20231119,62,3
18988,196,4,20211007,54,1
18989,199,1,20210312,63,4
18990,156,11,20210312,22,2
18991,86,14,20240120,83,5
18992,246,13,20211104,68,4
18993,34,12,20220606,99,3
18994,188,2,20241018,4,5
18995,25,3,20210602,86,5
18996,167,5,20240715,87,4
18997,151,4,20220425,72,2
18998,67,3,20240615,29,3
18999,230,7,20211120,15,5
19000,95,14,20220613,7,3
19001,7,12,20220202,92,3
19002,99,3,20220513,39,4
19003,230,11,20220102,6,1
19004,226,8,20210616,36,1
19005,47,3,20240820,65,5
19006,141,14,20231216,45,3
19007,156,6,20230303,92,2
19008,238,7,20220724,4,5
19009,106,2,20240827,79,5
19010,127,14,20241108,10,3
19011,27,14,20221104,55,2
19012,113,12,20220914,49,2
19013,129,14,20230717,23,1
19014,119,11,20210123,56,2
19015,163,12,20210811,0,5
19016,34,1,20220806,49,3
19017,181,6,20230408,37,5
19018,188,12,20210708,81,3
19019,162,10,20231220,98,4
19020,233,6,20220503,73,3
19021,206,8,20240523,73,2
19022,112,12,20240805,82,2
19023,210,12,20211115,87,1
19024,163,3,20210722,8,3
19025,46,2,20210615,69,3
19026,199,14,20221213,4,4
19027,125,4,20230703,95,4
19028,96,1,20220709,66,5
19029,165,5,20210802,32,2
19030,223,12,20221125,7,4
19031,148,10,20240914,25,3
19032,13,12,20210907,59,4
19033,191,13,20220828,44,4
19034,125,12,20221222,45,3
19035,19,1,20220524,18,4
19036,203,2,20210414,48,3
19037,196,11,20240517,60,1
19038,155,13,20220201,14,5
19039,116,10,20210810,79,2
19040,33,9,20210401,87,1
19041,223,10,20220418,39,4
19042,116,10,20240701,93,1
19043,39,14,20210216,8,4
19044,20,8,20220920,44,5
19045,217,11,20240404,92,4
19046,142,9,20240403,2,4
19047,75,10,20211103,66,4
19048,171,3,20220103,86,3
19049,114,12,20240413,10,5
19050,146,12,20230509,42,4
19051,29,3,20220624,12,2
19052,196,3,20230301,13,2
19053,127,2,20241118,77,3
19054,1,6,20240506,59,1
19055,98,9,20240620,85,1
19056,144,14,20220104,12,5
19057,250,13,20230719,76,4
19058,214,9,20210721,0,3
19059,112,14,20220609,63,5
19060,197,3,20240524,72,3
19061,206,14,20210524,44,3
19062,217,6,20230117,23,2
19063,184,9,20230506,65,4
19064,233,5,20240414,49,5
19065,166,12,20210911,47,1
19066,128,13,20230526,92,2
19067,101,9,20221105,45,3
19068,134,11,20211211,42,1
19069,157,8,20220528,31,2
19070,228,2,20210505,93,1
19071,127,10,20210815,33,4
19072,33,2,20230219,59,2
19073,172,12,20230506,28,4
19074,43,1,20220101,56,5
19075,125,11,20211104,68,2
19076,121,6,20240318,97,4
19077,30,1,20230508,15,4
19078,208,13,20210502,68,5
19079,152,10,20240219,93,3
19080,181,8,20220309,18,3
19081,196,4,20210315,93,1
19082,157,6,20221008,97,1
19083,73,3,20210611,82,5
19084,154,3,20230504,25,5
19085,194,12,20220512,17,4
19086,29,3,20231227,13,3
19087,229,4,20221118,43,3
19088,132,6,20221001,88,5
19089,243,10,20211124,3,1
19090,151,3,20210220,15,3
19091,200,12,20230301,63,3
19092,174,1,20230518,91,1
19093,235,11,20220118,77,5
19094,29,8,20220316,7,2
19095,89,7,20221023,1,4
19096,17,4,20221022,60,1
19097,181,13,20210205,7,3
19098,125,2,20210502,99,3
19099,131,3,20210627,29,4
19100,69,5,20240215,5,4
19101,247,6,20230316,64,1
19102,107,13,20230721,67,5
19103,44,6,20240924,34,2
19104,22,11,20231210,5,1
19105,187,3,20240211,59,2
19106,119,5,20210105,81,2
19107,220,11,20220227,5,1
19108,1,2,20221122,2,1
19109,154,1,20210702,63,4
19110,138,13,20210625,43,3
19111,18,9,20220120,15,3
19112,47,7,20220802,75,1
19113,54,9,20240907,47,2
19114,175,13,20230622,32,5
19115,171,2,20221226,93,3
19116,206,5,20240509,39,2
19117,207,10,20210414,66,4
19118,149,11,20241112,53,3
19119,59,14,20240619,42,1
19120,221,11,20231128,34,2
19121,58,8,20241102,87,1
19122,187,7,20221023,39,4
19123,4,8,20220823,69,2
19124,175,12,20220914,77,1
19125,195,11,20220519,38,5
19126,220,12,20221128,75,4
19127,83,11,20220617,20,4
19128,118,12,20240308,23,2
19129,206,3,20220826,32,1
19130,169,9,20210327,20,5
19131,77,5,20210612,16,5
19132,28,12,20221108,19,4
19133,134,4,20230828,8,2
19134,89,9,20211218,45,5
19135,125,3,20210707,5,1
19136,192,3,20240319,12,4
19137,186,6,20241128,23,5
19138,225,11,20211016,64,4
19139,95,7,20220513,43,4
19140,175,8,20210417,0,2
19141,67,5,20231125,33,2
19142,137,7,20211106,47,4
19143,73,10,20221019,16,3
19144,166,13,20220810,21,1
19145,6,2,20220226,13,2
19146,223,5,20240711,57,3
19147,247,1,20210618,5,1
19148,79,8,20231122,4,1
19149,10,3,20230211,7,1
19150,146,6,20231210,85,1
19151,179,10,20210907,35,4
19152,153,8,20220709,93,5
19153,136,11,20230221,76,5
19154,163,13,20231215,89,4
19155,107,2,20220802,58,4
19156,151,12,20240322,65,4
19157,163,9,20220825,41,1
19158,114,5,20230318,0,4
19159,122,8,20230128,22,4
19160,119,6,20230724,2,3
19161,39,8,20240620,11,2
19162,149,8,20240817,33,5
19163,56,12,20220621,46,4
19164,239,12,20221019,80,3
19165,217,5,20211207,3,3
19166,31,10,20231117,15,4
19167,59,4,20230725,13,5
19168,207,10,20220419,83,3
19169,235,8,20231214,40,2
19170,68,11,20210928,92,4
19171,231,1,20220714,18,3
19172,189,10,20220622,8,3
19173,167,4,20220401,88,5
19174,148,11,20241015,30,4
19175,96,12,20210501,47,1
19176,142,1,20230621,22,2
19177,41,5,20230204,72,4
19178,14,14,20230728,94,3
19179,203,9,20220321,19,1
19180,180,3,20241204,56,1
19181,118,5,20220125,89,5
19182,229,6,20210608,11,3
19183,163,6,20240518,55,2
19184,34,7,20230428,87,2
19185,182,5,20210402,48,2
19186,68,1,20230612,65,2
19187,166,8,20220528,62,4
19188,15,13,20210922,69,4
19189,186,4,20240919,65,2
19190,148,4,20230707,14,5
19191,106,4,20220107,12,4
19192,48,14,20230902,34,4
19193,192,2,20220206,39,1
19194,152,14,20230406,90,5
19195,28,7,20220426,48,4
19196,40,12,20220524,38,3
19197,89,9,20220828,21,4
19198,76,8,20230601,72,4
19199,203,2,20230614,92,2
19200,23,14,20211121,64,3
19201,18,14,20210710,92,1
19202,11,1,20241001,82,5
19203,54,12,20220703,43,3
19204,87,14,20210201,50,2
19205,127,6,20240104,77,5
19206,181,7,20230201,78,4
19207,203,7,20230211,23,1
19208,152,5,20231018,12,5
19209,183,11,20211022,82,1
19210,183,2,20230716,30,5
19211,117,9,20211001,48,1
19212,81,9,20240820,63,2
19213,230,7,20241119,37,5
19214,42,11,20210911,79,4
19215,83,4,20231224,44,3
19216,108,8,20241112,93,5
19217,54,1,20221112,40,5
19218,168,2,20220613,72,1
19219,44,1,20210602,53,2
19220,223,7,20220616,38,4
19221,250,12,20220503,43,4
19222,55,10,20220310,14,3
19223,124,12,20230808,50,2
19224,14,10,20230409,39,2
19225,212,11,20210416,57,2
19226,31,4,20210409,36,4
19227,49,4,20240311,13,3
19228,113,10,20230925,10,5
19229,80,3,20210627,73,3
19230,64,9,20231001,85,5
19231,128,5,20230719,60,2
19232,237,12,20241002,59,2
19233,57,7,20210213,82,2
19234,25,9,20210322,35,4
19235,15,2,20230407,15,5
19236,248,6,20210920,80,3
19237,61,14,20220510,46,3
19238,17,6,20220511,8,2
19239,25,7,20210417,88,2
19240,149,1,20220125,85,1
19241,110,5,20220918,42,5
19242,18,1,20230628,21,5
19243,94,10,20241121,5,4
19244,123,10,20221116,29,4
19245,68,6,20220203,96,3
19246,27,10,20210503,49,2
19247,223,10,20210525,20,3
19248,97,7,20211117,69,5
19249,242,8,20220109,79,1
19250,240,11,20230312,28,3
19251,176,7,20240105,23,4
19252,207,12,20240509,92,3
19253,79,10,20220712,66,4
19254,35,13,20210206,56,3
19255,13,5,20220516,90,4
19256,137,11,20231126,12,2
19257,205,14,20221116,41,3
19258,188,9,20240410,14,4
19259,218,1,20240221,67,4
19260,186,13,20240812,19,4
19261,176,13,20220618,8,3
19262,19,12,20230913,72,1
19263,209,3,20220204,4,3
19264,188,10,20220525,40,4
19265,213,1,20220208,32,2
19266,26,12,20210514,36,2
19267,65,2,20240906,88,3
19268,209,3,20230227,16,5
19269,185,13,20240221,14,1
19270,66,6,20221019,12,5
19271,129,10,20231225,61,1
19272,191,8,20220916,73,5
19273,37,10,20210724,62,1
19274,138,9,20231117,98,4
19275,246,11,20210213,34,5
19276,43,11,20230713,58,3
19277,62,1,20211128,13,1
19278,1,5,20210409,60,1
19279,164,2,20240911,81,5
19280,44,11,20241206,37,1
19281,115,10,20220704,5,4
19282,142,10,20240123,42,1
19283,77,8,20210702,95,1
19284,79,5,20220704,19,1
19285,244,8,20210219,73,4
19286,92,5,20220714,26,4
19287,112,11,20221028,0,5
19288,226,7,20221018,99,5
19289,27,7,20211208,78,4
19290,33,3,20211028,27,2
19291,115,9,20210410,79,1
19292,123,12,20210105,15,1
19293,40,4,20230522,63,5
19294,128,6,20231111,52,4
19295,166,12,20230513,30,3
19296,82,4,20240121,56,1
19297,103,1,20240723,12,5
19298,8,14,20240209,76,4
19299,222,3,20230919,62,3
19300,217,13,20220125,79,5
19301,232,3,20221212,41,5
19302,106,6,20210709,24,3
19303,167,5,20211022,64,4
19304,26,14,20220517,37,3
19305,30,2,20220314,92,1
19306,31,13,20220202,15,3
19307,100,2,20220812,7,4
19308,184,10,20230127,22,1
19309,98,7,20220622,83,3
19310,193,13,20211019,0,4
19311,185,5,20241116,45,3
19312,122,3,20240527,45,1
19313,212,12,20230604,96,5
19314,158,6,20241210,97,1
19315,44,13,20231128,28,4
19316,60,5,20220915,85,2
19317,243,9,20210118,74,4
19318,167,8,20220108,48,2
19319,90,2,20211018,29,4
19320,113,7,20240428,6,3
19321,75,9,20240611,26,2
19322,125,8,20220805,74,4
19323,213,6,20210920,11,5
19324,213,4,20221222,29,4
19325,153,14,20211222,80,2
19326,132,2,20210701,20,3
19327,108,2,20240209,1,3
19328,224,1,20220618,19,2
19329,58,8,20220227,9,4
19330,17,8,20220724,18,2
19331,5,11,20220625,17,3
19332,228,13,20220708,57,3
19333,126,12,20221018,94,3
19334,118,3,20220612,38,3
19335,80,3,20221015,82,5
19336,40,14,20230614,78,4
19337,44,4,20210726,55,3
19338,47,10,20210715,67,2
19339,137,4,20210826,42,5
19340,126,11,20211215,24,5
19341,43,9,20240218,70,2
19342,203,10,20240513,35,2
19343,140,9,20230814,79,5
19344,225,7,20240116,21,1
19345,186,4,20220424,11,3
19346,128,14,20240412,12,5
19347,80,5,20220619,59,3
19348,212,8,20240916,28,4
19349,107,5,20241017,27,3
19350,166,7,20240124,38,3
19351,168,6,20231014,94,3
19352,107,5,20231203,73,2
19353,165,13,20211217,27,1
19354,142,14,20241226,97,3
19355,53,12,20220218,4,4
19356,216,9,20210412,84,5
19357,136,2,20240627,57,3
19358,130,14,20240103,91,3
19359,238,1,20231213,68,5
19360,72,5,20211216,92,5
19361,193,8,20221011,59,4
19362,82,6,20241115,67,5
19363,240,14,20210912,94,5
19364,101,13,20240414,42,4
19365,210,8,20210114,82,4
19366,177,12,20230216,46,5
19367,50,10,20231125,6,5
19368,152,4,20210526,27,4
19369,110,7,20240220,76,5
19370,157,4,20211101,9,4
19371,44,2,20210302,76,1
19372,189,12,20230716,38,2
19373,84,8,20230309,77,4
19374,122,12,20220605,4,4
19375,209,12,20220208,57,3
19376,8,5,20220523,45,2
19377,234,14,20220117,49,5
19378,25,5,20220920,56,5
19379,204,5,20210104,78,4
19380,112,9,20221223,73,4
19381,172,14,20230117,73,5
19382,65,9,20230824,89,1
19383,122,3,20230112,72,1
19384,214,4,20231107,38,5
19385,138,11,20241028,26,3
19386,231,12,20221001,79,4
19387,15,13,20240307,13,1
19388,177,4,20220915,62,2
19389,1,4,20210907,38,3
19390,222,6,20230728,8,2
19391,39,1,20230422,31,4
19392,233,4,20220526,90,1
19393,57,5,20230405,36,1
19394,204,5,20241204,66,5
19395,63,12,20210724,19,1
19396,35,8,20211020,11,2
19397,144,13,20220318,80,2
19398,82,2,20231114,77,3
19399,85,8,20231225,93,4
19400,38,8,20210523,96,2
19401,150,2,20220205,97,5
19402,155,4,20241020,80,1
19403,127,6,20230825,76,5
19404,15,2,20240307,59,4
19405,213,5,20220909,54,3
19406,2,12,20220116,4,1
19407,210,13,20240823,8,2
19408,61,14,20241008,13,1
19409,105,1,20241115,24,5
19410,13,13,20240313,61,1
19411,169,13,20210614,73,2
19412,74,8,20230209,0,1
19413,86,2,20241202,57,1
19414,191,6,20210626,38,2
19415,66,2,20220119,59,3
19416,142,14,20230820,4,5
19417,208,7,20220212,69,1
19418,52,6,20241110,59,5
19419,144,6,20221117,60,5
19420,120,1,20230702,85,5
19421,172,1,20210611,58,2
19422,110,4,20241023,30,5
19423,134,7,20240802,55,3
19424,170,2,20221118,31,4
19425,50,8,20231110,85,1
19426,12,11,20220509,93,1
19427,133,11,20221023,83,2
19428,150,14,20241126,87,3
19429,111,12,20211222,63,3
19430,102,4,20230128,21,4
19431,138,3,20220614,76,4
19432,243,14,20220323,19,2
19433,163,8,20240907,77,2
19434,181,4,20230220,29,4
19435,130,8,20210811,28,3
19436,143,9,20220105,85,5
19437,59,7,20231010,94,5
19438,101,13,20240828,53,4
19439,182,4,20240206,70,2
19440,211,10,20240219,63,5
19441,61,3,20210125,47,5
19442,57,8,20210609,63,1
19443,90,1,20240213,49,1
19444,71,9,20210805,25,1
19445,87,7,20210913,33,4
19446,100,8,20220405,86,3
19447,149,2,20220721,14,4
19448,71,3,20210212,19,4
19449,221,9,20240721,4,4
19450,105,5,20230119,73,3
19451,89,2,20230208,20,4
19452,80,7,20220402,35,4
19453,204,7,20221203,61,2
19454,145,12,20240515,10,4
19455,120,12,20210919,25,2
19456,35,2,20221010,57,1
19457,58,7,20220520,63,3
19458,5,10,20221228,79,5
19459,4,14,20210714,25,4
19460,125,8,20230715,91,5
19461,235,14,20211223,61,1
19462,87,5,20241121,97,4
19463,125,2,20231219,48,4
19464,147,8,20231119,15,2
19465,129,10,20240725,69,3
19466,185,10,20230906,69,2
19467,104,10,20210603,1,1
19468,22,12,20230527,52,2
19469,219,5,20231118,97,3
19470,87,10,20220717,81,2
19471,22,3,20220724,99,1
19472,51,1,20211109,14,4
19473,234,5,20211208,38,2
19474,98,6,20211107,39,4
19475,58,7,20231116,54,1
19476,153,14,20210221,40,3
19477,149,4,20211214,30,3
19478,146,5,20221227,39,5
19479,12,14,20240310,88,1
19480,87,9,20240312,51,2
19481,149,10,20210912,46,4
19482,68,2,20240505,41,5
19483,69,8,20230322,34,2
19484,147,14,20231011,34,5
19485,122,2,20231004,1,3
19486,219,3,20240310,89,4
19487,5,3,20241015,73,5
19488,115,2,20230108,91,5
19489,139,3,20240828,74,1
19490,162,13,20240515,7,3
19491,14,7,20240219,84,5
19492,196,1,20220627,61,1
19493,107,7,20230220,85,5
19494,96,13,20240322,22,2
19495,177,9,20230717,42,2
19496,35,14,20210726,56,4
19497,123,8,20241126,36,3
19498,136,14,20240514,48,3
19499,154,10,20220901,82,2
19500,244,3,20220604,74,5
19501,72,13,20230813,69,5
19502,206,1,20240223,99,5
19503,188,4,20210814,75,2
19504,169,7,20240114,19,4
19505,159,3,20240302,38,3
19506,105,14,20241117,84,4
19507,121,7,20220816,64,2
19508,66,11,20230110,98,2
19509,117,13,20240326,22,5
19510,37,12,20231201,75,1
19511,64,12,20220316,6,3
19512,117,10,20241226,11,3
19513,12,7,20240618,64,1
19514,78,4,20220722,4,2
19515,204,6,20210705,38,3
19516,185,10,20211109,26,2
19517,2,13,20240107,92,3
19518,243,4,20220521,76,2
19519,149,9,20210925,3,2
19520,88,7,20220603,62,2
19521,117,6,20221128,4,3
19522,184,4,20220827,7,5
19523,23,6,20230705,48,4
19524,67,7,20220809,60,2
19525,196,11,20221017,62,5
19526,222,12,20220228,15,3
19527,246,9,20220420,73,5
19528,155,6,20210423,93,1
19529,95,8,20211028,75,2
19530,109,8,20220322,79,4
19531,245,1,20240105,95,3
19532,161,13,20230622,1,5
19533,3,14,20240120,81,4
19534,98,11,20230815,44,5
19535,80,6,20220201,85,1
19536,87,4,20220512,81,4
19537,150,3,20221217,33,1
19538,163,2,20221221,96,5
19539,50,1,20221008,72,5
19540,98,5,20210822,36,3
19541,184,5,20220712,23,1
19542,27,4,20221203,7,5
19543,123,14,20220619,2,4
19544,12,3,20210415,7,5
19545,11,13,20240505,3,3
19546,186,1,20240105,47,1
19547,24,7,20230217,2,3
19548,242,9,20240727,84,2
19549,47,10,20220517,5,4
19550,208,14,20230413,6,4
19551,211,11,20230927,64,4
19552,81,5,20231220,87,5
19553,130,13,20240107,88,5
19554,61,5,20220603,89,4
19555,40,13,20210610,28,3
19556,25,8,20211206,15,2
19557,193,10,20240609,15,2
19558,21,10,20231007,63,1
19559,167,12,20211112,10,1
19560,182,7,20221202,28,5
19561,166,11,20230916,8,5
19562,25,1,20231108,16,5
19563,85,3,20220401,7,1
19564,233,2,20230914,31,1
19565,194,8,20211210,65,3
19566,62,13,20231017,18,3
19567,60,2,20221103,83,5
19568,183,1,20240510,0,1
19569,183,6,20230920,83,2
19570,172,7,20220601,89,4
19571,237,14,20240415,73,3
19572,142,6,20241212,74,4
19573,12,7,20241013,89,4
19574,180,6,20220121,60,1
19575,64,9,20240420,19,2
19576,201,7,20220110,98,3
19577,67,14,20240225,46,5
19578,81,12,20210913,97,3
19579,198,5,20220714,52,2
19580,177,8,20210913,76,3
19581,235,12,20210823,13,2
19582,162,4,20230328,25,2
19583,92,10,20241201,14,5
19584,116,14,20220408,53,1
19585,172,12,20240511,73,3
19586,128,12,20240201,77,4
19587,138,2,20220719,15,5
19588,35,10,20230522,25,4
19589,71,5,20240106,17,4
19590,10,8,20220311,13,4
19591,134,12,20230601,19,4
19592,212,4,20230905,12,5
19593,122,13,20210305,52,3
19594,244,1,20241002,58,5
19595,22,13,20240822,82,4
19596,219,4,20210716,34,4
19597,233,1,20230313,78,4
19598,202,10,20230223,66,3
19599,11,7,20211016,91,5
19600,29,14,20211212,24,5
19601,136,3,20230307,82,1
19602,78,3,20210912,40,4
19603,236,4,20231002,49,4
19604,160,3,20240202,49,5
19605,131,10,20220610,52,1
19606,190,3,20220427,69,2
19607,24,12,20221003,4,4
19608,142,3,20240403,6,1
19609,118,3,20220108,19,4
19610,100,3,20220321,22,5
19611,238,12,20220626,4,5
19612,91,1,20241011,63,1
19613,23,5,20210724,5,4
19614,228,1,20230716,34,5
19615,218,13,20231002,16,2
19616,50,3,20230703,28,2
19617,24,7,20240305,90,1
19618,26,6,20240802,44,4
19619,17,5,20240928,68,2
19620,139,9,20241209,41,5
19621,240,2,20240228,31,2
19622,219,7,20221117,98,4
19623,152,9,20220112,52,1
19624,142,1,20210810,2,4
19625,217,14,20211009,76,3
19626,99,1,20210502,77,3
19627,213,7,20241021,10,3
19628,4,9,20221112,38,5
19629,102,14,20241123,63,3
19630,179,10,20210819,90,5
19631,170,12,20230215,73,2
19632,113,10,20221121,37,1
19633,36,1,20240207,14,2
19634,77,11,20221008,32,1
19635,238,7,20230820,75,5
19636,25,8,20240911,53,3
19637,181,7,20240303,60,1
19638,226,1,20240827,60,5
19639,206,2,20210903,78,5
19640,90,1,20230528,23,2
19641,93,8,20230118,77,2
19642,56,10,20220502,30,5
19643,236,13,20210515,12,3
19644,122,1,20210115,74,3
19645,12,11,20240814,98,1
19646,84,3,20210826,11,1
19647,233,4,20240125,70,2
19648,157,12,20221119,4,5
19649,238,9,20230817,57,4
19650,25,4,20211107,30,3
19651,151,11,20220823,19,3
19652,15,4,20211210,97,4
19653,217,5,20220628,98,2
19654,147,3,20231026,3,4
19655,98,2,20220817,77,4
19656,91,5,20211024,80,2
19657,142,6,20240415,97,2
19658,35,2,20230411,98,1
19659,137,1,20230823,62,1
19660,164,7,20230923,31,3
19661,221,6,20231016,53,5
19662,49,9,20221017,59,3
19663,94,9,20240315,35,4
19664,209,6,20241211,77,1
19665,81,1,20240401,71,2
19666,93,5,20220103,91,4
19667,110,13,20240405,0,5
19668,49,3,20221014,58,1
19669,27,5,20240203,6,5
19670,78,11,20230916,81,4
19671,13,14,20211109,76,2
19672,145,5,20220901,4,2
19673,98,3,20230905,0,3
19674,94,14,20240719,55,3
19675,178,10,20220311,38,4
19676,102,11,20241206,49,1
19677,101,12,20240401,47,3
19678,188,6,20210616,93,5
19679,14,12,20240111,60,4
19680,136,1,20220219,71,3
19681,113,2,20210119,76,4
19682,202,6,20231121,14,1
19683,159,7,20230523,61,5
19684,229,12,20221004,41,5
19685,204,2,20231116,59,1
19686,213,14,20240817,20,4
19687,219,1,20220704,97,4
19688,48,10,20231211,79,3
19689,144,5,20220310,94,5
19690,217,2,20230320,6,4
19691,25,12,20230706,85,1
19692,20,4,20230312,34,2
19693,207,12,20230820,87,4
19694,50,5,20230809,32,1
19695,208,4,20230924,20,2
19696,114,12,20220416,80,3
19697,22,9,20210725,15,3
19698,88,8,20230911,27,1
19699,167,13,20220312,30,4
19700,194,1,20210327,66,3
19701,106,13,20231002,48,5
19702,222,9,20220606,22,5
19703,37,11,20220810,78,5
19704,202,10,20210810,31,3
19705,7,6,20240906,88,3
19706,161,7,20231024,26,4
19707,64,13,20240506,45,3
19708,126,14,20240716,90,3
19709,49,6,20230302,28,4
19710,150,5,20230515,2,4
19711,64,6,20211117,20,1
19712,237,9,20211211,42,3
19713,18,11,20220618,21,3
19714,158,13,20230828,12,4
19715,246,14,20220409,50,5
19716,112,10,20210708,76,2
19717,119,9,20221121,0,4
19718,19,1,20210922,22,1
19719,72,3,20240928,65,2
19720,46,5,20210324,82,2
19721,98,12,20220322,15,2
19722,84,13,20230109,9,3
19723,63,9,20241218,38,4
19724,138,9,20240720,12,1
19725,123,5,20220726,14,1
19726,83,13,20220513,70,2
19727,135,2,20240301,56,2
19728,247,14,20231007,86,4
19729,237,7,20240411,25,2
19730,176,10,20211010,67,4
19731,5,5,20231205,74,2
19732,231,6,20240117,38,5
19733,49,11,20240216,76,3
19734,218,3,20240119,71,3
19735,19,8,20231203,61,5
19736,71,14,20211003,84,2
19737,96,10,20210126,10,2
19738,15,14,20211112,74,5
19739,153,10,20231006,33,5
19740,159,4,20211128,51,2
19741,94,14,20230710,39,1
19742,216,5,20230821,94,3
19743,221,3,20211009,7,4
19744,128,9,20210518,87,2
19745,162,11,20240911,7,1
19746,175,4,20211223,0,1
19747,109,1,20231203,30,2
19748,51,8,20220619,52,5
19749,138,4,20210625,92,4
19750,16,12,20240215,26,5
19751,210,9,20230602,42,5
19752,81,6,20220901,71,1
19753,169,8,20210202,25,4
19754,222,4,20241222,56,2
19755,48,6,20241225,47,3
19756,124,7,20211027,81,4
19757,110,5,20231222,77,1
19758,126,9,20240201,68,2
19759,153,10,20220213,78,3
19760,149,2,20210718,34,1
19761,68,9,20220101,48,1
19762,219,8,20240619,69,3
19763,55,6,20220328,86,3
19764,85,6,20230505,63,4
19765,125,8,20210208,97,3
19766,197,6,20220309,90,3
19767,8,8,20220311,72,1
19768,11,8,20230701,52,2
19769,176,6,20241228,21,1
19770,214,7,20240205,57,5
19771,204,6,20241126,78,4
19772,180,6,20210110,20,2
19773,9,4,20210303,61,3
19774,135,9,20211009,76,4
19775,210,1,20241016,86,2
19776,84,11,20231103,11,5
19777,35,13,20210106,73,5
19778,35,5,20240505,37,1
19779,51,7,20240723,38,3
19780,225,4,20220704,77,3
19781,241,4,20220701,72,1
19782,246,3,20210411,18,4
19783,233,6,20210419,85,1
19784,169,13,20211118,28,1
19785,101,4,20210821,18,5
19786,1,6,20230908,86,3
19787,244,2,20210519,28,3
19788,25,9,20221210,2,1
19789,112,5,20230315,84,3
19790,99,12,20210128,84,2
19791,82,2,20231224,51,5
19792,69,13,20230911,96,4
19793,104,7,20220704,25,3
19794,83,6,20230726,91,3
19795,179,8,20220727,27,3
19796,150,1,20210702,66,5
19797,209,7,20220203,46,3
19798,154,2,20231102,96,2
19799,241,6,20241218,58,2
19800,206,13,20230321,29,3
19801,42,9,20231027,21,5
19802,145,6,20220827,0,1
19803,175,5,20210316,12,2
19804,154,13,20211015,91,4
19805,3,7,20230622,22,2
19806,27,4,20240317,76,2
19807,34,2,20230421,60,4
19808,157,3,20231009,34,3
19809,61,8,20220901,27,1
19810,185,9,20240228,96,1
19811,185,12,20220314,55,4
19812,98,14,20220305,12,4
19813,240,4,20230915,67,1
19814,21,14,20230616,37,5
19815,54,13,20211227,1,2
19816,113,9,20240510,12,4
19817,240,4,20220922,41,5
19818,109,9,20231002,18,4
19819,125,3,20240324,90,4
19820,133,4,20231027,92,5
19821,117,6,20220310,42,3
19822,238,11,20221215,2,2
19823,70,3,20230528,32,5
19824,80,1,20210620,18,3
19825,56,8,20210611,67,1
19826,59,11,20230505,40,2
19827,61,12,20211022,97,5
19828,97,5,20210805,12,3
19829,47,13,20230219,98,1
19830,209,10,20211004,31,3
19831,3,8,20241026,52,2
19832,100,9,20241002,34,4
19833,81,11,20220725,12,5
19834,202,5,20210113,80,3
19835,172,3,20240321,79,5
19836,107,10,20230424,59,3
19837,97,3,20210408,66,3
19838,235,4,20221110,27,1
19839,136,9,20230313,60,5
19840,221,13,20210726,92,2
19841,210,7,20241120,70,1
19842,179,13,20240627,54,5
19843,4,1,20220221,17,2
19844,58,3,20230523,16,3
19845,189,9,20220602,32,2
19846,34,11,20230702,79,3
19847,222,1,20220223,86,3
19848,213,8,20220920,78,3
19849,133,13,20230521,55,5
19850,216,4,20231216,85,3
19851,82,4,20240519,33,1
19852,186,10,20210523,52,1
19853,241,4,20210807,65,1
19854,75,7,20220407,64,4
19855,229,12,20240414,28,5
19856,163,7,20231110,71,1
19857,113,2,20221223,14,4
19858,163,3,20211122,95,2
19859,50,6,20211007,95,5
19860,118,3,20231025,18,5
19861,94,4,20220315,81,1
19862,226,6,20230821,60,4
19863,49,1,20210524,16,1
19864,248,12,20241113,94,5
19865,222,8,20230521,22,2
19866,197,11,20231028,78,3
19867,94,10,20210302,3,2
19868,78,13,20220916,78,1
19869,30,13,20220713,53,4
19870,50,6,20220514,0,1
19871,103,5,20240128,59,2
19872,21,1,20240703,34,4
19873,192,14,20230224,5,4
19874,191,8,20210427,83,5
19875,79,8,20240212,84,1
19876,199,14,20210101,1,1
19877,6,11,20210414,33,1
19878,198,2,20210708,79,5
19879,146,1,20210427,5,1
19880,248,8,20240721,73,3
19881,248,1,20230304,63,4
19882,238,3,20230826,13,5
19883,214,11,20220325,68,1
19884,247,6,20230325,54,4
19885,98,6,20221103,80,3
19886,172,2,20211115,97,4
19887,227,4,20230220,30,2
19888,79,14,20220118,68,3
19889,133,1,20220715,4,2
19890,171,11,20230311,23,3
19891,198,8,20210127,4,1
19892,227,1,20210619,62,4
19893,196,7,20221106,12,5
19894,33,5,20220917,35,1
19895,49,7,20210806,80,2
19896,111,3,20210717,97,4
19897,12,13,20210625,75,1
19898,215,7,20211109,99,3
19899,165,6,20240810,81,4
19900,67,5,20230322,22,3
19901,178,2,20230910,52,5
19902,161,12,20240220,3,5
19903,174,3,20210622,49,2
19904,128,10,20240309,4,2
19905,4,14,20240805,26,4
19906,234,12,20240122,0,1
19907,5,4,20220307,88,2
19908,95,4,20221211,71,5
19909,92,6,20210722,44,5
19910,239,8,20210404,5,3
19911,3,3,20240717,98,5
19912,181,8,20231222,73,4
19913,100,1,20220520,97,4
19914,96,10,20240128,83,2
19915,67,1,20220216,90,2
19916,234,8,20240902,18,4
19917,191,11,20241103,38,2
19918,6,4,20240211,0,1
19919,175,14,20221213,99,1
19920,211,12,20231115,44,3
19921,216,8,20230625,29,5
19922,24,5,20240606,79,4
19923,172,7,20221003,55,2
19924,249,3,20210728,61,3
19925,148,5,20230711,19,1
19926,250,14,20231125,38,4
19927,108,14,20221117,37,1
19928,128,14,20230921,4,4
19929,86,3,20240717,66,4
19930,124,10,20230419,25,3
19931,150,6,20220804,59,5
19932,47,8,20240615,56,2
19933,108,8,20220405,82,1
19934,60,7,20241210,3,3
19935,187,5,20210201,11,2
19936,146,5,20210321,99,4
19937,160,4,20221112,6,2
19938,149,1,20230124,48,5
19939,170,14,20230809,67,5
19940,31,14,20220727,99,2
19941,152,6,20240508,32,1
19942,49,10,20230202,81,3
19943,21,8,20240604,43,5
19944,182,3,20231011,54,3
19945,34,9,20210621,47,3
19946,212,2,20210425,56,1
19947,140,1,20210319,1,4
19948,186,8,20240920,82,4
19949,7,13,20231217,89,1
19950,24,2,20240306,53,5
19951,85,7,20220217,27,2
19952,76,13,20220102,85,1
19953,201,13,20230909,85,2
19954,161,6,20240910,73,3
19955,160,11,20231204,1,5
19956,124,14,20230703,71,3
19957,211,13,20240809,58,4
19958,80,5,20230722,9,3
19959,159,11,20210916,27,5
19960,72,11,20221205,50,2
19961,64,7,20220911,88,2
19962,77,5,20241205,95,2
19963,213,2,20210515,11,2
19964,245,4,20240715,52,4
19965,123,9,20220807,28,1
19966,101,1,20240311,83,1
19967,168,7,20241122,83,4
19968,180,3,20240110,63,5
19969,177,2,20220328,92,4
19970,133,3,20231228,42,2
19971,8,2,20211211,52,1
19972,143,5,20230522,60,3
19973,126,4,20221218,58,5
19974,235,7,20230321,0,4
19975,32,9,20210908,61,2
19976,124,13,20220619,66,2
19977,81,6,20220321,37,5
19978,43,3,20220205,95,3
19979,89,6,20220828,85,1
19980,248,3,20240618,27,3
19981,166,14,20230403,37,5
19982,45,4,20210628,78,5
19983,38,1,20211121,9,5
19984,165,2,20240402,12,2
19985,138,14,20220727,51,5
19986,108,14,20220504,55,5
19987,56,3,20231105,40,2
19988,75,6,20210211,21,2
19989,16,9,20230803,52,1
19990,55,3,20211227,99,4
19991,244,8,20241110,1,5
19992,202,11,20221001,24,3
19993,134,10,20221223,43,1
19994,113,12,20240320,83,3
19995,103,13,20240324,57,5
19996,149,8,20230604,68,1
19997,243,2,20241204,53,5
19998,17,2,20230401,44,1
19999,28,1,20210928,86,5
20000,13,12,20230709,98,4
20001,2,1,20220911,18,4
20002,249,1,20211204,45,4
20003,201,9,20230104,38,1
20004,45,13,20221106,58,2
20005,164,12,20210514,86,4
20006,1,1,20210626,13,5
20007,84,4,20210318,86,2
20008,240,2,20230809,55,3
20009,242,6,20241113,30,2
20010,28,6,20230519,67,2
20011,213,5,20241221,98,5
20012,155,14,20231025,39,5
20013,78,14,20220506,40,2
20014,82,7,20220313,28,1
20015,3,6,20220916,3,1
20016,116,13,20220608,71,2
20017,184,11,20220426,16,5
20018,41,4,20230220,64,4
20019,7,1,20240607,29,3
20020,127,12,20230714,58,2
20021,166,4,20240726,45,5
20022,34,4,20231025,75,3
20023,228,12,20240710,4,4
20024,89,13,20230428,79,1
20025,97,6,20220609,48,1
20026,163,9,20210828,15,2
20027,193,10,20230708,1,5
20028,8,3,20210113,32,3
20029,177,7,20240812,25,2
20030,40,12,20230613,21,4
20031,181,14,20230304,68,1
20032,236,5,20230305,38,4
20033,202,11,20230821,48,4
20034,29,1,20210407,97,5
20035,40,6,20230603,21,5
20036,25,12,20231108,48,5
20037,167,11,20220412,69,4
20038,167,1,20240521,27,3
20039,248,1,20210518,1,1
20040,159,3,20240425,71,4
20041,226,2,20231213,72,3
20042,169,6,20231015,54,1
20043,120,9,20230518,97,1
20044,55,2,20240408,18,1
20045,22,2,20210222,95,3
20046,50,7,20221108,89,4
20047,226,14,20210709,33,2
20048,185,6,20241013,39,3
20049,96,4,20240127,78,5
20050,219,9,20210805,96,2
20051,1,10,20210406,53,2
20052,44,8,20220403,62,4
20053,124,5,20240805,35,4
20054,26,2,20220708,82,1
20055,40,3,20230714,16,1
20056,90,13,20241126,60,1
20057,62,2,20240507,39,2
20058,236,7,20230610,17,4
20059,116,1,20230110,4,1
20060,137,6,20210326,34,5
20061,242,5,20241118,21,1
20062,169,5,20240814,66,1
20063,18,9,20220213,56,1
20064,96,7,20210320,99,2
20065,176,9,20240703,44,4
20066,36,10,20220304,72,2
20067,67,14,20240415,39,3
20068,51,4,20230222,28,3
20069,191,8,20241106,69,5
20070,144,6,20210708,24,4
20071,212,13,20241216,90,5
20072,243,5,20240802,47,3
20073,194,6,20210202,33,3
20074,43,4,20210918,7,5
20075,86,8,20210714,44,4
20076,163,12,20220316,3,1
20077,80,8,20220621,76,1
20078,72,13,20240725,8,5
20079,53,13,20221210,9,1
20080,121,5,20241023,80,3
20081,85,12,20220314,17,2
20082,64,4,20210525,35,4
20083,101,14,20221214,84,5
20084,209,11,20211124,82,5
20085,46,14,20241003,55,4
20086,123,3,20220920,40,2
20087,41,1,20220812,29,4
20088,17,13,20240901,70,1
20089,148,10,20230305,56,5
20090,223,14,20210320,69,4
20091,105,3,20230103,58,5
20092,191,9,20220106,88,3
20093,216,2,20210604,75,3
20094,202,7,20210903,26,3
20095,158,4,20230414,52,3
20096,93,14,20210212,84,3
20097,176,10,20240701,55,1
20098,203,5,20230128,55,3
20099,190,2,20241027,36,5
20100,64,3,20240123,51,3
20101,130,3,20221025,53,2
20102,11,2,20210709,93,2
20103,98,10,20210611,22,2
20104,74,1,20221011,75,4
20105,50,3,20221111,12,5
20106,181,3,20240320,41,3
20107,32,12,20240504,27,4
20108,215,7,20210221,8,1
20109,74,2,20240601,77,5
20110,141,8,20220916,98,4
20111,162,5,20210106,12,1
20112,53,4,20211107,42,1
20113,108,9,20240607,99,3
20114,162,7,20221225,2,1
20115,5,14,20210525,7,2
20116,131,14,20220225,92,3
20117,235,11,20231122,71,3
20118,4,10,20220924,49,1
20119,47,4,20230118,51,3
20120,236,8,20210906,57,5
20121,44,4,20210916,7,5
20122,191,7,20231028,57,5
20123,60,5,20230627,88,4
20124,78,7,20231210,80,5
20125,76,5,20211219,77,1
20126,69,4,20220316,51,1
20127,228,7,20240714,51,3
20128,73,7,20221201,66,3
20129,114,10,20221006,75,1
20130,210,13,20240419,40,4
20131,55,13,20230124,32,2
20132,31,6,20241124,31,2
20133,86,5,20241118,24,1
20134,119,2,20210910,11,2
20135,15,11,20240718,62,2
20136,89,9,20210125,24,5
20137,152,1,20230802,65,3
20138,221,1,20230604,52,4
20139,168,9,20230801,56,5
20140,200,1,20230714,76,3
20141,41,6,20210312,7,4
20142,163,10,20210825,80,1
20143,215,13,20221114,40,4
20144,130,5,20230109,90,5
20145,171,4,20230421,37,3
20146,61,2,20220210,27,2
20147,5,14,20210816,79,2
20148,206,11,20240218,16,1
20149,25,3,20230621,62,5
20150,99,9,20221204,45,5
20151,17,1,20230608,26,1
20152,201,8,20220815,52,5
20153,196,14,20230506,6,5
20154,151,7,20230115,70,4
20155,24,4,20230401,47,2
20156,250,9,20211014,84,2
20157,109,9,20220906,10,4
20158,149,3,20230127,53,2
20159,209,11,20230412,70,2
20160,222,5,20241206,92,2
20161,245,4,20210315,16,1
20162,180,9,20220302,41,1
20163,215,3,20210225,13,5
20164,167,4,20210525,71,5
20165,150,7,20210928,75,2
20166,10,11,20220212,75,4
20167,130,9,20241013,26,4
20168,107,8,20220404,2,5
20169,132,14,20241222,36,5
20170,158,11,20210713,50,5
20171,183,3,20230714,96,2
20172,129,3,20231126,38,3
20173,205,11,20230705,90,5
20174,156,6,20211010,6,3
20175,247,13,20240306,4,2
20176,225,5,20230913,94,5
20177,188,7,20230820,0,2
20178,216,12,20220707,73,1
20179,31,5,20230213,56,4
20180,151,9,20210915,89,2
20181,157,2,20230527,81,5
20182,225,4,20240713,39,4
20183,39,6,20240726,33,2
20184,201,3,20241212,28,1
20185,248,2,20230603,94,3
20186,49,2,20241010,10,2
20187,203,11,20240523,50,4
20188,101,3,20220602,38,1
20189,105,8,20230219,33,5
20190,200,14,20210116,2,5
20191,247,4,20210125,51,3
20192,238,4,20230905,37,5
20193,187,1,20240913,1,3
20194,7,10,20241011,53,5
20195,174,14,20240423,94,4
20196,123,5,20220401,95,5
20197,49,14,20231228,25,1
20198,71,8,20210324,58,4
20199,164,11,20210825,15,1
20200,56,5,20240321,90,4
20201,141,13,20220604,67,1
20202,83,12,20220316,2,3
20203,158,4,20241201,22,5
20204,229,7,20241112,70,5
20205,194,5,20211214,35,3
20206,144,10,20210501,23,5
20207,71,7,20230722,20,4
20208,225,13,20230717,44,3
20209,168,2,20210615,75,5
20210,12,3,20231025,7,5
20211,108,2,20240624,44,3
20212,167,8,20220611,58,4
20213,126,9,20240618,71,4
20214,9,8,20220617,48,3
20215,193,6,20220801,44,4
20216,217,8,20210826,98,1
20217,32,6,20231223,62,3
20218,193,13,20240206,89,3
20219,75,7,20211110,61,1
20220,66,12,20220223,55,2
20221,99,11,20210913,68,3
20222,162,6,20221015,62,2
20223,152,13,20240812,22,1
20224,100,7,20240515,77,1
20225,245,3,20240320,74,3
20226,153,4,20240409,20,4
20227,101,12,20230312,56,5
20228,87,7,20211119,62,3
20229,202,8,20211026,84,5
20230,117,3,20221115,96,5
20231,145,7,20240918,84,4
20232,6,5,20220926,18,1
20233,246,10,20211028,9,5
20234,69,7,20241106,15,3
20235,164,14,20230723,65,2
20236,143,5,20210409,64,3
20237,226,7,20210627,16,2
20238,36,8,20220214,93,3
20239,110,2,20230728,96,4
20240,41,7,20220901,41,3
20241,168,5,20210816,34,4
20242,145,13,20221102,95,5
20243,16,4,20210312,9,4
20244,113,4,20230511,65,4
20245,43,7,20240917,64,4
20246,163,14,20230326,17,1
20247,214,9,20230106,71,5
20248,94,7,20230403,7,1
20249,240,6,20240521,55,3
20250,147,5,20220322,99,3
20251,174,8,20240328,62,5
20252,231,10,20231227,63,3
20253,172,2,20240711,73,3
20254,202,4,20210128,97,4
20255,153,4,20240219,69,5
20256,40,11,20210125,23,3
20257,138,6,20221016,82,3
20258,188,14,20241021,22,5
20259,93,2,20240728,80,4
20260,64,13,20230210,75,2
20261,44,5,20221006,69,4
20262,17,3,20230815,49,5
20263,158,8,20231205,47,3
20264,131,2,20220418,10,4
20265,53,2,20220816,42,1
20266,186,2,20241011,69,5
20267,172,14,20230324,68,4
20268,173,3,20230510,22,1
20269,161,7,20220817,93,2
20270,167,14,20220612,43,2
20271,239,1,20230607,9,4
20272,76,1,20240505,67,2
20273,42,9,20210502,25,3
20274,132,12,20220523,63,2
20275,89,12,20210805,57,5
20276,14,4,20220805,36,2
20277,194,12,20220627,13,1
20278,156,10,20240410,83,4
20279,106,3,20240716,74,5
20280,244,7,20240427,70,3
20281,148,3,20210302,14,3
20282,16,10,20210903,90,3
20283,83,5,20221005,2,1
20284,219,11,20240325,17,3
20285,75,14,20230828,56,3
20286,173,1,20220708,36,4
20287,232,10,20210107,9,3
20288,162,12,20240320,75,1
20289,62,9,20220111,20,2
20290,101,6,20240817,46,4
20291,52,13,20220524,43,5
20292,54,10,20230802,3,3
20293,199,7,20220301,41,5
20294,68,3,20231021,16,3
20295,62,13,20230711,88,1
20296,102,5,20210227,68,2
20297,112,8,20230818,25,1
20298,19,7,20220509,2,1
20299,108,12,20230606,67,5
20300,112,5,20230303,46,4
20301,120,7,20240513,91,3
20302,175,10,20221226,11,2
20303,220,1,20220119,27,2
20304,190,11,20220228,11,5
20305,97,14,20240427,68,1
20306,112,7,20231024,67,1
20307,208,5,20240307,47,5
20308,214,4,20221208,73,4
20309,250,12,20240707,45,4
20310,40,1,20240826,19,4
20311,183,4,20230313,36,4
20312,174,3,20210918,89,3
20313,198,11,20220714,3,4
20314,33,8,20210925,99,1
20315,200,3,20211019,59,5
20316,165,4,20220419,57,1
20317,30,8,20230217,78,2
20318,122,11,20230211,48,4
20319,213,12,20240216,80,2
20320,223,1,20220528,52,2
20321,42,1,20231214,47,2
20322,13,14,20230713,64,1
20323,76,11,20210407,92,3
20324,234,2,20221208,21,3
20325,78,6,20240220,66,3
20326,68,10,20230622,84,5
20327,94,13,20230401,67,3
20328,188,2,20230810,79,5
20329,24,1,20241001,14,4
20330,6,3,20220118,68,5
20331,89,3,20211102,16,3
20332,124,6,20210820,69,2
20333,104,10,20240608,1,2
20334,165,3,20240215,52,5
20335,12,8,20230909,31,2
20336,195,14,20220212,16,4
20337,23,13,20220509,25,4
20338,67,10,20231201,24,3
20339,243,10,20240801,0,3
20340,214,1,20210705,70,3
20341,187,2,20220316,97,1
20342,33,9,20241104,64,2
20343,97,3,20220619,0,2
20344,30,9,20210903,30,1
20345,188,1,20220205,14,1
20346,222,4,20211105,10,4
20347,144,3,20221010,32,4
20348,198,9,20210308,26,3
20349,145,3,20210127,10,3
20350,229,11,20220213,22,5
20351,180,7,20230214,47,5
20352,46,11,20220421,77,5
20353,217,4,20230122,85,2
20354,246,1,20241117,42,2
20355,150,3,20220811,89,2
20356,138,14,20211116,26,2
20357,244,9,20221215,38,3
20358,24,2,20221128,50,2
20359,218,1,20240214,79,1
20360,235,6,20210808,36,4
20361,193,5,20210312,80,1
20362,100,1,20220921,68,1
20363,22,11,20241206,83,3
20364,109,5,20211004,27,3
20365,64,10,20231006,4,1
20366,2,11,20240826,63,4
20367,116,14,20230420,78,2
20368,209,4,20241003,15,4
20369,88,10,20220205,84,5
20370,99,8,20210922,76,4
20371,118,2,20210210,11,4
20372,136,6,20230624,13,5
20373,98,4,20220221,60,3
20374,103,2,20240303,64,1
20375,173,10,20220828,35,1
20376,28,14,20240522,55,1
20377,151,9,20210816,51,2
20378,195,4,20231204,33,2
20379,198,3,20220709,19,5
20380,201,10,20210403,84,1
20381,170,8,20230615,47,4
20382,242,12,20220322,78,2
20383,153,6,20241216,65,3
20384,163,5,20241007,57,4
20385,60,3,20230726,85,5
20386,92,7,20240420,68,2
20387,56,6,20220627,59,5
20388,164,5,20220913,47,2
20389,151,13,20230325,65,2
20390,66,14,20210213,18,1
20391,82,9,20220306,94,4
20392,85,11,20240814,30,5
20393,30,7,20210312,73,1
20394,127,11,20221217,19,4
20395,227,8,20211206,21,3
20396,13,8,20230526,75,1
20397,20,14,20230404,19,3
20398,161,2,20240105,37,2
20399,108,3,20241114,12,4
20400,129,1,20210307,29,4
20401,232,14,20220325,16,4
20402,170,11,20230107,37,1
20403,4,3,20230320,51,1
20404,101,1,20210710,38,3
20405,76,10,20210709,50,2
20406,133,8,20240901,37,4
20407,4,2,20240216,67,5
20408,81,8,20230107,73,1
20409,234,11,20220706,6,4
20410,64,12,20210825,99,1
20411,21,10,20220115,5,1
20412,120,1,20210312,78,1
20413,179,6,20210801,69,2
20414,151,7,20211125,10,4
20415,221,9,20210424,81,3
20416,148,11,20240228,34,5
20417,47,10,20240915,9,4
20418,57,12,20220607,94,3
20419,165,14,20230921,19,4
20420,92,11,20240821,47,5
20421,144,5,20231211,52,5
20422,241,9,20231120,74,1
20423,147,9,20220519,77,2
20424,91,9,20241218,19,3
20425,178,1,20220303,89,5
20426,48,4,20231011,66,4
20427,185,6,20221001,13,1
20428,236,11,20220201,96,4
20429,132,11,20240316,12,5
20430,139,14,20230227,51,5
20431,133,5,20210806,18,4
20432,87,1,20230402,91,2
20433,167,6,20230813,9,2
20434,237,12,20210413,15,4
20435,49,6,20210321,13,4
20436,165,3,20210122,66,3
20437,68,3,20230721,61,2
20438,159,12,20220501,7,4
20439,83,10,20210319,36,4
20440,211,8,20220410,93,5
20441,107,4,20210603,24,3
20442,229,7,20240616,98,2
20443,200,8,20231122,76,1
20444,217,2,20240801,70,1
20445,44,1,20240420,37,2
20446,216,1,20220701,57,5
20447,96,10,20211111,25,2
20448,176,5,20240218,43,4
20449,249,6,20210811,75,4
20450,103,9,20240607,24,3
20451,124,9,20210401,28,2
20452,73,2,20210309,14,5
20453,216,2,20231119,31,5
20454,61,8,20210216,11,2
20455,201,6,20210506,55,5
20456,224,10,20230307,55,2
20457,247,9,20220802,46,2
20458,244,11,20240306,18,3
20459,210,2,20220617,1,1
20460,166,2,20210308,35,2
20461,64,13,20210326,0,2
20462,200,5,20240822,62,2
20463,9,11,20240106,47,2
20464,53,5,20231227,86,5
20465,115,13,20241123,46,3
20466,119,9,20230514,46,1
20467,217,10,20210618,26,2
20468,130,6,20221003,21,3
20469,199,3,20240112,36,3
20470,180,10,20240912,40,4
20471,193,7,20220304,4,4
20472,149,12,20220721,11,3
20473,43,6,20240422,73,3
20474,184,2,20240327,52,3
20475,38,7,20231027,85,2
20476,226,13,20230211,18,2
20477,17,13,20230611,99,5
20478,172,3,20220519,2,1
20479,79,11,20230520,9,4
20480,109,14,20241115,56,4
20481,66,6,20210516,12,1
20482,162,7,20210925,10,1
20483,98,8,20230807,20,4
20484,16,2,20210928,93,5
20485,32,13,20231126,11,5
20486,125,1,20230726,16,1
20487,238,4,20230423,66,3
20488,95,13,20210623,63,5
20489,70,9,20210703,60,3
20490,203,4,20240221,48,5
20491,238,8,20220504,98,1
20492,78,12,20240301,31,5
20493,239,12,20211212,36,5
20494,19,9,20230813,77,5
20495,58,8,20231122,91,5
20496,42,5,20230628,11,5
20497,241,3,20230223,36,5
20498,176,8,20210708,88,2
20499,239,2,20231209,54,5
20500,107,1,20210506,45,1
20501,147,8,20221215,6,5
20502,105,11,20230422,90,2
20503,31,12,20241019,46,5
20504,244,8,20230118,91,1
20505,72,6,20240109,26,3
20506,205,11,20210501,51,2
20507,23,8,20220819,19,4
20508,195,8,20241210,81,1
20509,238,14,20230903,13,3
20510,149,5,20240922,29,5
20511,234,8,20210807,61,5
20512,127,4,20220603,58,4
20513,32,11,20240111,84,5
20514,175,7,20220708,26,3
20515,170,3,20240608,75,1
20516,14,8,20240820,6,5
20517,98,2,20230614,26,4
20518,147,4,20240409,13,1
20519,30,12,20240628,11,1
20520,71,6,20210521,56,3
20521,8,4,20220920,39,3
20522,166,7,20231124,93,4
20523,145,3,20240102,14,1
20524,27,3,20231126,78,2
20525,124,7,20231016,85,2
20526,224,12,20210908,62,4
20527,137,3,20240215,0,5
20528,11,11,20240622,49,1
20529,178,7,20240412,11,3
20530,109,9,20230303,86,4
20531,144,3,20241120,38,2
20532,112,1,20221211,5,1
20533,21,7,20230115,87,4
20534,221,7,20220704,64,4
20535,81,9,20240920,38,3
20536,168,7,20230808,65,2
20537,157,5,20240902,55,2
20538,239,14,20240622,95,4
20539,83,10,20240307,82,3
20540,231,10,20241101,23,2
20541,92,12,20220103,69,4
20542,6,13,20220224,90,4
20543,224,9,20230314,97,2
20544,154,10,20220909,24,2
20545,205,12,20210920,62,1
20546,193,9,20240708,34,1
20547,212,10,20230301,81,4
20548,111,13,20220706,23,2
20549,203,6,20231028,59,1
20550,48,6,20210906,81,3
20551,232,7,20230821,19,3
20552,200,9,20240908,10,3
20553,54,2,20211101,47,2
20554,244,12,20230415,73,3
20555,217,13,20230809,76,3
20556,111,14,20210618,57,4
20557,84,6,20210110,85,2
20558,55,13,20230613,94,4
20559,90,12,20220328,13,5
20560,29,4,20240723,91,3
20561,159,2,20240207,6,1
20562,77,9,20240303,73,3
20563,53,2,20230519,37,4
20564,55,3,20240902,9,3
20565,36,7,20211014,47,3
20566,198,14,20240705,70,1
20567,141,3,20230309,99,5
20568,195,13,20211221,44,5
20569,216,9,20240803,33,5
20570,178,8,20220308,1,1
20571,179,5,20230101,60,1
20572,17,6,20240925,80,4
20573,86,6,20221203,48,2
20574,221,8,20220122,18,5
20575,180,8,20240603,22,1
20576,186,6,20240518,5,2
20577,85,13,20220804,46,1
20578,69,6,20211128,77,1
20579,211,11,20240820,45,2
20580,134,8,20241124,73,3
20581,35,7,20231002,1,5
20582,53,5,20210512,54,4
20583,91,7,20210519,87,5
20584,238,2,20230715,5,2
20585,235,11,20210228,70,5
20586,34,10,20240820,9,2
20587,245,13,20210111,78,2
20588,45,11,20211111,84,3
20589,41,4,20240719,36,1
20590,67,3,20210617,9,2
20591,214,3,20220708,66,1
20592,109,6,20210627,13,1
20593,38,4,20220803,91,3
20594,25,14,20241121,84,1
20595,204,10,20240101,7,4
20596,46,12,20211114,2,1
20597,50,4,20240305,0,2
20598,57,4,20220809,72,5
20599,172,10,20220910,75,5
20600,191,13,20230626,25,2
20601,39,13,20240725,84,1
20602,191,12,20240712,30,3
20603,114,1,20241024,36,4
20604,102,8,20230802,17,4
20605,103,4,20230605,89,2
20606,216,7,20230317,23,3
20607,126,7,20231118,73,3
20608,232,9,20210909,49,3
20609,207,5,20230527,54,2
20610,150,4,20220727,42,2
20611,85,14,20240805,64,5
20612,233,14,20210410,26,1
20613,11,2,20220208,40,4
20614,199,10,20220118,27,5
20615,240,8,20230702,35,5
20616,104,1,20220216,24,1
20617,18,1,20210326,28,4
20618,24,2,20240421,43,1
20619,108,5,20210627,57,2
20620,66,10,20210715,25,4
20621,29,11,20220216,42,4
20622,46,3,20240705,94,2
20623,224,5,20210515,48,1
20624,138,7,20241219,92,3
20625,179,2,20210406,21,2
20626,51,14,20210214,76,4
20627,83,6,20220216,26,3
20628,218,10,20211118,85,1
20629,242,7,20241023,42,4
20630,215,2,20230122,91,5
20631,230,13,20210910,9,4
20632,58,6,20240805,80,4
20633,40,9,20240509,82,2
20634,198,9,20240319,45,5
20635,154,8,20230407,25,1
20636,81,12,20221127,57,1
20637,17,4,20210413,28,2
20638,195,10,20231203,15,1
20639,13,10,20210319,90,3
20640,46,12,20240311,50,2
20641,102,12,20240826,10,5
20642,136,8,20211013,72,2
20643,164,3,20241213,91,4
20644,205,13,20210223,78,4
20645,2,3,20211026,97,5
20646,78,1,20211020,64,4
20647,146,14,20240813,19,3
20648,171,9,20221012,62,3
20649,120,6,20230706,51,2
20650,61,10,20240726,19,3
20651,102,1,20240920,97,4
20652,242,4,20230521,47,5
20653,213,1,20210921,62,3
20654,29,12,20220919,78,1
20655,88,10,20230528,19,5
20656,46,7,20230610,95,5
20657,204,9,20230901,85,3
20658,76,12,20220225,84,2
20659,18,11,20240701,7,4
20660,19,5,20221019,47,2
20661,82,14,20231212,45,3
20662,174,14,20210505,90,2
20663,102,11,20220304,94,5
20664,90,8,20230819,37,5
20665,122,9,20240327,6,5
20666,19,10,20240818,49,4
20667,184,10,20220218,39,1
20668,89,12,20231114,87,1
20669,224,6,20220802,5,3
20670,250,2,20231123,85,1
20671,68,6,20230804,19,5
20672,238,7,20241124,87,5
20673,24,8,20210927,68,3
20674,129,11,20230408,51,1
20675,202,10,20220306,94,3
20676,139,5,20220202,84,2
20677,79,1,20230218,54,5
20678,50,12,20230512,98,4
20679,55,11,20221004,80,4
20680,84,14,20230609,0,2
20681,167,7,20230206,76,2
20682,89,1,20210816,2,2
20683,15,9,20220707,67,2
20684,62,2,20241127,87,5
20685,3,2,20210801,85,1
20686,80,4,20210913,1,1
20687,227,2,20230727,93,2
20688,118,1,20240326,77,1
20689,149,12,20240615,91,4
20690,180,10,20210306,99,4
20691,7,8,20220225,34,3
20692,175,2,20210228,21,4
20693,1,8,20220411,85,3
20694,224,10,20240522,66,3
20695,1,12,20240211,48,2
20696,166,6,20210717,76,1
20697,243,12,20240206,45,4
20698,6,13,20240722,71,4
20699,100,8,20240513,74,2
20700,167,3,20240806,38,4
20701,215,1,20240301,14,3
20702,161,3,20231121,40,3
20703,138,5,20231004,24,2
20704,91,13,20230414,92,1
20705,226,9,20230103,92,5
20706,167,2,20231115,83,3
20707,19,4,20221223,56,3
20708,128,11,20221013,44,3
20709,82,3,20220217,90,3
20710,205,9,20240919,44,1
20711,188,5,20231206,61,4
20712,45,3,20211201,78,3
20713,18,4,20240213,61,4
20714,127,8,20240905,44,2
20715,58,3,20220818,72,2
20716,97,7,20230901,10,4
20717,92,5,20210802,48,1
20718,167,9,20230903,61,2
20719,181,5,20210605,51,4
20720,81,4,20211012,33,2
20721,206,5,20220414,40,1
20722,111,6,20210624,22,2
20723,139,12,20230523,41,4
20724,100,12,20220905,0,2
20725,224,9,20220722,36,5
20726,32,14,20211121,90,2
20727,49,2,20241007,44,3
20728,41,3,20210307,61,1
20729,35,11,20211007,37,1
20730,228,2,20210422,8,1
20731,124,8,20210212,96,3
20732,93,4,20210612,13,5
20733,76,9,20231211,18,2
20734,114,1,20210908,24,4
20735,170,10,20220610,72,4
20736,66,5,20230212,23,1
20737,29,11,20210810,17,3
20738,78,13,20240202,11,5
20739,164,7,20220216,97,3
20740,9,9,20240307,19,3
20741,194,5,20210514,77,4
20742,74,12,20240611,29,1
20743,234,2,20230609,5,5
20744,208,2,20240901,84,3
20745,93,9,20221115,44,5
20746,14,13,20230603,45,2
20747,182,7,20210414,82,5
20748,138,10,20210525,2,3
20749,177,8,20210706,32,4
20750,204,10,20221015,85,3
20751,128,6,20221028,45,5
20752,173,7,20230505,85,3
20753,35,3,20230328,40,3
20754,119,12,20230505,56,2
20755,149,1,20240821,77,5
20756,124,11,20220416,5,4
20757,177,14,20221014,27,3
20758,102,7,20230124,61,5
20759,89,14,20210115,69,3
20760,64,8,20210423,73,5
20761,54,10,20220301,52,5
20762,81,10,20240918,85,3
20763,92,9,20220117,11,4
20764,157,8,20230114,84,1
20765,207,9,20221008,69,3
20766,210,4,20211211,2,1
20767,70,5,20241014,9,1
20768,83,3,20210406,24,4
20769,31,7,20240324,70,5
20770,169,9,20240212,17,3
20771,201,4,20220310,73,2
20772,24,10,20210325,80,1
20773,140,6,20230810,9,3
20774,104,2,20240123,77,1
20775,141,5,20241010,58,3
20776,135,1,20230104,93,3
20777,99,8,20210514,31,1
20778,62,9,20220207,93,2
20779,111,3,20231127,96,2
20780,204,3,20230501,33,5
20781,150,11,20210817,8,4
20782,13,1,20220217,38,2
20783,70,12,20220223,53,2
20784,132,12,20240319,49,1
20785,215,1,20231024,25,4
20786,151,5,20210905,41,1
20787,175,1,20230622,13,4
20788,213,8,20240116,79,4
20789,103,7,20210516,95,5
20790,208,2,20211022,31,5
20791,79,4,20230502,71,4
20792,31,10,20230606,54,4
20793,157,1,20210207,52,4
20794,85,7,20220609,28,3
20795,153,5,20240922,59,4
20796,154,12,20210116,96,1
20797,41,12,20230124,79,2
20798,59,10,20211001,34,2
20799,111,7,20230324,45,4
20800,212,8,20210623,52,3
20801,227,3,20230123,22,3
20802,131,5,20241122,50,2
20803,220,2,20210606,63,1
20804,136,14,20240326,37,5
20805,221,7,20230421,48,5
20806,15,1,20211104,8,2
20807,235,14,20240111,37,5
20808,47,4,20221218,17,3
20809,19,7,20220915,46,1
20810,92,14,20221009,41,1
20811,247,14,20210616,26,1
20812,235,9,20211024,28,4
20813,35,7,20230711,82,1
20814,246,1,20211109,28,3
20815,193,8,20241119,16,2
20816,112,6,20240707,65,2
20817,187,3,20221116,52,4
20818,138,5,20230208,34,4
20819,166,1,20220912,37,1
20820,185,12,20210912,84,5
20821,85,7,20231205,59,1
20822,50,14,20240506,73,5
20823,97,9,20241106,88,2
20824,49,11,20210815,42,2
20825,76,3,20220418,69,5
20826,50,11,20220106,37,5
20827,194,14,20240919,79,1
20828,51,2,20220409,37,1
20829,128,2,20230615,9,3
20830,143,5,20240612,8,4
20831,235,10,20211105,55,1
20832,228,14,20240528,43,3
20833,66,9,20210803,77,5
20834,29,5,20240109,62,3
20835,173,11,20240622,40,5
20836,91,5,20240128,93,4
20837,156,9,20210105,48,1
20838,125,9,20230813,81,5
20839,176,5,20231211,54,4
20840,102,6,20241010,93,5
20841,95,1,20241128,68,3
20842,175,11,20220617,24,2
20843,69,5,20230415,24,3
20844,249,1,20220818,31,4
20845,59,9,20211107,79,5
20846,4,11,20220308,42,3
20847,46,1,20220217,53,3
20848,2,6,20240124,38,3
20849,175,14,20220427,81,5
20850,55,7,20220925,60,4
20851,161,8,20231002,66,3
20852,119,2,20210712,95,5
20853,49,5,20230427,35,4
20854,209,9,20231211,81,2
20855,153,5,20240328,40,2
20856,6,12,20230809,17,4
20857,11,1,20230922,95,1
20858,51,9,20220323,45,3
20859,211,1,20241218,18,2
20860,128,3,20231009,13,2
20861,81,13,20210313,95,2
20862,215,5,20210925,81,1
20863,161,4,20210227,17,2
20864,94,8,20210918,36,5
20865,132,7,20230712,35,1
20866,45,14,20221012,91,2
20867,105,8,20240309,88,1
20868,142,8,20220606,74,4
20869,53,5,20210804,44,4
20870,97,6,20230403,96,5
20871,75,7,20240119,88,2
20872,176,4,20230108,21,2
20873,33,14,20220228,8,1
20874,79,14,20210524,77,3
20875,165,10,20220801,59,2
20876,204,7,20230505,28,2
20877,50,13,20231227,63,3
20878,99,8,20230416,35,5
20879,230,5,20211225,17,2
20880,24,8,20231002,5,3
20881,91,7,20220202,84,4
20882,241,10,20220214,2,1
20883,184,4,20210520,51,1
20884,63,11,20231109,48,1
20885,223,8,20231128,70,5
20886,248,1,20231119,25,3
20887,215,6,20221210,76,4
20888,240,13,20210318,57,3
20889,194,13,20240121,41,4
20890,114,2,20240828,81,4
20891,147,10,20210701,16,4
20892,125,5,20240828,58,4
20893,96,1,20220604,6,4
20894,123,6,20211124,6,5
20895,128,11,20221215,48,4
20896,19,14,20231225,91,2
20897,131,13,20220506,50,3
20898,93,13,20240221,62,5
20899,173,9,20230815,62,2
20900,95,10,20210901,73,3
20901,187,13,20240922,25,1
20902,129,14,20241102,72,3
20903,214,12,20220815,45,2
20904,137,6,20210502,76,2
20905,27,7,20241216,66,1
20906,39,9,20210322,98,3
20907,130,1,20240910,77,2
20908,171,13,20221001,58,5
20909,163,4,20230723,86,3
20910,81,2,20240108,81,4
20911,240,3,20221201,56,4
20912,7,2,20210706,47,2
20913,239,1,20220505,89,4
20914,16,4,20230205,30,3
20915,2,2,20230605,70,1
20916,88,14,20240502,53,2
20917,61,12,20220522,55,1
20918,106,2,20231202,86,3
20919,71,6,20210608,27,5
20920,76,4,20230306,35,1
20921,28,11,20231117,15,2
20922,18,2,20230918,1,2
20923,10,3,20241127,86,1
20924,127,7,20211102,54,1
20925,149,9,20210814,2,1
20926,46,3,20240309,35,2
20927,94,1,20210427,31,2
20928,81,4,20241021,57,2
20929,72,1,20230724,31,1
20930,26,9,20211203,27,1
20931,65,6,20240126,85,5
20932,120,5,20210913,24,2
20933,14,11,20221206,63,4
20934,174,12,20210720,37,4
20935,125,4,20231005,82,5
20936,13,4,20221021,50,1
20937,186,2,20230121,62,1
20938,237,11,20240110,43,5
20939,62,2,20210717,8,1
20940,79,3,20240725,73,2
20941,46,9,20220111,38,4
20942,50,5,20230203,40,5
20943,85,13,20231212,54,3
20944,138,2,20230226,42,3
20945,139,2,20240308,63,3
20946,136,9,20210619,29,3
20947,194,9,20210204,52,1
20948,231,8,20240925,61,3
20949,217,6,20210803,29,5
20950,52,3,20240920,64,1
20951,15,1,20240828,18,3
20952,79,12,20210216,8,2
20953,24,11,20210802,2,5
20954,123,4,20211003,28,5
20955,7,11,20221217,77,2
20956,143,4,20241008,20,2
20957,11,4,20240822,82,2
20958,140,14,20220413,0,3
20959,141,4,20240517,6,5
20960,186,14,20210407,57,3
20961,160,3,20230801,13,4
20962,245,6,20220123,39,3
20963,204,14,20221208,87,2
20964,23,5,20240604,27,5
20965,231,1,20221101,62,4
20966,108,1,20230822,80,2
20967,51,5,20220726,59,5
20968,187,6,20220307,15,2
20969,155,5,20230902,76,5
20970,90,14,20230404,2,4
20971,227,11,20210402,94,5
20972,247,3,20210111,65,3
20973,135,3,20211108,86,3
20974,69,8,20210119,33,4
20975,156,1,20220213,12,1
20976,247,4,20230923,68,1
20977,209,13,20210916,83,2
20978,26,5,20211007,1,2
20979,82,6,20230426,35,2
20980,148,6,20220107,74,3
20981,238,13,20241105,59,1
20982,150,10,20210304,80,1
20983,173,1,20211001,1,4
20984,97,13,20240525,29,5
20985,108,9,20220826,33,2
20986,17,10,20240604,14,2
20987,125,5,20220811,85,4
20988,246,13,20210225,4,5
20989,133,2,20210113,55,2
20990,237,13,20210812,14,3
20991,13,11,20221128,37,3
20992,183,11,20210812,83,2
20993,37,6,20240227,96,1
20994,53,12,20240828,87,2
20995,195,4,20220707,83,5
20996,63,8,20210406,44,3
20997,161,2,20240105,87,4
20998,6,8,20211125,53,3
20999,150,12,20220921,45,4
21000,16,5,20220919,36,4
21001,22,5,20231109,0,1
21002,193,3,20240704,97,2
21003,208,9,20231202,54,5
21004,172,11,20240327,28,1
21005,90,9,20240214,62,5
21006,16,13,20240409,79,2
21007,151,8,20230323,11,2
21008,53,6,20210424,16,2
21009,66,4,20211124,70,5
21010,141,8,20220226,75,5
21011,248,4,20231010,98,4
21012,246,4,20210218,17,2
21013,197,5,20220920,98,4
21014,145,10,20240218,85,3
21015,46,4,20240903,50,3
21016,220,3,20220121,90,4
21017,93,1,20231102,23,3
21018,140,3,20240904,45,2
21019,55,11,20231203,36,5
21020,144,13,20230519,83,1
21021,51,10,20230425,67,3
21022,191,9,20240624,31,5
21023,22,9,20221007,96,2
21024,9,11,20231210,19,2
21025,53,8,20230702,90,3
21026,85,1,20210202,15,5
21027,14,5,20220507,89,5
21028,91,10,20210217,61,5
21029,242,13,20230922,8,4
21030,158,3,20240727,25,2
21031,153,9,20221115,85,2
21032,16,2,20240807,46,3
21033,38,9,20231215,9,4
21034,160,8,20240410,85,4
21035,201,12,20211225,89,2
21036,29,5,20220808,80,1
21037,165,8,20240228,29,3
21038,114,4,20230402,17,4
21039,48,9,20220521,54,4
21040,92,3,20240627,36,3
21041,136,4,20220918,61,5
21042,144,7,20211121,97,2
21043,121,1,20221201,11,4
21044,187,4,20220711,39,5
21045,41,6,20210728,63,4
21046,107,3,20240320,54,5
21047,164,9,20230225,18,4
21048,44,12,20241027,50,3
21049,177,7,20230803,60,1
21050,186,11,20211022,50,1
21051,232,12,20230818,54,4
21052,143,11,20210719,22,3
21053,152,4,20231112,84,4
21054,51,11,20231006,87,3
21055,239,9,20220928,54,2
21056,146,7,20221208,20,5
21057,136,4,20221001,54,2
21058,70,8,20220919,51,2
21059,63,3,20230916,16,3
21060,240,6,20240611,65,4
21061,54,14,20241205,18,2
21062,60,9,20221124,67,4
21063,77,13,20220105,65,1
21064,185,3,20230428,19,2
21065,179,11,20230311,58,1
21066,41,13,20230425,78,1
21067,232,2,20220527,71,2
21068,93,2,20240603,16,1
21069,135,11,20230705,84,2
21070,24,3,20220417,44,2
21071,105,9,20220414,44,2
21072,95,10,20231209,88,1
21073,212,2,20210817,56,1
21074,185,14,20230417,57,2
21075,22,3,20240524,74,1
21076,235,2,20230210,40,2
21077,143,6,20230628,67,2
21078,93,13,20210224,12,1
21079,67,6,20240922,92,3
21080,133,12,20220519,29,5
21081,121,12,20230415,18,1
21082,41,1,20211018,41,4
21083,140,5,20230420,89,1
21084,89,5,20221118,59,2
21085,162,8,20220703,95,4
21086,44,13,20240118,68,4
21087,246,12,20230912,22,1
21088,13,9,20230124,93,5
21089,72,12,20230604,11,3
21090,90,2,20241009,6,1
21091,205,1,20221223,69,2
21092,210,11,20240105,90,2
21093,92,1,20210415,6,2
21094,191,5,20241104,12,2
21095,139,12,20220706,31,5
21096,210,6,20231026,40,3
21097,194,1,20210711,82,3
21098,23,14,20240725,34,1
21099,63,13,20230418,21,2
21100,203,3,20240811,45,1
21101,79,13,20240926,97,5
21102,45,8,20230121,37,4
21103,50,1,20210102,99,2
21104,78,9,20230619,37,5
21105,49,9,20231003,76,2
21106,135,6,20230103,90,5
21107,93,1,20240424,36,5
21108,112,2,20230926,9,4
21109,110,9,20240415,49,1
21110,207,4,20230119,52,2
21111,6,7,20221101,53,2
21112,57,3,20231023,47,2
21113,65,4,20221206,83,2
21114,115,9,20210728,91,1
21115,136,10,20241117,7,2
21116,83,9,20211023,79,3
21117,30,10,20230313,88,4
21118,216,13,20220403,27,1
21119,111,10,20240519,92,3
21120,233,11,20241027,9,3
21121,88,13,20210620,89,3
21122,110,1,20230411,67,3
21123,68,14,20230622,53,3
21124,12,14,20230214,23,4
21125,43,5,20210801,76,2
21126,240,3,20230709,31,4
21127,96,13,20230701,60,2
21128,121,1,20240708,59,1
21129,130,9,20240523,58,4
21130,124,3,20240310,88,2
21131,223,2,20220907,76,1
21132,131,1,20220101,54,2
21133,226,9,20230820,0,3
21134,92,13,20221208,13,3
21135,191,11,20220108,68,4
21136,50,10,20220106,18,1
21137,169,11,20210228,71,2
21138,64,11,20231106,50,5
21139,127,2,20220609,66,4
21140,138,4,20220923,42,2
21141,94,6,20240409,86,4
21142,249,14,20220610,60,3
21143,3,4,20221209,5,4
21144,239,2,20230806,48,4
21145,39,1,20210215,69,1
21146,46,11,20220623,30,5
21147,167,13,20231022,54,5
21148,48,7,20220910,56,3
21149,132,7,20240610,57,5
21150,219,6,20220524,29,2
21151,199,3,20231207,5,4
21152,176,3,20230110,50,2
21153,230,6,20240308,97,4
21154,245,14,20241015,97,1
21155,54,1,20231008,57,4
21156,219,7,20240313,6,5
21157,11,14,20240808,85,3
21158,18,13,20240813,97,3
21159,102,2,20230813,1,2
21160,133,6,20230823,12,5
21161,203,8,20231227,87,5
21162,177,13,20220212,49,4
21163,122,14,20231107,77,1
21164,159,3,20230227,14,3
21165,103,13,20230808,57,1
21166,79,11,20231108,57,4
21167,7,9,20210215,77,2
21168,210,14,20230621,78,5
21169,57,1,20241001,86,1
21170,194,4,20230909,14,5
21171,159,1,20210319,82,2
21172,248,4,20230328,47,3
21173,172,11,20210828,51,4
21174,24,5,20240303,23,2
21175,193,3,20210405,25,1
21176,221,10,20231122,59,2
21177,55,5,20210805,80,4
21178,93,14,20240511,44,5
21179,106,3,20221224,30,2
21180,197,13,20211125,37,3
21181,196,12,20231026,5,3
21182,76,7,20240125,75,2
21183,177,7,20220608,96,2
21184,245,7,20241228,93,3
21185,215,11,20211116,23,5
21186,248,9,20210128,48,3
21187,61,13,20230608,82,4
21188,165,8,20240318,92,1
21189,180,12,20230125,13,5
21190,82,11,20230811,55,1
21191,82,5,20210605,30,2
21192,94,8,20210910,11,5
21193,131,13,20220924,79,2
21194,135,11,20231113,16,2
21195,81,7,20231106,89,5
21196,156,12,20221128,54,5
21197,120,1,20220805,26,1
21198,225,8,20240914,58,3
21199,209,14,20231125,95,5
21200,51,2,20221226,21,2
21201,173,12,20210109,25,3
21202,212,14,20210221,21,2
21203,5,2,20210108,70,1
21204,229,2,20240202,40,4
21205,76,10,20230525,87,3
21206,161,12,20210709,51,2
21207,152,13,20230312,73,3
21208,10,9,20240128,73,3
21209,248,10,20220510,44,4
21210,199,3,20210816,90,1
21211,247,5,20210804,95,2
21212,62,10,20220718,32,4
21213,215,4,20230725,46,2
21214,11,10,20240906,17,2
21215,228,7,20240613,35,4
21216,109,7,20210817,40,3
21217,44,7,20240903,7,4
21218,173,5,20210427,63,2
21219,117,2,20211201,46,2
21220,157,10,20221025,0,2
21221,65,10,20220113,37,4
21222,100,3,20210627,11,1
21223,155,7,20230417,87,5
21224,194,6,20220320,54,2
21225,64,11,20211117,16,5
21226,171,14,20211104,59,2
21227,65,14,20241214,8,2
21228,140,8,20210722,60,4
21229,89,3,20240315,17,4
21230,123,10,20240720,4,4
21231,163,12,20231203,15,2
21232,191,12,20220421,12,2
21233,200,1,20240720,59,1
21234,147,5,20220106,35,4
21235,145,5,20240916,27,2
21236,244,3,20240311,90,3
21237,35,11,20220615,76,3
21238,59,9,20211004,61,2
21239,200,11,20220914,95,2
21240,65,13,20210901,95,4
21241,124,10,20210725,30,2
21242,88,2,20230504,19,2
21243,88,4,20230816,83,2
21244,7,14,20240228,85,3
21245,199,4,20230409,59,4
21246,217,7,20240221,22,3
21247,135,6,20230209,68,5
21248,132,3,20210823,50,5
21249,245,5,20230508,43,5
21250,91,9,20230305,5,1
21251,175,12,20210525,89,2
21252,25,1,20210220,69,3
21253,143,2,20230411,0,4
21254,146,7,20230320,92,1
21255,68,7,20240520,76,4
21256,131,6,20241011,49,1
21257,150,3,20230921,54,4
21258,162,4,20230113,21,1
21259,90,12,20221025,39,1
21260,100,12,20220412,68,5
21261,30,3,20210305,83,2
21262,85,11,20210711,19,5
21263,173,7,20210805,59,1
21264,59,10,20211105,81,2
21265,17,5,20240424,60,2
21266,82,9,20230225,10,4
21267,164,14,20240201,10,1
21268,73,11,20240428,15,4
21269,138,9,20221124,23,4
21270,166,2,20240725,22,2
21271,222,13,20221110,44,1
21272,142,3,20211010,54,3
21273,105,9,20241220,4,4
21274,64,1,20211101,27,5
21275,225,9,20240818,51,5
21276,147,12,20231016,69,5
21277,22,7,20210922,35,3
21278,13,12,20230910,93,4
21279,203,7,20240308,88,2
21280,18,6,20241214,74,1
21281,162,13,20230115,85,1
21282,21,11,20240510,79,2
21283,67,8,20241127,59,2
21284,179,6,20241216,12,4
21285,127,4,20210823,67,4
21286,126,1,20220319,87,3
21287,152,10,20210709,18,2
21288,61,4,20220804,27,5
21289,141,6,20241226,41,3
21290,74,11,20231214,81,2
21291,17,3,20231225,87,3
21292,202,1,20240206,27,2
21293,218,8,20231207,81,3
21294,172,2,20240921,68,3
21295,190,13,20230428,30,1
21296,238,13,20210901,83,2
21297,233,7,20211224,23,3
21298,202,5,20240903,33,5
21299,208,1,20211001,95,2
21300,109,5,20230413,6,1
21301,80,9,20240818,81,1
21302,70,6,20220702,91,5
21303,81,8,20240313,56,1
21304,103,13,20230524,32,1
21305,151,1,20230327,79,5
21306,241,13,20210326,41,2
21307,170,2,20210509,34,4
21308,2,7,20210123,12,5
21309,221,3,20240308,57,5
21310,202,12,20221117,7,3
21311,246,8,20220309,78,2
21312,26,4,20220825,3,5
21313,122,10,20221128,91,1
21314,195,7,20211010,64,5
21315,26,3,20220711,70,4
21316,149,10,20221007,63,1
21317,160,6,20241001,94,4
21318,134,13,20231222,97,1
21319,83,12,20221211,30,4
21320,154,12,20230725,3,5
21321,18,8,20220321,47,4
21322,160,14,20220510,62,3
21323,245,2,20220528,56,4
21324,83,13,20230902,18,4
21325,154,14,20211225,8,4
21326,34,3,20210517,94,5
21327,87,10,20240927,33,2
21328,39,8,20211113,66,2
21329,12,13,20240218,86,4
21330,180,8,20210315,21,4
21331,220,14,20230120,80,2
21332,159,10,20240215,38,5
21333,218,4,20240721,53,4
21334,248,12,20210218,83,5
21335,181,9,20220814,81,5
21336,175,13,20221123,68,4
21337,99,4,20241006,18,1
21338,119,10,20220225,98,2
21339,164,14,20220106,99,4
21340,141,13,20211025,43,5
21341,132,4,20220416,19,5
21342,2,3,20240815,62,5
21343,107,11,20230911,34,4
21344,149,6,20240402,14,2
21345,59,11,20240705,96,3
21346,208,11,20230707,44,4
21347,182,6,20240520,53,5
21348,182,12,20211205,15,5
21349,54,13,20211226,54,5
21350,115,4,20231005,45,4
21351,159,13,20221009,25,3
21352,99,3,20240205,61,4
21353,117,14,20221025,73,5
21354,103,6,20240827,67,1
21355,54,10,20240716,23,3
21356,68,1,20220604,78,1
21357,55,7,20220506,40,3
21358,234,4,20240513,93,4
21359,81,10,20240902,54,4
21360,158,10,20230416,58,1
21361,165,12,20231202,35,4
21362,161,9,20231018,22,1
21363,100,11,20210402,89,1
21364,242,11,20240811,58,1
21365,34,6,20240510,61,4
21366,106,9,20230801,19,5
21367,124,1,20210101,35,3
21368,102,13,20211220,57,2
21369,111,4,20230207,69,4
21370,130,7,20220809,83,5
21371,242,12,20220828,85,2
21372,95,6,20241026,36,3
21373,145,8,20230207,96,5
21374,244,7,20231003,84,3
21375,31,11,20210323,54,4
21376,192,9,20240301,23,3
21377,217,10,20220718,66,4
21378,188,4,20230428,75,4
21379,75,2,20230108,40,2
21380,68,7,20220826,23,2
21381,82,14,20220607,30,1
21382,244,2,20210615,18,4
21383,11,8,20210602,3,2
21384,2,14,20210709,65,3
21385,138,7,20231124,31,5
21386,16,6,20240325,66,1
21387,236,2,20231005,26,4
21388,142,5,20210625,49,4
21389,51,3,20230225,6,5
21390,130,14,20221103,94,3
21391,107,4,20221006,45,2
21392,19,5,20240502,70,1
21393,195,5,20230718,30,5
21394,168,1,20220306,88,2
21395,59,13,20230111,80,3
21396,26,11,20220104,53,1
21397,216,7,20240726,90,4
21398,239,14,20210901,74,3
21399,15,7,20210104,45,4
21400,203,4,20220218,1,5
21401,123,1,20220726,25,2
21402,239,9,20240127,10,1
21403,138,12,20230819,46,2
21404,11,8,20240301,21,3
21405,156,2,20210603,34,5
21406,143,14,20231020,30,5
21407,54,2,20220327,41,2
21408,5,6,20220724,52,2
21409,199,6,20210717,58,2
21410,40,2,20210207,45,3
21411,218,5,20240516,7,5
21412,56,10,20210119,30,4
21413,133,1,20221004,7,4
21414,109,4,20230307,27,5
21415,230,11,20240320,58,2
21416,190,6,20210713,92,2
21417,242,14,20210225,47,2
21418,151,2,20221026,64,5
21419,98,13,20220610,22,1
21420,125,9,20240504,25,3
21421,50,10,20241104,71,5
21422,29,12,20231106,97,1
21423,10,7,20221226,28,3
21424,211,6,20230327,58,1
21425,116,3,20220927,57,4
21426,13,11,20230925,66,2
21427,129,13,20230601,21,1
21428,203,8,20230619,79,1
21429,56,6,20240203,94,5
21430,66,11,20240620,64,5
21431,7,9,20211028,28,5
21432,177,14,20210611,16,5
21433,145,10,20220318,90,2
21434,238,9,20240414,10,4
21435,145,11,20241005,11,2
21436,5,8,20230416,70,3
21437,137,11,20210327,39,1
21438,128,9,20220104,35,4
21439,86,11,20221102,79,5
21440,59,3,20210626,50,4
21441,36,13,20221010,34,3
21442,101,10,20210211,81,1
21443,238,14,20221110,23,2
21444,136,9,20230422,88,3
21445,203,12,20240606,38,2
21446,27,10,20210928,59,1
21447,149,7,20240724,16,3
21448,192,12,20210802,41,3
21449,129,8,20240827,75,1
21450,32,5,20241208,59,3
21451,163,10,20240322,2,5
21452,135,7,20240104,61,3
21453,174,4,20240112,81,3
21454,30,14,20220621,22,2
21455,182,1,20240315,82,2
21456,183,9,20230810,40,1
21457,73,8,20220619,49,5
21458,134,12,20240922,47,5
21459,63,14,20230310,87,2
21460,216,14,20210109,47,4
21461,52,4,20211115,81,3
21462,47,14,20240828,38,4
21463,55,10,20221225,79,3
21464,137,12,20230213,83,5
21465,21,7,20220517,64,4
21466,14,10,20230614,78,2
21467,172,5,20220716,63,3
21468,176,1,20210307,21,3
21469,127,12,20210113,32,3
21470,109,10,20220621,6,3
21471,116,4,20221013,5,4
21472,87,1,20230508,91,2
21473,241,8,20240307,64,5
21474,20,12,20211207,98,4
21475,114,14,20221215,8,4
21476,153,8,20221022,13,2
21477,169,8,20210308,68,1
21478,111,10,20211208,72,3
21479,34,5,20240520,90,4
21480,72,2,20230524,21,5
21481,150,5,20230205,31,3
21482,15,12,20220927,27,4
21483,145,12,20210908,39,2
21484,69,13,20220521,52,3
21485,43,3,20220705,38,1
21486,8,10,20240627,17,1
21487,64,5,20230215,19,3
21488,158,14,20230211,34,1
21489,48,4,20220310,95,1
21490,110,6,20230315,72,3
21491,205,3,20220308,81,5
21492,79,12,20230119,26,3
21493,233,5,20230219,8,4
21494,97,11,20231217,87,4
21495,67,10,20230814,54,3
21496,228,10,20230309,77,2
21497,210,7,20210827,22,1
21498,169,10,20240101,80,5
21499,160,13,20230901,37,5
21500,162,9,20220409,88,2
21501,35,6,20220606,79,4
21502,215,3,20230304,23,4
21503,96,7,20240723,23,2
21504,159,8,20210401,15,4
21505,13,1,20230502,29,2
21506,95,4,20230312,83,2
21507,194,8,20210512,1,3
21508,228,10,20210518,83,4
21509,106,11,20210114,97,5
21510,101,10,20230515,47,5
21511,189,8,20241120,98,4
21512,138,6,20210321,63,4
21513,154,11,20220619,29,1
21514,34,4,20241103,81,2
21515,169,1,20230113,77,3
21516,87,14,20220827,93,4
21517,60,10,20241128,26,3
21518,185,11,20240601,52,5
21519,121,4,20221105,44,1
21520,38,12,20210912,39,4
21521,200,7,20220521,85,5
21522,143,3,20221126,89,3
21523,105,10,20220611,25,3
21524,69,9,20211015,12,5
21525,229,14,20210820,49,2
21526,111,9,20220524,59,5
21527,54,14,20230322,85,5
21528,175,5,20210412,2,5
21529,235,1,20210413,87,1
21530,54,11,20210704,79,3
21531,79,2,20230406,31,1
21532,21,9,20230812,33,3
21533,45,10,20240608,72,5
21534,19,6,20231016,44,3
21535,109,2,20230914,61,2
21536,87,11,20240821,18,1
21537,57,2,20231105,63,2
21538,49,13,20230505,97,1
21539,244,6,20220316,30,2
21540,55,12,20210828,62,1
21541,131,9,20230105,16,1
21542,243,2,20230126,9,2
21543,77,7,20211116,74,2
21544,244,7,20210826,57,2
21545,246,7,20240919,8,4
21546,152,7,20221024,62,4
21547,91,9,20240413,32,4
21548,216,5,20220605,94,3
21549,195,12,20230310,35,3
21550,217,9,20221101,72,2
21551,228,1,20230322,28,2
21552,22,7,20210515,21,4
21553,27,1,20230423,47,2
21554,52,12,20240227,95,2
21555,128,11,20240227,94,3
21556,37,13,20210713,7,2
21557,4,5,20221018,51,4
21558,132,2,20230711,23,4
21559,244,13,20211112,76,5
21560,226,13,20220805,5,1
21561,239,10,20240227,8,5
21562,179,9,20230510,42,3
21563,108,4,20221201,55,5
21564,185,8,20230604,88,4
21565,101,7,20210617,55,3
21566,33,4,20241115,6,1
21567,122,6,20230514,42,2
21568,234,6,20211112,1,4
21569,204,2,20240321,12,5
21570,146,5,20210919,63,4
21571,108,11,20240312,71,5
21572,73,9,20220716,66,4
21573,226,5,20231204,75,1
21574,238,10,20211110,52,4
21575,116,7,20231017,75,1
21576,148,10,20220803,66,4
21577,119,6,20230604,50,1
21578,167,7,20240408,73,1
21579,59,3,20230416,74,5
21580,77,12,20220521,38,3
21581,16,11,20220727,20,1
21582,231,6,20210305,65,5
21583,65,8,20211124,3,1
21584,160,7,20220128,53,5
21585,116,10,20230911,43,4
21586,188,1,20230210,46,4
21587,161,4,20220101,12,1
21588,42,12,20231206,83,4
21589,3,1,20240901,48,4
21590,202,4,20230616,70,1
21591,239,11,20230613,26,2
21592,148,9,20230911,60,4
21593,172,13,20210105,7,4
21594,151,6,20220918,44,2
21595,101,11,20240705,3,5
21596,4,7,20240220,41,2
21597,111,4,20220427,94,5
21598,231,2,20231120,19,4
21599,244,10,20220608,16,5
21600,158,10,20230425,56,2
21601,52,9,20220712,13,2
21602,210,3,20230322,61,1
21603,219,3,20240526,50,4
21604,137,9,20210321,42,1
21605,154,2,20220212,66,4
21606,175,3,20210412,74,2
21607,82,7,20230808,5,4
21608,133,1,20221013,6,4
21609,2,6,20230718,80,4
21610,117,9,20241213,82,2
21611,196,5,20220721,97,1
21612,223,6,20211101,24,1
21613,156,14,20210503,20,2
21614,9,5,20220207,46,3
21615,104,7,20230606,36,3
21616,123,2,20220321,12,2
21617,200,2,20221007,31,3
21618,198,6,20210616,1,4
21619,192,1,20210328,74,4
21620,187,2,20240517,23,1
21621,42,2,20240722,2,4
21622,93,5,20211018,93,3
21623,99,1,20211107,7,2
21624,87,10,20210122,46,4
21625,34,6,20230610,96,5
21626,226,2,20240305,66,3
21627,223,6,20211125,27,4
21628,22,1,20230525,81,4
21629,231,2,20220216,43,4
21630,249,13,20240901,96,5
21631,113,5,20220114,64,4
21632,179,11,20220807,40,2
21633,220,10,20231121,2,1
21634,151,4,20220420,42,5
21635,190,3,20221222,0,5
21636,200,1,20210610,71,5
21637,80,2,20240622,84,4
21638,32,11,20240514,92,5
21639,40,13,20230617,67,3
21640,193,12,20211011,64,3
21641,117,4,20230611,13,2
21642,135,5,20210323,17,5
21643,124,10,20231209,54,2
21644,208,7,20211125,79,3
21645,120,10,20230824,10,5
21646,16,3,20220423,35,3
21647,63,5,20240507,56,1
21648,57,14,20211103,29,1
21649,151,10,20210217,27,4
21650,72,12,20221221,96,4
21651,33,12,20230107,96,5
21652,191,4,20230524,55,2
21653,100,8,20231224,56,4
21654,58,5,20210109,67,2
21655,146,2,20240211,77,5
21656,8,13,20210911,94,4
21657,115,3,20240223,80,1
21658,171,10,20221007,83,1
21659,78,10,20211014,26,3
21660,202,1,20210105,89,5
21661,130,5,20240226,89,4
21662,209,5,20220626,29,3
21663,160,10,20230819,28,4
21664,45,14,20220707,98,2
21665,8,13,20221222,26,3
21666,222,12,20240528,23,2
21667,147,13,20210614,26,1
21668,3,3,20220115,69,3
21669,124,5,20220815,6,4
21670,244,11,20230205,94,5
21671,61,10,20221201,10,3
21672,93,8,20210419,81,4
21673,164,6,20240527,40,5
21674,208,10,20211202,95,2
21675,27,9,20210226,42,1
21676,187,11,20240708,0,3
21677,86,1,20220422,16,3
21678,212,1,20220818,16,1
21679,152,3,20210524,53,5
21680,244,11,20210515,75,1
21681,41,10,20231126,26,1
21682,202,12,20230903,42,2
21683,9,9,20230913,41,1
21684,48,3,20230714,46,4
21685,204,3,20211227,20,5
21686,211,10,20241106,69,1
21687,117,10,20240325,86,2
21688,54,12,20240212,8,1
21689,164,8,20240809,66,4
21690,173,12,20230425,80,3
21691,55,7,20240207,95,4
21692,168,10,20240607,71,2
21693,77,3,20210615,15,3
21694,67,13,20240526,80,1
21695,119,14,20220705,91,5
21696,102,13,20220710,81,5
21697,172,10,20240114,92,5
21698,3,3,20240212,50,2
21699,96,11,20220504,73,1
21700,25,7,20230413,71,5
21701,217,7,20240702,98,2
21702,226,3,20210317,87,4
21703,235,13,20231005,45,4
21704,123,9,20240409,51,5
21705,102,7,20220404,79,4
21706,51,2,20221022,62,2
21707,200,5,20240925,66,1
21708,210,9,20230819,8,1
21709,142,1,20230216,80,1
21710,238,14,20240425,86,2
21711,197,6,20241222,71,1
21712,204,9,20211024,63,3
21713,145,14,20221224,83,2
21714,2,6,20240803,68,5
21715,86,6,20221027,88,2
21716,160,3,20220909,1,1
21717,76,4,20220608,95,1
21718,228,13,20220517,76,5
21719,107,9,20240609,11,3
21720,234,12,20210704,92,3
21721,198,1,20220610,8,4
21722,83,2,20210708,73,1
21723,43,13,20220404,57,3
21724,143,10,20240804,70,1
21725,60,4,20231222,0,5
21726,156,13,20220110,10,3
21727,145,8,20210128,11,1
21728,212,1,20241211,0,5
21729,213,10,20241013,32,5
21730,68,5,20240520,27,1
21731,247,11,20210720,77,1
21732,130,12,20220726,73,4
21733,112,1,20230528,90,5
21734,190,9,20220315,14,2
21735,187,7,20230105,64,3
21736,11,12,20230816,98,3
21737,47,8,20240402,62,4
21738,109,11,20240211,80,3
21739,84,1,20220421,8,4
21740,111,2,20240524,96,2
21741,56,5,20240702,73,5
21742,156,6,20221122,17,2
21743,55,12,20220212,12,1
21744,178,9,20210618,70,3
21745,242,1,20210425,45,1
21746,197,10,20220607,74,1
21747,20,11,20230207,15,2
21748,162,10,20220906,34,3
21749,52,11,20240322,60,2
21750,150,6,20231126,91,3
21751,57,7,20211124,58,5
21752,40,14,20240810,84,1
21753,108,1,20230510,85,3
21754,75,3,20221024,54,4
21755,85,2,20240804,84,1
21756,223,11,20210503,97,5
21757,144,7,20211125,75,2
21758,125,13,20230519,8,2
21759,214,14,20220428,92,4
21760,136,12,20240405,57,3
21761,169,1,20220712,23,2
21762,147,2,20210114,80,1
21763,32,5,20230328,59,2
21764,202,9,20240123,81,5
21765,214,4,20230813,88,3
21766,235,2,20230124,78,3
21767,181,1,20210414,11,5
21768,82,6,20240722,1,4
21769,230,6,20210915,85,5
21770,5,7,20220923,66,5
21771,11,4,20230422,62,2
21772,55,13,20220510,12,3
21773,181,14,20210210,51,1
21774,232,4,20240322,1,2
21775,128,8,20241102,33,3
21776,116,13,20220413,92,4
21777,39,11,20221218,93,5
21778,106,8,20230412,1,5
21779,215,5,20240511,93,5
21780,236,13,20230419,97,2
21781,180,5,20241120,48,4
21782,149,11,20210522,75,5
21783,20,14,20220504,0,5
21784,27,11,20230913,75,3
21785,144,4,20240507,21,5
21786,172,9,20211002,97,2
21787,156,13,20211216,97,2
21788,35,6,20240815,91,4
21789,181,11,20230612,58,2
21790,192,10,20220615,14,5
21791,183,10,20240101,20,2
21792,197,6,20230603,76,3
21793,210,14,20211126,30,4
21794,114,8,20221001,71,2
21795,222,3,20210205,86,2
21796,220,9,20230327,63,3
21797,201,4,20240321,48,1
21798,66,3,20240903,87,1
21799,17,3,20211012,81,1
21800,167,3,20210408,68,4
21801,4,3,20210410,69,5
21802,56,6,20241116,95,3
21803,97,9,20240908,81,4
21804,64,7,20230515,7,1
21805,117,12,20230208,37,5
21806,59,6,20231224,30,1
21807,95,1,20240510,83,5
21808,216,3,20240904,83,5
21809,113,9,20210123,81,5
21810,234,12,20240419,27,5
21811,67,11,20230203,97,3
21812,123,10,20210921,8,5
21813,178,12,20210715,11,2
21814,147,3,20230107,41,4
21815,212,12,20210825,21,1
21816,187,4,20230818,1,3
21817,171,2,20231001,39,3
21818,24,14,20220307,63,5
21819,204,3,20220303,95,1
21820,51,11,20220627,30,5
21821,8,11,20220722,74,5
21822,170,4,20230626,67,2
21823,5,6,20220719,29,5
21824,136,8,20231207,18,5
21825,75,13,20230607,14,5
21826,169,4,20240623,98,1
21827,55,1,20220721,61,2
21828,191,12,20211203,7,1
21829,119,6,20211228,35,4
21830,15,6,20211223,88,3
21831,55,3,20211209,95,1
21832,227,14,20221013,76,2
21833,19,7,20211107,62,5
21834,175,6,20231016,12,2
21835,227,11,20231017,42,5
21836,9,1,20230308,59,2
21837,148,13,20240722,30,3
21838,75,3,20240916,41,5
21839,78,9,20210701,99,5
21840,91,10,20230619,32,1
21841,149,5,20220323,6,5
21842,175,3,20230903,90,1
21843,4,1,20240424,8,4
21844,144,11,20231018,46,4
21845,121,10,20210621,98,2
21846,42,4,20220921,63,5
21847,224,11,20210504,56,1
21848,97,8,20240207,71,2
21849,142,14,20230112,85,2
21850,26,8,20231107,63,1
21851,78,5,20220320,20,2
21852,42,7,20230423,94,4
21853,140,2,20230720,59,2
21854,35,12,20240114,16,4
21855,19,6,20210502,60,2
21856,131,1,20210122,0,3
21857,70,14,20230208,89,3
21858,136,8,20230415,91,2
21859,214,2,20220519,38,4
21860,212,10,20210410,71,1
21861,215,10,20240209,79,1
21862,173,12,20210827,28,5
21863,208,6,20240610,59,3
21864,9,12,20221211,43,3
21865,54,3,20211220,84,5
21866,167,6,20221113,34,3
21867,164,5,20231009,14,5
21868,243,14,20210923,29,3
21869,241,5,20231106,45,3
21870,133,12,20211024,32,4
21871,152,11,20220527,59,2
21872,157,7,20230605,99,1
21873,37,8,20210721,4,5
21874,65,5,20220707,20,1
21875,121,2,20241123,41,3
21876,132,10,20220807,75,5
21877,200,13,20220207,14,1
21878,230,4,20220122,3,1
21879,233,3,20210723,61,5
21880,108,5,20240809,42,4
21881,110,7,20210305,31,1
21882,157,3,20211203,69,2
21883,104,3,20220328,42,1
21884,2,4,20230318,31,3
21885,113,1,20241007,66,5
21886,103,8,20240609,26,3
21887,13,7,20211221,49,4
21888,230,14,20211201,53,2
21889,140,8,20210222,50,3
21890,84,10,20240404,56,3
21891,118,13,20241109,97,2
21892,10,4,20241022,24,2
21893,207,13,20240420,70,1
21894,192,9,20210125,70,5
21895,100,4,20240719,31,4
21896,176,11,20220916,43,1
21897,219,6,20241116,14,3
21898,222,8,20220110,14,3
21899,11,11,20210418,62,5
21900,25,3,20230406,71,3
21901,89,5,20230424,89,4
21902,239,4,20230716,62,4
21903,128,4,20210414,57,4
21904,25,8,20210508,33,4
21905,25,6,20210206,63,5
21906,185,11,20241002,17,5
21907,80,8,20241112,10,5
21908,243,7,20240725,87,5
21909,63,2,20240716,50,4
21910,66,12,20240925,94,1
21911,154,9,20220308,38,4
21912,247,8,20220708,42,5
21913,144,7,20230819,40,5
21914,243,12,20211221,35,1
21915,176,13,20221009,84,2
21916,157,6,20240525,51,3
21917,32,13,20231020,91,2
21918,126,10,20211128,42,2
21919,214,5,20220424,25,2
21920,155,10,20240126,1,5
21921,85,10,20230622,86,4
21922,2,14,20230811,73,3
21923,163,11,20210725,16,4
21924,209,13,20230403,44,4
21925,91,6,20240513,68,4
21926,11,5,20211025,72,4
21927,174,13,20241016,98,4
21928,163,6,20230314,34,3
21929,242,10,20220206,22,2
21930,182,13,20220323,88,2
21931,1,14,20220917,2,3
21932,115,8,20210326,36,5
21933,81,11,20220909,24,5
21934,250,7,20240719,40,1
21935,208,14,20240221,52,3
21936,181,5,20241126,87,3
21937,12,8,20220623,34,1
21938,213,2,20230813,32,4
21939,250,4,20210906,0,5
21940,132,6,20240526,19,1
21941,60,2,20241227,32,4
21942,2,10,20220518,65,3
21943,177,10,20220213,68,4
21944,216,10,20240204,36,1
21945,40,1,20230212,89,3
21946,73,2,20211106,6,3
21947,202,14,20231210,40,3
21948,64,2,20241121,44,1
21949,236,9,20210417,36,2
21950,90,9,20220211,15,4
21951,165,11,20221206,5,4
21952,57,8,20230612,70,1
21953,127,11,20220128,48,3
21954,243,13,20220424,96,3
21955,212,14,20230318,91,4
21956,233,1,20220413,12,4
21957,75,4,20240407,18,4
21958,214,6,20240909,63,4
21959,62,3,20230602,0,2
21960,239,5,20230404,89,1
21961,223,9,20240723,47,5
21962,12,4,20220917,74,3
21963,167,14,20240308,34,1
21964,91,2,20240612,6,2
21965,40,8,20240508,24,2
21966,20,7,20230226,91,4
21967,74,11,20210105,75,1
21968,173,10,20210310,42,3
21969,141,1,20211227,1,1
21970,52,1,20230409,73,5
21971,151,11,20230809,79,3
21972,166,10,20230220,76,4
21973,98,11,20210924,48,5
21974,19,11,20210218,57,3
21975,132,12,20240620,24,2
21976,29,9,20240916,7,4
21977,175,10,20220410,36,1
21978,221,3,20240318,47,3
21979,226,4,20220922,79,2
21980,145,2,20220720,95,3
21981,104,13,20210626,75,4
21982,245,8,20231101,69,4
21983,27,9,20241127,47,4
21984,162,5,20220312,85,1
21985,135,9,20240617,71,3
21986,116,4,20211004,97,1
21987,189,8,20230326,57,4
21988,112,4,20231107,31,3
21989,67,13,20231214,30,4
21990,62,3,20240318,4,4
21991,184,10,20210728,78,2
21992,72,4,20220812,68,2
21993,92,14,20240325,17,2
21994,118,8,20240518,6,5
21995,13,10,20221213,23,5
21996,201,2,20220828,92,4
21997,243,6,20211014,20,1
21998,23,7,20240717,56,3
21999,222,7,20230910,26,1
22000,99,11,20220927,93,4
22001,187,14,20211115,7,1
22002,185,4,20230221,52,3
22003,155,1,20211209,50,2
22004,181,13,20210715,74,1
22005,78,14,20230812,38,5
22006,146,11,20240420,73,5
22007,200,12,20210524,71,4
22008,91,3,20241206,11,3
22009,221,4,20230923,48,4
22010,24,3,20220416,43,5
22011,27,8,20240905,57,3
22012,157,9,20240909,71,1
22013,249,11,20221119,14,4
22014,36,1,20211109,74,1
22015,92,5,20230607,19,5
22016,168,8,20210824,30,1
22017,183,13,20230503,95,1
22018,152,10,20210312,75,5
22019,207,14,20230122,2,1
22020,13,3,20221219,31,4
22021,19,2,20230214,40,2
22022,231,4,20210407,98,4
22023,37,5,20210414,11,4
22024,6,8,20210821,44,1
22025,134,5,20240203,65,5
22026,134,1,20221018,78,2
22027,222,7,20231115,76,3
22028,78,11,20240411,21,4
22029,35,4,20220711,62,3
22030,59,7,20230208,31,2
22031,214,12,20210715,94,5
22032,17,14,20241017,1,4
22033,170,10,20220217,93,2
22034,220,12,20210713,64,3
22035,239,1,20220115,96,3
22036,235,6,20211226,6,4
22037,182,6,20221216,20,5
22038,47,13,20230723,29,3
22039,231,7,20231209,29,2
22040,89,1,20230606,50,2
22041,249,2,20210518,45,4
22042,2,9,20241106,45,3
22043,131,10,20220407,35,3
22044,221,7,20230315,27,2
22045,146,8,20240415,32,5
22046,215,9,20241107,25,2
22047,103,14,20230325,44,4
22048,120,10,20220708,69,1
22049,53,10,20231128,35,4
22050,76,4,20220708,7,3
22051,176,8,20231019,33,4
22052,70,13,20241206,85,4
22053,18,10,20231103,69,5
22054,185,7,20210122,80,3
22055,5,1,20230505,42,3
22056,191,9,20210211,75,4
22057,213,9,20210211,86,1
22058,196,4,20210713,85,5
22059,113,4,20240725,36,3
22060,207,3,20241028,97,4
22061,70,4,20230107,8,2
22062,72,14,20240824,39,3
22063,73,3,20231125,32,3
22064,30,6,20240919,64,5
22065,16,7,20230505,31,5
22066,83,2,20230613,52,4
22067,245,9,20230920,54,5
22068,64,2,20241109,11,2
22069,248,2,20240310,10,2
22070,205,14,20240416,84,2
22071,127,13,20240225,51,1
22072,199,9,20230911,29,4
22073,107,8,20240418,26,5
22074,195,11,20240814,21,3
22075,228,14,20231114,21,4
22076,177,6,20220513,2,1
22077,119,8,20221110,95,4
22078,204,1,20220722,33,5
22079,199,13,20220602,93,2
22080,203,13,20220614,88,1
22081,189,12,20210622,32,5
22082,159,4,20240605,37,1
22083,229,5,20210428,93,1
22084,165,7,20240503,72,5
22085,26,2,20240919,75,3
22086,126,11,20240408,11,5
22087,24,5,20240927,90,5
22088,230,13,20220703,26,5
22089,74,10,20230927,49,5
22090,72,10,20220315,46,4
22091,26,4,20220916,40,2
22092,180,10,20220608,75,3
22093,160,4,20210917,11,1
22094,241,12,20230525,16,2
22095,39,5,20220121,63,3
22096,5,12,20211011,72,5
22097,6,2,20220901,59,3
22098,156,5,20241010,85,5
22099,215,11,20230901,96,5
22100,149,3,20240104,46,4
22101,95,6,20240507,4,2
22102,111,2,20210410,95,1
22103,99,3,20210806,90,5
22104,153,13,20220602,92,2
22105,164,13,20230812,21,1
22106,135,3,20240606,78,5
22107,163,3,20240705,47,1
22108,152,1,20240320,60,4
22109,221,8,20231006,92,1
22110,31,8,20220825,2,4
22111,171,12,20240614,38,5
22112,136,13,20230106,55,5
22113,157,11,20240326,20,1
22114,27,2,20240501,58,4
22115,96,7,20210727,11,2
22116,52,7,20220928,62,1
22117,65,9,20210225,41,5
22118,158,1,20230516,34,5
22119,74,14,20220927,1,5
22120,111,8,20220307,85,3
22121,183,14,20240721,90,2
22122,201,3,20220709,45,1
22123,72,7,20230119,9,3
22124,56,5,20240801,0,1
22125,149,6,20220806,78,4
22126,223,1,20230824,65,3
22127,57,11,20230518,33,5
22128,227,5,20240710,7,5
22129,125,3,20240602,0,1
22130,184,2,20211203,11,1
22131,183,9,20230612,13,3
22132,207,12,20240803,43,5
22133,177,2,20240106,35,2
22134,105,10,20240926,2,5
22135,118,13,20241005,26,1
22136,16,10,20230502,66,2
22137,204,6,20210405,50,3
22138,40,10,20230519,66,5
22139,16,10,20210602,66,5
22140,79,12,20240928,3,1
22141,162,9,20230414,98,2
22142,110,9,20210219,57,3
22143,87,9,20220214,20,1
22144,193,14,20240222,68,2
22145,73,4,20231028,97,4
22146,34,14,20240102,36,3
22147,34,2,20230613,97,2
22148,156,3,20240402,99,4
22149,48,3,20211104,41,2
22150,199,9,20240816,93,4
22151,57,11,20211204,27,1
22152,18,6,20210614,69,5
22153,39,6,20240115,62,4
22154,128,4,20211215,58,3
22155,97,12,20210407,60,1
22156,68,4,20240317,92,2
22157,79,13,20220802,10,3
22158,121,13,20220523,99,5
22159,131,5,20211218,19,1
22160,84,2,20240528,52,4
22161,9,10,20241121,59,1
22162,189,14,20240304,18,5
22163,160,6,20240513,68,5
22164,163,13,20231011,19,2
22165,44,7,20230827,65,4
22166,136,7,20240527,93,1
22167,34,13,20220115,18,3
22168,46,10,20220818,11,2
22169,131,4,20241220,70,5
22170,25,2,20210523,34,3
22171,183,12,20230223,35,2
22172,38,5,20240809,66,2
22173,178,11,20240701,35,3
22174,3,10,20221019,23,4
22175,9,10,20220810,91,4
22176,143,14,20220311,58,4
22177,179,13,20240306,34,3
22178,234,3,20220408,74,2
22179,233,12,20210714,66,1
22180,81,13,20220618,25,4
22181,98,1,20220722,98,5
22182,3,4,20220211,4,1
22183,108,7,20211127,42,4
22184,238,1,20210827,75,2
22185,5,5,20210205,0,1
22186,89,11,20241212,5,4
22187,176,10,20220114,88,4
22188,123,1,20230812,75,4
22189,111,6,20240624,64,5
22190,202,5,20230703,8,1
22191,147,11,20210509,99,4
22192,179,13,20211014,33,3
22193,91,5,20230711,96,3
22194,112,2,20220817,49,4
22195,52,14,20240209,81,5
22196,161,3,20210325,73,1
22197,107,8,20211008,28,2
22198,204,11,20220312,39,3
22199,21,9,20220919,45,1
22200,80,2,20230204,75,5
22201,18,5,20230804,67,5
22202,130,8,20220727,16,2
22203,237,9,20210315,68,3
22204,173,6,20240314,65,1
22205,5,10,20220313,45,1
22206,220,6,20240526,94,2
22207,36,9,20210927,97,1
22208,32,10,20220228,68,2
22209,236,4,20231127,18,2
22210,101,7,20240307,40,5
22211,231,14,20220119,39,1
22212,185,7,20230719,34,2
22213,161,14,20220820,99,4
22214,210,12,20241002,32,5
22215,194,12,20240102,27,4
22216,189,6,20220311,69,1
22217,9,10,20230704,50,5
22218,54,6,20230711,84,1
22219,81,7,20230904,40,4
22220,34,13,20240725,10,4
22221,11,4,20220226,16,1
22222,209,2,20230127,78,5
22223,12,12,20241213,0,4
22224,3,2,20221013,91,1
22225,31,13,20230122,87,3
22226,23,11,20220126,42,2
22227,79,3,20221207,96,2
22228,70,1,20231020,20,3
22229,41,12,20241120,21,2
22230,119,11,20230515,17,3
22231,63,10,20240218,37,4
22232,189,9,20240309,25,1
22233,245,13,20240805,99,5
22234,45,10,20221122,28,2
22235,145,6,20210923,90,5
22236,240,5,20240805,46,1
22237,63,7,20230727,82,3
22238,65,4,20230618,10,4
22239,20,10,20220525,96,3
22240,188,2,20230418,17,3
22241,52,9,20240919,1,1
22242,142,4,20241128,1,3
22243,68,12,20210905,82,1
22244,177,9,20230213,19,3
22245,189,9,20230128,99,3
22246,144,9,20240925,62,2
22247,231,7,20210228,87,3
22248,170,5,20210726,95,2
22249,207,4,20231022,80,1
22250,199,4,20210302,25,3
22251,172,13,20210205,6,2
22252,113,6,20230728,30,2
22253,231,14,20240607,22,3
22254,27,3,20230325,98,3
22255,99,10,20240707,4,1
22256,237,7,20240724,81,1
22257,50,8,20240807,52,1
22258,244,4,20220423,21,1
22259,26,13,20211208,79,2
22260,234,14,20220606,69,5
22261,7,7,20240303,25,3
22262,115,11,20210508,53,5
22263,78,14,20220212,16,2
22264,120,14,20210828,16,4
22265,229,10,20220510,99,5
22266,39,2,20220417,19,4
22267,10,10,20240108,28,2
22268,201,1,20241219,20,5
22269,151,13,20240206,73,3
22270,200,4,20220911,35,5
22271,108,5,20240202,72,1
22272,65,12,20240427,79,4
22273,71,4,20210415,1,1
22274,230,1,20210209,53,4
22275,61,3,20220428,71,1
22276,205,9,20240122,52,4
22277,118,14,20231002,16,1
22278,124,4,20230305,21,1
22279,163,9,20221211,85,5
22280,198,2,20220201,54,3
22281,233,8,20231212,34,5
22282,58,13,20240125,41,4
22283,178,1,20230608,2,3
22284,202,3,20210214,81,3
22285,51,8,20221102,95,2
22286,78,8,20211213,76,2
22287,108,13,20231210,11,4
22288,215,6,20221119,41,4
22289,52,14,20240501,88,4
22290,153,9,20210402,59,4
22291,87,3,20210721,50,2
22292,57,4,20230501,47,4
22293,56,9,20240821,70,3
22294,60,7,20231224,17,3
22295,33,5,20230621,45,1
22296,54,3,20220314,95,1
22297,101,1,20241001,77,1
22298,157,13,20230306,25,4
22299,131,4,20240106,59,5
22300,35,5,20230618,46,5
22301,34,8,20231217,63,4
22302,220,10,20220507,89,5
22303,120,8,20210807,21,4
22304,212,7,20240928,81,5
22305,221,11,20230801,47,4
22306,120,12,20241021,46,5
22307,139,6,20221016,12,4
22308,49,3,20220305,40,1
22309,63,8,20240815,45,4
22310,218,9,20210601,10,4
22311,165,1,20240921,25,4
22312,245,2,20231006,70,5
22313,37,1,20230110,1,4
22314,10,5,20210310,43,1
22315,160,13,20211006,58,4
22316,155,11,20230402,76,2
22317,104,9,20231009,46,1
22318,143,11,20230120,67,4
22319,130,4,20220927,54,1
22320,20,6,20230602,70,5
22321,198,10,20221024,97,2
22322,163,5,20220322,56,4
22323,126,6,20240214,12,3
22324,110,14,20230511,89,1
22325,58,6,20230622,86,2
22326,75,2,20230906,38,3
22327,207,11,20211016,48,2
22328,20,1,20240114,38,1
22329,101,12,20210426,71,5
22330,27,3,20241221,70,4
22331,100,10,20230509,62,3
22332,104,2,20211217,37,2
22333,209,12,20241209,8,3
22334,211,13,20210526,30,1
22335,243,9,20230811,37,1
22336,10,9,20210421,70,5
22337,158,2,20230125,6,5
22338,150,10,20241126,83,1
22339,62,1,20240422,68,5
22340,107,14,20220607,18,5
22341,1,13,20230727,35,4
22342,120,6,20210913,73,2
22343,234,9,20240926,81,1
22344,224,2,20240122,12,5
22345,41,5,20230503,62,2
22346,97,12,20231127,75,1
22347,46,4,20210901,28,4
22348,230,13,20220626,66,4
22349,27,11,20231004,28,2
22350,213,13,20220504,9,2
22351,235,5,20230209,18,4
22352,124,14,20241011,43,4
22353,203,5,20211101,9,3
22354,71,2,20221103,15,2
22355,165,6,20241002,74,3
22356,240,11,20210207,93,1
22357,104,14,20220406,87,5
22358,134,6,20230803,71,4
22359,209,4,20240905,65,2
22360,62,3,20210526,72,4
22361,3,9,20240909,30,1
22362,80,8,20221026,73,4
22363,63,3,20240905,74,3
22364,182,9,20220823,76,2
22365,52,5,20240120,98,2
22366,77,6,20221226,15,1
22367,28,8,20210716,56,3
22368,152,3,20220511,6,2
22369,77,12,20240204,66,3
22370,195,8,20210326,13,4
22371,90,5,20210413,37,2
22372,179,4,20220310,60,1
22373,240,9,20210803,65,3
22374,225,12,20221007,29,2
22375,156,7,20241228,14,3
22376,174,10,20211111,20,3
22377,190,5,20210107,48,2
22378,241,8,20240102,60,4
22379,218,12,20210502,13,5
22380,99,14,20210707,72,3
22381,112,1,20220117,33,1
22382,23,6,20230826,87,3
22383,10,13,20240903,0,1
22384,126,5,20220812,62,5
22385,109,2,20230106,22,2
22386,115,6,20211026,43,3
22387,141,6,20221126,76,3
22388,202,8,20210125,36,1
22389,131,3,20210614,97,4
22390,114,6,20240515,53,3
22391,226,9,20220924,57,1
22392,159,9,20230207,66,5
22393,120,11,20220425,36,2
22394,91,11,20240817,75,3
22395,126,3,20211009,77,1
22396,104,1,20210704,62,2
22397,134,4,20231103,80,1
22398,21,5,20240115,71,1
22399,236,8,20230225,81,2
22400,158,12,20211218,41,2
22401,168,3,20220121,5,5
22402,211,5,20220509,93,4
22403,222,1,20211108,1,4
22404,218,14,20230819,6,5
22405,132,2,20240213,23,4
22406,152,9,20211003,77,2
22407,74,14,20230502,58,1
22408,53,12,20210227,14,4
22409,148,12,20240323,57,4
22410,145,9,20240719,27,4
22411,155,9,20210304,66,2
22412,43,2,20240608,13,5
22413,190,2,20230214,65,1
22414,75,5,20220209,83,5
22415,157,14,20220722,67,3
22416,160,5,20220422,52,5
22417,230,3,20241127,33,4
22418,241,8,20221015,43,4
22419,38,8,20210521,18,5
22420,198,5,20220124,22,1
22421,180,11,20240705,14,5
22422,102,5,20210209,51,3
22423,205,8,20230905,33,3
22424,96,3,20221116,76,1
22425,239,11,20221122,89,2
22426,18,7,20210807,52,2
22427,60,6,20220508,38,4
22428,212,6,20221228,17,4
22429,221,5,20230226,91,3
22430,138,11,20220308,0,5
22431,3,8,20231204,56,3
22432,47,8,20210518,60,5
22433,28,4,20230422,78,1
22434,108,7,20220420,66,2
22435,125,12,20220820,72,3
22436,192,11,20210923,70,4
22437,35,7,20221103,11,3
22438,93,3,20210501,82,5
22439,133,10,20241021,39,1
22440,112,12,20211024,91,5
22441,31,7,20210218,76,3
22442,13,6,20230822,79,1
22443,232,7,20230711,6,3
22444,155,3,20240411,28,3
22445,194,10,20240603,76,5
22446,10,14,20210712,35,3
22447,92,1,20220109,51,1
22448,64,8,20210214,96,4
22449,32,3,20210518,57,3
22450,124,1,20210404,85,3
22451,24,6,20240523,30,5
22452,178,1,20240306,0,5
22453,116,9,20211115,23,3
22454,78,12,20221108,80,4
22455,209,7,20230902,79,4
22456,172,3,20210823,71,4
22457,135,14,20220827,47,4
22458,165,4,20231207,51,1
22459,243,14,20220811,14,4
22460,209,2,20220827,28,3
22461,155,10,20220910,3,4
22462,210,11,20220901,94,1
22463,94,3,20210510,82,1
22464,118,2,20230724,87,1
22465,27,11,20230915,77,2
22466,230,5,20210328,17,4
22467,220,6,20221115,7,4
22468,229,1,20241028,47,5
22469,134,9,20240220,52,4
22470,239,6,20220824,88,1
22471,219,10,20210121,29,5
22472,19,4,20230421,57,1
22473,175,6,20240421,79,5
22474,25,2,20241001,7,5
22475,65,3,20221219,89,2
22476,25,11,20220412,52,1
22477,213,6,20220704,21,4
22478,130,11,20220601,3,5
22479,113,11,20210202,74,4
22480,138,1,20240507,60,5
22481,156,13,20230218,78,5
22482,8,4,20241125,7,2
22483,238,8,20211120,24,2
22484,215,10,20220514,48,2
22485,200,11,20230319,61,1
22486,137,1,20230818,30,4
22487,216,4,20210125,15,3
22488,62,14,20210111,45,3
22489,37,2,20210521,35,5
22490,46,12,20240321,53,4
22491,241,14,20210602,77,2
22492,199,10,20221225,53,5
22493,144,12,20230922,74,4
22494,197,3,20221101,23,1
22495,6,14,20241226,99,2
22496,148,1,20220706,16,2
22497,135,13,20240312,53,3
22498,53,9,20210618,32,3
22499,160,4,20240627,49,2
22500,183,14,20241107,82,5
22501,139,5,20211107,46,4
22502,170,2,20220103,75,4
22503,112,9,20210610,67,4
22504,91,1,20241117,55,1
22505,123,7,20220505,15,1
22506,219,9,20210727,73,4
22507,238,10,20231227,97,4
22508,128,12,20220513,18,2
22509,149,13,20240304,1,4
22510,43,8,20220721,19,1
22511,245,7,20231021,55,4
22512,161,8,20240319,60,1
22513,47,5,20240525,18,1
22514,71,11,20221127,84,1
22515,213,11,20230114,25,4
22516,197,13,20210901,61,2
22517,234,10,20220227,17,4
22518,167,10,20210717,79,1
22519,126,7,20230508,90,2
22520,84,9,20210328,26,5
22521,222,13,20210911,82,3
22522,19,8,20210219,20,5
22523,29,10,20220320,61,1
22524,160,11,20210621,92,1
22525,12,10,20221009,12,5
22526,6,12,20240806,36,5
22527,156,1,20210702,11,2
22528,207,1,20230628,51,4
22529,84,9,20240603,88,5
22530,6,13,20241024,90,3
22531,149,14,20211206,89,4
22532,38,13,20210619,86,5
22533,22,12,20241119,34,1
22534,207,1,20240520,11,4
22535,87,12,20210306,52,1
22536,120,3,20210727,3,2
22537,240,13,20220608,70,5
22538,94,9,20220713,94,5
22539,198,5,20220915,3,5
22540,207,9,20241112,71,3
22541,243,1,20220611,78,5
22542,73,14,20220603,64,2
22543,87,5,20231104,51,4
22544,192,3,20230508,38,1
22545,106,10,20240225,27,4
22546,42,13,20240221,54,5
22547,234,6,20241028,45,3
22548,249,10,20230516,99,1
22549,37,1,20230407,38,1
22550,180,13,20210111,37,4
22551,3,12,20220528,94,5
22552,91,12,20220717,30,3
22553,218,1,20240706,47,2
22554,17,8,20230519,90,2
22555,115,7,20230109,2,2
22556,84,7,20231207,2,1
22557,52,12,20230408,50,5
22558,169,2,20240226,46,3
22559,49,12,20230425,89,3
22560,103,3,20210322,51,5
22561,201,13,20220211,93,1
22562,143,6,20231220,93,4
22563,125,7,20220726,46,5
22564,4,13,20231215,57,5
22565,236,14,20240203,29,2
22566,73,13,20230506,44,2
22567,51,5,20241208,29,2
22568,165,5,20231119,1,1
22569,207,13,20240304,69,1
22570,22,14,20231109,10,4
22571,203,12,20240721,13,5
22572,86,8,20221204,74,2
22573,53,3,20240314,17,3
22574,116,8,20230710,37,2
22575,146,14,20240307,12,5
22576,190,13,20240810,37,5
22577,59,2,20240104,78,5
22578,181,3,20231107,89,1
22579,198,2,20221207,19,4
22580,88,14,20220626,8,4
22581,137,13,20241004,74,4
22582,197,12,20221013,73,1
22583,21,3,20220311,57,5
22584,241,14,20211009,2,4
22585,184,13,20231106,98,2
22586,85,12,20240908,61,2
22587,26,14,20230822,10,4
22588,74,8,20220428,92,5
22589,137,4,20210111,19,1
22590,147,6,20210326,64,5
22591,28,13,20240616,64,3
22592,207,4,20231109,8,3
22593,134,3,20220103,34,2
22594,6,4,20211125,69,4
22595,130,10,20220927,88,3
22596,67,8,20240408,83,4
22597,98,4,20221101,49,3
22598,60,11,20240528,22,1
22599,94,5,20210411,10,3
22600,195,3,20230709,65,2
22601,43,11,20231224,13,2
22602,124,12,20210424,39,4
22603,45,2,20230406,78,5
22604,185,14,20240908,53,4
22605,130,6,20240105,20,3
22606,107,2,20231003,66,1
22607,179,7,20230107,6,5
22608,75,1,20241019,96,4
22609,79,7,20241120,98,4
22610,200,7,20230607,0,3
22611,227,12,20240621,93,5
22612,97,4,20220827,1,2
22613,23,8,20241010,60,1
22614,189,2,20220924,30,5
22615,101,3,20210307,38,4
22616,190,8,20211209,26,1
22617,204,8,20240621,88,4
22618,187,13,20240702,8,2
22619,25,11,20221120,51,3
22620,57,6,20241109,59,2
22621,68,11,20240508,94,3
22622,229,6,20240305,96,4
22623,94,12,20220917,26,4
22624,145,14,20230703,60,2
22625,92,4,20221001,17,5
22626,232,6,20240726,51,5
22627,29,7,20240827,36,3
22628,98,10,20211103,50,3
22629,178,13,20240911,54,3
22630,180,11,20220624,2,5
22631,184,8,20210726,54,1
22632,183,2,20210510,34,5
22633,156,4,20230603,64,4
22634,153,6,20220927,72,2
22635,32,10,20230213,87,2
22636,133,10,20241120,96,2
22637,186,9,20240307,92,2
22638,160,10,20230610,83,5
22639,59,12,20210718,83,5
22640,201,5,20230204,95,3
22641,5,4,20210223,50,5
22642,164,10,20241009,24,5
22643,111,8,20210214,18,1
22644,152,8,20210318,88,3
22645,179,4,20240310,81,2
22646,228,4,20230728,67,1
22647,214,7,20240125,19,4
22648,16,14,20240426,0,3
22649,210,5,20220606,18,2
22650,84,5,20230802,36,4
22651,23,3,20210806,73,4
22652,75,6,20240104,40,2
22653,62,11,20230101,4,1
22654,71,5,20230116,30,2
22655,49,2,20240728,3,3
22656,91,14,20241128,39,2
22657,141,12,20221109,42,4
22658,52,10,20210512,58,1
22659,12,5,20210920,79,2
22660,148,2,20220404,4,5
22661,53,6,20230608,3,3
22662,134,5,20210208,42,3
22663,169,11,20211015,93,4
22664,144,9,20230128,74,1
22665,181,11,20240918,59,4
22666,128,3,20221226,41,5
22667,101,10,20211121,69,4
22668,81,14,20240603,57,2
22669,68,9,20210819,27,2
22670,100,13,20240423,63,5
22671,32,13,20230701,0,4
22672,9,3,20210508,16,5
22673,220,13,20230225,22,5
22674,43,2,20210721,55,3
22675,88,4,20210901,68,5
22676,109,14,20241022,28,5
22677,69,7,20220519,19,5
22678,160,9,20231227,20,1
22679,139,14,20221006,26,1
22680,135,2,20220502,18,3
22681,132,9,20231011,75,1
22682,40,1,20240517,23,3
22683,237,13,20220324,4,3
22684,50,4,20240521,60,1
22685,127,3,20210623,70,5
22686,12,1,20210227,55,2
22687,59,12,20230309,38,1
22688,82,13,20211215,79,5
22689,58,11,20220211,41,3
22690,194,11,20230701,48,5
22691,63,8,20220813,94,1
22692,59,7,20210514,63,2
22693,62,12,20211111,6,1
22694,13,1,20221024,31,4
22695,232,2,20230902,2,4
22696,48,12,20220325,22,4
22697,74,5,20210803,65,1
22698,204,11,20240507,16,5
22699,97,3,20231216,90,5
22700,82,5,20240603,68,2
22701,135,5,20230728,49,3
22702,221,6,20220628,16,4
22703,140,6,20220622,33,1
22704,199,13,20220321,38,2
22705,28,7,20230806,87,1
22706,237,4,20221227,33,1
22707,8,8,20230108,79,2
22708,62,9,20210226,9,2
22709,177,1,20221012,28,5
22710,218,13,20230107,9,1
22711,76,6,20240909,40,5
22712,99,14,20211211,45,3
22713,44,3,20231114,72,1
22714,43,4,20220216,61,2
22715,8,11,20210711,2,4
22716,55,4,20210503,91,3
22717,120,3,20220406,51,2
22718,137,10,20241124,21,4
22719,134,12,20230116,52,3
22720,246,6,20240227,84,4
22721,198,4,20230224,59,5
22722,107,4,20230928,22,2
22723,227,3,20210716,27,5
22724,66,1,20240110,32,3
22725,140,9,20210111,46,3
22726,250,13,20240608,46,2
22727,103,10,20240916,99,4
22728,71,13,20240607,80,4
22729,18,12,20210705,1,3
22730,152,11,20221127,71,1
22731,140,14,20211212,63,4
22732,247,10,20220813,31,2
22733,42,1,20210302,45,1
22734,187,8,20230303,80,3
22735,69,10,20240725,77,4
22736,78,13,20240711,8,5
22737,215,9,20210504,62,2
22738,90,7,20210907,94,4
22739,114,6,20210314,43,3
22740,170,7,20210822,19,2
22741,80,14,20231101,98,4
22742,75,13,20240615,61,3
22743,126,6,20240408,79,4
22744,190,3,20240314,20,2
22745,248,6,20210217,79,3
22746,207,8,20220426,56,4
22747,132,14,20211116,26,2
22748,177,4,20240316,99,2
22749,65,13,20221125,40,4
22750,27,12,20230428,33,1
22751,240,13,20220418,2,4
22752,103,11,20220620,41,3
22753,152,12,20210616,52,5
22754,36,3,20240401,60,5
22755,25,7,20210719,3,4
22756,18,10,20211228,5,4
22757,233,9,20220328,18,1
22758,42,12,20220511,55,5
22759,133,3,20230305,19,1
22760,29,9,20210918,86,2
22761,108,12,20210815,57,4
22762,228,9,20240611,19,2
22763,28,2,20210621,36,2
22764,68,12,20230218,67,3
22765,4,7,20230217,3,2
22766,192,4,20241124,63,3
22767,143,3,20220308,38,2
22768,39,2,20211016,85,3
22769,56,9,20240919,57,1
22770,103,7,20211219,17,4
22771,138,13,20211119,30,5
22772,211,1,20240128,66,4
22773,67,7,20220326,35,5
22774,88,1,20240928,81,1
22775,191,14,20210119,39,3
22776,158,8,20230510,5,1
22777,232,1,20220119,31,2
22778,54,2,20220611,39,5
22779,49,3,20210227,53,5
22780,150,10,20220827,19,3
22781,10,8,20211115,32,3
22782,127,8,20210703,44,2
22783,2,4,20220904,57,2
22784,193,6,20210622,70,2
22785,63,13,20240615,3,4
22786,235,3,20230606,93,3
22787,19,10,20210708,18,3
22788,62,14,20231011,62,4
22789,74,5,20220912,18,5
22790,137,14,20210118,53,2
22791,109,1,20230312,89,5
22792,68,2,20230628,19,1
22793,45,5,20211001,89,3
22794,13,6,20240603,88,1
22795,17,13,20230621,68,1
22796,107,3,20210924,34,2
22797,42,4,20240607,25,2
22798,172,8,20221102,17,4
22799,131,14,20231206,25,5
22800,117,8,20240316,16,4
22801,119,13,20220404,17,1
22802,185,2,20221215,87,2
22803,224,11,20210706,40,4
22804,46,7,20210120,54,1
22805,126,5,20230710,45,5
22806,204,13,20230522,47,3
22807,38,10,20230805,82,3
22808,118,10,20220908,81,2
22809,110,4,20220323,35,1
22810,144,4,20230614,86,2
22811,28,10,20230603,78,3
22812,216,8,20220511,66,5
22813,241,3,20210705,26,4
22814,182,1,20230421,25,3
22815,45,5,20210704,59,1
22816,33,13,20240123,83,1
22817,99,1,20221103,81,1
22818,102,2,20240416,30,5
22819,212,9,20221218,20,2
22820,92,12,20221214,53,5
22821,178,8,20220701,32,2
22822,194,3,20220703,35,3
22823,26,10,20240820,3,3
22824,109,10,20210812,43,4
22825,141,5,20210212,84,5
22826,78,11,20220205,20,2
22827,181,4,20240306,23,1
22828,195,4,20211012,41,5
22829,155,5,20220302,68,2
22830,161,11,20211120,9,3
22831,162,6,20220706,97,1
22832,122,7,20210921,10,3
22833,42,10,20211110,45,5
22834,40,2,20231122,66,1
22835,75,4,20221109,99,1
22836,239,10,20210206,42,1
22837,29,12,20241015,73,5
22838,241,1,20240407,19,1
22839,20,8,20230216,54,3
22840,188,8,20220501,8,2
22841,33,14,20211223,69,3
22842,165,5,20221113,24,1
22843,18,8,20230722,5,1
22844,32,10,20230901,12,1
22845,198,9,20240723,80,1
22846,81,2,20230123,53,1
22847,118,9,20220928,79,2
22848,58,7,20211202,89,2
22849,69,1,20211220,77,3
22850,126,11,20230721,58,2
22851,157,14,20241202,40,1
22852,152,2,20230409,66,5
22853,200,14,20210812,96,1
22854,147,12,20221225,78,2
22855,102,10,20240824,47,4
22856,154,5,20210309,76,5
22857,223,7,20220807,81,3
22858,46,6,20240905,61,5
22859,185,13,20210102,58,1
22860,218,14,20231217,5,5
22861,134,2,20240515,69,3
22862,182,13,20220427,23,4
22863,29,13,20230107,70,3
22864,231,2,20210721,57,1
22865,158,6,20241015,44,3
22866,14,6,20231217,25,1
22867,224,3,20220419,39,1
22868,205,10,20211119,56,5
22869,96,6,20221127,41,4
22870,51,14,20231117,55,1
22871,221,14,20240604,46,2
22872,45,4,20210525,25,1
22873,5,14,20241127,95,2
22874,36,11,20221012,84,2
22875,116,12,20230226,80,3
22876,114,7,20240410,74,2
22877,221,2,20220801,96,1
22878,137,14,20221005,26,2
22879,88,10,20241112,28,3
22880,19,12,20240816,19,2
22881,134,9,20230215,68,4
22882,194,8,20220713,38,2
22883,116,6,20210805,93,4
22884,227,7,20241023,21,2
22885,129,9,20220411,62,1
22886,63,6,20240311,11,5
22887,34,10,20240116,62,3
22888,109,8,20220512,14,3
22889,37,3,20230105,33,4
22890,13,9,20221004,95,5
22891,195,12,20240607,80,5
22892,180,1,20210820,3,1
22893,40,4,20240711,88,5
22894,29,3,20220307,10,2
22895,206,1,20221219,57,5
22896,229,10,20210903,37,2
22897,4,10,20230817,55,2
22898,188,12,20220210,42,3
22899,115,6,20230208,48,4
22900,112,10,20221207,71,4
22901,78,2,20230919,10,4
22902,195,2,20240824,57,4
22903,36,10,20220701,32,5
22904,221,5,20230212,38,3
22905,57,6,20241108,73,4
22906,236,1,20230823,45,5
22907,205,4,20221027,64,4
22908,100,5,20240523,24,3
22909,179,3,20210705,81,5
22910,82,11,20240313,16,4
22911,38,14,20240927,44,5
22912,182,2,20210810,79,5
22913,92,11,20230610,87,2
22914,59,6,20241011,33,1
22915,237,8,20230817,47,4
22916,223,4,20220912,40,4
22917,226,1,20220612,56,1
22918,69,3,20210627,44,2
22919,51,11,20231206,52,3
22920,191,4,20220126,10,1
22921,31,8,20220613,95,2
22922,26,8,20221027,47,2
22923,16,12,20240214,25,1
22924,104,12,20240805,48,3
22925,37,9,20221214,93,2
22926,86,11,20241210,51,5
22927,86,3,20240407,95,2
22928,158,6,20231220,39,1
22929,189,6,20240525,69,1
22930,100,14,20230903,44,3
22931,127,5,20230310,47,1
22932,2,1,20240202,61,1
22933,99,10,20230225,92,4
22934,147,1,20240922,98,3
22935,204,7,20231209,90,3
22936,193,6,20230521,57,2
22937,24,3,20240925,65,2
22938,92,8,20241121,65,5
22939,182,12,20210325,34,3
22940,129,8,20210303,58,4
22941,142,11,20211224,1,1
22942,84,12,20241207,37,1
22943,169,10,20230902,48,3
22944,173,4,20211223,86,3
22945,227,9,20210807,47,3
22946,250,6,20221016,92,3
22947,159,2,20240826,44,4
22948,73,10,20210907,5,1
22949,139,8,20210405,83,4
22950,192,1,20230721,3,4
22951,49,7,20220410,18,1
22952,190,10,20221227,99,5
22953,70,7,20220728,72,3
22954,125,5,20210712,48,2
22955,86,10,20240227,5,4
22956,139,10,20230903,7,5
22957,85,8,20240626,91,5
22958,60,12,20240628,3,5
22959,234,1,20210212,47,5
22960,36,12,20210408,39,5
22961,170,5,20220513,55,3
22962,248,11,20210612,16,5
22963,209,9,20220208,88,5
22964,231,5,20220524,93,2
22965,250,1,20240215,59,2
22966,208,4,20230410,59,3
22967,197,10,20240115,79,3
22968,173,8,20210209,16,3
22969,96,11,20230312,91,1
22970,9,7,20210621,69,5
22971,211,9,20231117,85,2
22972,171,8,20210210,76,3
22973,203,14,20231026,57,1
22974,150,12,20241223,49,3
22975,123,13,20220322,66,1
22976,76,6,20221112,69,2
22977,16,8,20241103,52,1
22978,163,7,20241116,48,3
22979,162,3,20220213,96,4
22980,85,1,20230311,45,1
22981,29,13,20230307,36,4
22982,114,3,20221115,42,1
22983,129,9,20221211,34,1
22984,250,5,20220815,78,4
22985,245,6,20230119,37,3
22986,208,8,20241221,56,1
22987,231,4,20240203,40,5
22988,186,12,20210106,3,5
22989,212,8,20221014,4,4
22990,62,8,20210825,82,2
22991,142,4,20220804,68,1
22992,99,2,20220606,71,2
22993,240,10,20221222,58,5
22994,116,5,20210907,75,3
22995,105,3,20240419,86,3
22996,205,4,20231117,7,5
22997,233,9,20210228,92,1
22998,211,7,20210211,43,1
22999,62,5,20210213,41,1
23000,189,3,20240426,22,2
23001,230,5,20210802,1,1
23002,24,8,20231213,79,2
23003,140,11,20220907,7,3
23004,171,7,20241201,51,5
23005,235,4,20210808,53,5
23006,164,11,20220622,27,3
23007,218,11,20230919,80,4
23008,80,4,20210322,53,5
23009,39,10,20210311,30,3
23010,190,1,20240708,51,5
23011,95,13,20241120,67,3
23012,118,11,20220414,53,5
23013,16,3,20240819,60,1
23014,53,10,20231209,63,2
23015,22,9,20240804,13,5
23016,11,5,20210810,26,1
23017,42,3,20210304,13,2
23018,15,1,20220217,12,1
23019,24,10,20220825,20,1
23020,138,12,20240815,20,1
23021,95,9,20210205,27,2
23022,156,5,20241108,73,5
23023,82,8,20230802,56,5
23024,47,6,20231123,90,5
23025,141,1,20240412,26,4
23026,181,10,20210610,6,4
23027,92,14,20230328,52,3
23028,30,11,20210628,82,4
23029,242,7,20241225,23,5
23030,21,8,20220926,6,1
23031,230,9,20220904,89,2
23032,4,13,20210317,6,4
23033,20,3,20230408,53,4
23034,219,5,20220723,10,3
23035,34,12,20220212,43,3
23036,155,13,20230114,26,1
23037,60,4,20211026,12,2
23038,194,5,20231026,88,3
23039,174,1,20241106,64,1
23040,196,13,20231128,76,3
23041,5,13,20240608,46,3
23042,78,1,20230720,52,3
23043,33,5,20240917,19,4
23044,136,3,20210227,61,5
23045,214,10,20220716,40,5
23046,91,3,20230401,98,2
23047,22,5,20240923,67,5
23048,124,11,20220115,67,1
23049,243,1,20241107,50,1
23050,204,4,20240404,40,3
23051,15,5,20210105,5,4
23052,196,13,20230305,11,1
23053,83,5,20240124,49,3
23054,236,4,20210924,83,1
23055,244,4,20240905,9,1
23056,178,3,20211226,47,1
23057,93,11,20230125,64,1
23058,36,6,20220306,35,2
23059,67,11,20231205,65,5
23060,236,6,20230113,48,4
23061,46,1,20220917,46,2
23062,56,11,20230920,41,2
23063,77,4,20240227,10,1
23064,188,11,20240118,10,4
23065,32,14,20221126,23,5
23066,43,3,20220808,1,3
23067,17,7,20241126,54,2
23068,162,3,20220619,37,5
23069,28,9,20230223,39,1
23070,42,6,20240709,9,3
23071,173,13,20211202,92,2
23072,67,4,20230412,88,2
23073,49,5,20240128,68,2
23074,214,5,20211211,67,4
23075,87,13,20211124,14,5
23076,173,2,20210914,44,2
23077,34,5,20221127,41,5
23078,163,14,20231021,13,1
23079,187,12,20240328,21,1
23080,9,2,20230722,89,1
23081,68,13,20221108,31,4
23082,127,8,20210812,33,3
23083,147,12,20220402,49,5
23084,151,13,20240521,61,2
23085,133,6,20220221,57,2
23086,166,8,20241204,8,5
23087,201,3,20220324,87,1
23088,29,2,20210413,81,1
23089,215,13,20240228,57,2
23090,22,4,20230928,57,2
23091,71,10,20220104,72,2
23092,240,5,20231106,20,1
23093,175,8,20221225,60,5
23094,217,3,20240522,37,3
23095,52,3,20240124,90,4
23096,193,11,20230818,73,4
23097,52,4,20230121,67,3
23098,42,3,20211017,37,1
23099,109,6,20241121,53,2
23100,179,11,20230515,10,1
23101,159,14,20210807,14,4
23102,4,5,20211116,81,3
23103,207,8,20240820,88,5
23104,64,4,20240105,66,4
23105,93,9,20240911,2,1
23106,206,12,20220622,72,3
23107,79,3,20240602,46,3
23108,189,1,20210123,83,2
23109,33,10,20230226,64,4
23110,217,13,20240511,43,3
23111,47,14,20230703,60,4
23112,250,3,20220416,63,3
23113,1,8,20220625,7,1
23114,212,1,20230706,50,1
23115,175,10,20240405,89,5
23116,71,1,20240822,66,1
23117,243,11,20220602,16,5
23118,239,2,20230122,47,2
23119,93,3,20211224,0,3
23120,84,13,20210919,69,4
23121,168,2,20220410,69,4
23122,139,4,20240619,66,2
23123,90,12,20240703,82,5
23124,60,11,20210407,42,4
23125,113,9,20220224,58,5
23126,125,1,20210526,89,4
23127,106,7,20240118,98,3
23128,246,3,20241026,15,2
23129,242,8,20211110,66,3
23130,162,2,20230715,92,5
23131,167,12,20230611,34,3
23132,7,5,20240823,38,4
23133,59,5,20231019,16,4
23134,228,2,20240502,76,3
23135,157,9,20220815,28,3
23136,186,14,20230118,70,4
23137,248,5,20240301,1,1
23138,67,12,20220323,32,5
23139,136,5,20210928,2,5
23140,194,10,20240203,56,3
23141,51,7,20211025,88,4
23142,121,8,20230920,26,5
23143,5,4,20230813,52,1
23144,147,5,20220714,4,2
23145,187,4,20220607,33,5
23146,101,8,20240906,51,1
23147,61,1,20210521,37,3
23148,227,5,20210712,47,1
23149,63,11,20210222,53,4
23150,49,8,20220617,0,4
23151,161,13,20221124,26,4
23152,246,2,20231108,87,3
23153,115,12,20230725,28,3
23154,196,5,20230209,65,1
23155,142,5,20210911,96,5
23156,94,11,20231120,86,2
23157,233,3,20211021,62,3
23158,199,9,20220322,0,1
23159,69,12,20210314,31,2
23160,53,13,20220421,11,3
23161,97,2,20241225,88,4
23162,243,6,20211010,93,3
23163,76,3,20231228,78,5
23164,122,5,20220415,32,4
23165,116,2,20231128,35,2
23166,43,14,20230311,93,5
23167,215,7,20241222,16,4
23168,160,1,20240616,34,5
23169,181,9,20220404,48,2
23170,100,5,20210303,7,4
23171,36,3,20210818,15,5
23172,178,7,20230207,57,1
23173,39,3,20230626,42,2
23174,161,3,20210514,21,4
23175,117,3,20221101,33,1
23176,99,14,20220627,35,4
23177,177,13,20220409,86,1
23178,23,12,20240520,46,3
23179,219,2,20230323,90,4
23180,119,13,20230812,87,2
23181,178,11,20220304,35,2
23182,30,1,20210909,82,2
23183,15,2,20220515,95,4
23184,6,1,20230803,19,4
23185,169,7,20230112,40,4
23186,57,8,20221222,68,5
23187,183,12,20240427,16,1
23188,182,3,20220428,72,5
23189,140,1,20230614,45,2
23190,196,12,20231209,3,5
23191,192,2,20241001,68,5
23192,169,1,20211104,96,5
23193,80,13,20210901,81,4
23194,183,1,20210928,23,5
23195,139,7,20220504,59,5
23196,148,3,20230826,47,1
23197,104,12,20240111,31,1
23198,213,13,20241005,95,3
23199,201,11,20220221,33,2
23200,164,2,20230224,8,2
23201,197,4,20231220,40,1
23202,19,3,20230421,15,5
23203,10,9,20230302,40,3
23204,234,3,20211122,11,2
23205,106,11,20220212,88,2
23206,71,6,20221127,98,5
23207,180,12,20240918,90,2
23208,237,12,20220428,27,5
23209,239,13,20220718,75,5
23210,128,4,20221124,61,5
23211,205,10,20241027,27,3
23212,246,10,20240228,47,4
23213,156,11,20230501,50,2
23214,146,8,20240822,17,4
23215,48,2,20231203,12,2
23216,190,4,20221016,26,4
23217,234,13,20220220,81,5
23218,43,8,20211103,85,3
23219,95,4,20220321,20,5
23220,60,3,20211027,80,3
23221,201,8,20240709,6,3
23222,126,13,20211107,79,5
23223,4,13,20230117,4,1
23224,182,11,20210108,51,3
23225,162,2,20210202,47,4
23226,210,3,20241114,9,1
23227,144,1,20230723,4,2
23228,44,3,20230707,49,1
23229,74,9,20211028,34,4
23230,97,2,20210520,35,5
23231,65,6,20230315,3,4
23232,139,8,20211003,88,1
23233,108,11,20241005,52,1
23234,189,1,20231112,32,3
23235,232,5,20220801,54,5
23236,160,12,20240701,47,3
23237,199,8,20220414,57,3
23238,191,14,20221222,31,3
23239,178,6,20240806,96,2
23240,144,8,20210323,58,5
23241,36,14,20220925,51,1
23242,158,11,20231207,13,4
23243,73,11,20221007,19,5
23244,211,4,20210119,52,4
23245,22,3,20231021,13,1
23246,39,7,20211214,65,4
23247,89,11,20240405,49,4
23248,188,3,20210616,55,2
23249,31,7,20230115,12,5
23250,196,3,20240412,17,3
23251,11,9,20220209,2,2
23252,15,14,20210528,87,3
23253,90,2,20230204,19,5
23254,173,14,20210706,21,5
23255,61,1,20240214,53,5
23256,55,11,20210921,82,4
23257,133,5,20220321,79,5
23258,37,8,20220601,37,2
23259,199,13,20220708,37,4
23260,175,3,20221126,44,5
23261,148,5,20230926,49,3
23262,24,1,20210927,89,3
23263,68,5,20220816,95,5
23264,225,7,20240901,81,3
23265,55,4,20230215,95,2
23266,72,8,20240214,53,5
23267,237,3,20230611,91,5
23268,119,3,20220728,69,4
23269,67,1,20220815,51,4
23270,211,6,20220808,43,4
23271,224,14,20210303,70,2
23272,49,1,20240213,66,2
23273,236,3,20230327,80,4
23274,119,1,20240519,74,5
23275,202,14,20240323,17,3
23276,21,12,20211127,98,4
23277,125,10,20231109,6,4
23278,146,8,20210619,57,3
23279,188,6,20240224,88,2
23280,122,4,20230804,89,4
23281,2,12,20220123,88,2
23282,10,1,20230206,38,4
23283,232,11,20231001,40,2
23284,5,9,20240403,34,3
23285,22,7,20210224,46,5
23286,65,13,20221228,94,5
23287,187,14,20211113,68,5
23288,121,6,20210924,33,2
23289,130,2,20210711,31,5
23290,249,8,20220606,70,4
23291,154,9,20210708,77,4
23292,120,11,20240516,74,4
23293,119,2,20211009,33,2
23294,169,12,20220401,56,4
23295,4,6,20220410,88,5
23296,247,12,20210321,10,5
23297,33,6,20240924,12,4
23298,97,5,20240402,69,5
23299,20,9,20211217,7,3
23300,74,7,20210612,38,3
23301,28,10,20240812,19,3
23302,208,13,20221027,10,3
23303,169,10,20240309,88,4
23304,112,11,20230214,87,4
23305,130,9,20230805,59,4
23306,18,5,20220524,19,2
23307,239,7,20230920,18,2
23308,70,8,20220509,41,4
23309,203,9,20240426,88,1
23310,193,4,20211221,20,5
23311,160,2,20241210,27,4
23312,122,5,20240504,7,5
23313,103,4,20230705,37,5
23314,187,13,20210205,15,2
23315,117,11,20210224,13,5
23316,73,12,20210302,42,2
23317,15,4,20230913,9,3
23318,166,11,20241026,27,5
23319,137,12,20241008,66,2
23320,7,13,20220827,30,3
23321,224,9,20221205,85,1
23322,91,13,20210809,92,3
23323,172,13,20210621,81,1
23324,35,4,20211102,64,2
23325,170,6,20210417,42,2
23326,118,13,20230515,8,4
23327,186,10,20220724,47,4
23328,233,9,20210515,8,4
23329,140,5,20230116,69,1
23330,111,3,20240804,47,2
23331,81,10,20240502,41,3
23332,77,8,20220526,2,3
23333,167,6,20231027,88,2
23334,157,5,20210521,57,2
23335,134,11,20210707,20,3
23336,177,4,20240408,16,1
23337,42,6,20240325,95,1
23338,94,1,20240322,70,5
23339,211,3,20230701,97,5
23340,16,7,20220227,64,5
23341,187,14,20240320,46,5
23342,5,11,20231003,79,1
23343,26,3,20230408,31,5
23344,122,4,20230126,15,1
23345,23,12,20230711,66,3
23346,148,8,20220318,14,2
23347,108,4,20231212,17,1
23348,21,2,20230910,6,5
23349,180,9,20220808,45,5
23350,201,8,20230212,33,5
23351,206,12,20240218,56,5
23352,64,11,20210516,60,3
23353,184,2,20241121,36,2
23354,18,12,20240421,74,1
23355,159,1,20210206,95,4
23356,212,7,20220320,36,5
23357,196,8,20220504,25,1
23358,98,2,20210902,67,4
23359,27,8,20240825,64,5
23360,17,4,20210608,36,5
23361,201,5,20220606,66,5
23362,171,13,20231017,13,4
23363,201,1,20211209,96,1
23364,91,10,20241006,0,5
23365,181,11,20230206,98,3
23366,5,6,20230201,78,4
23367,63,2,20220728,44,4
23368,155,1,20221009,78,5
23369,214,10,20221210,40,4
23370,149,13,20240515,62,5
23371,147,11,20211021,97,3
23372,116,14,20230123,15,1
23373,212,9,20241015,95,2
23374,153,3,20240725,45,2
23375,195,2,20210415,1,5
23376,7,14,20231126,89,5
23377,73,13,20211117,67,2
23378,204,14,20230428,34,3
23379,201,9,20241119,93,1
23380,63,9,20240523,59,4
23381,164,12,20210117,46,1
23382,131,4,20241202,41,1
23383,120,8,20231117,14,2
23384,151,5,20211018,99,3
23385,91,13,20211021,54,1
23386,143,12,20210324,34,4
23387,143,13,20221207,75,4
23388,129,9,20230620,71,2
23389,21,4,20240823,11,1
23390,31,2,20240824,78,4
23391,28,13,20240714,58,1
23392,112,3,20210609,11,5
23393,156,4,20231219,93,1
23394,182,4,20220801,12,3
23395,125,1,20221003,81,2
23396,229,3,20210212,1,1
23397,233,11,20210225,10,4
23398,69,12,20220204,30,2
23399,83,9,20220918,93,4
23400,179,12,20210416,90,5
23401,148,7,20230204,44,2
23402,161,7,20210416,58,4
23403,45,3,20230706,94,5
23404,11,7,20220316,0,5
23405,95,11,20210913,32,2
23406,126,4,20230314,4,5
23407,174,9,20230222,37,4
23408,16,5,20241213,70,4
23409,59,14,20230804,82,3
23410,157,10,20240420,24,4
23411,10,5,20240818,78,3
23412,129,4,20210423,0,4
23413,137,4,20211011,28,4
23414,198,13,20230519,38,2
23415,157,1,20210122,50,3
23416,237,2,20231006,70,2
23417,225,3,20220615,55,2
23418,216,13,20220925,58,2
23419,47,3,20210625,71,1
23420,244,12,20240512,42,3
23421,227,3,20230620,63,5
23422,17,9,20230924,2,1
23423,132,1,20220919,89,1
23424,84,10,20210718,45,5
23425,52,14,20240928,91,3
23426,46,14,20210705,10,3
23427,230,2,20240107,70,4
23428,224,8,20230415,13,1
23429,246,8,20240603,84,4
23430,118,12,20230117,28,4
23431,57,9,20211020,87,3
23432,57,2,20220511,88,5
23433,171,7,20210706,59,3
23434,143,8,20221108,50,2
23435,180,14,20241124,27,5
23436,131,5,20220110,93,4
23437,190,11,20240111,52,4
23438,187,12,20211008,26,1
23439,229,13,20210219,39,2
23440,51,12,20210106,23,5
23441,76,1,20240611,74,4
23442,171,14,20220313,60,4
23443,74,12,20240313,20,2
23444,126,2,20240518,93,5
23445,50,3,20231104,42,1
23446,119,14,20241021,50,4
23447,97,11,20240317,97,3
23448,8,12,20220617,40,4
23449,156,7,20220918,77,4
23450,123,2,20211126,61,4
23451,122,11,20240325,29,4
23452,35,9,20220307,59,5
23453,70,2,20240610,27,3
23454,194,7,20240923,54,1
23455,2,13,20241223,37,5
23456,54,8,20210628,24,5
23457,106,2,20240725,27,3
23458,61,8,20220918,74,5
23459,15,3,20230709,55,5
23460,174,2,20241211,55,2
23461,109,12,20241206,70,4
23462,235,6,20240824,57,4
23463,43,6,20211224,31,2
23464,40,14,20240801,2,5
23465,104,14,20210803,30,1
23466,102,7,20240720,81,4
23467,136,10,20240617,13,3
23468,71,1,20230610,53,2
23469,116,11,20240915,38,4
23470,33,3,20230709,91,5
23471,164,8,20220413,96,2
23472,183,5,20210507,70,3
23473,88,12,20230121,42,5
23474,150,1,20220212,17,5
23475,198,1,20210622,33,5
23476,225,11,20211027,76,2
23477,60,8,20240901,2,4
23478,201,2,20230509,15,4
23479,123,11,20210613,32,5
23480,160,7,20230306,78,5
23481,58,1,20210219,67,3
23482,85,2,20220417,33,2
23483,14,6,20230515,19,5
23484,86,4,20240915,56,1
23485,93,9,20231126,32,1
23486,191,3,20241015,99,5
23487,199,12,20230623,90,5
23488,65,7,20220810,40,4
23489,42,2,20210309,5,3
23490,74,13,20241001,51,5
23491,11,14,20210913,36,1
23492,102,4,20230628,50,5
23493,110,5,20211022,10,2
23494,72,9,20241103,92,3
23495,179,5,20240701,27,2
23496,202,14,20220925,41,2
23497,8,10,20231212,32,1
23498,187,3,20240604,93,3
23499,62,7,20220724,10,1
23500,188,13,20230317,58,4
23501,168,3,20220712,53,2
23502,72,14,20211108,10,3
23503,174,1,20220102,52,2
23504,171,13,20240102,23,5
23505,132,4,20210514,58,2
23506,241,6,20220214,17,3
23507,229,2,20220115,92,4
23508,216,11,20230728,60,2
23509,227,4,20211114,37,4
23510,193,7,20220813,45,3
23511,49,14,20220123,9,5
23512,218,6,20230310,39,4
23513,20,12,20220807,92,3
23514,41,5,20241012,8,3
23515,130,11,20211117,17,2
23516,227,10,20230226,37,2
23517,70,11,20220409,75,1
23518,228,6,20240302,43,5
23519,175,8,20230128,84,1
23520,1,9,20230524,72,4
23521,227,7,20210824,8,3
23522,106,8,20220607,81,1
23523,150,2,20221012,27,4
23524,24,9,20211103,79,5
23525,74,11,20231017,58,2
23526,223,13,20220615,3,2
23527,41,9,20220524,53,5
23528,15,4,20230107,37,1
23529,205,10,20221012,63,5
23530,181,13,20240417,45,4
23531,159,11,20220524,51,5
23532,205,2,20230519,59,1
23533,104,13,20221103,0,5
23534,79,13,20231228,67,5
23535,235,5,20230521,9,2
23536,140,7,20210523,31,3
23537,181,1,20240212,1,3
23538,89,14,20210927,73,5
23539,90,7,20211009,63,1
23540,106,12,20230211,59,1
23541,163,2,20211107,49,4
23542,130,14,20210406,18,1
23543,209,2,20210522,23,1
23544,101,6,20220316,79,4
23545,139,6,20220302,19,3
23546,81,2,20221026,32,4
23547,88,9,20220212,72,3
23548,235,9,20241012,81,5
23549,158,2,20230323,78,3
23550,232,12,20211102,28,5
23551,228,1,20210616,8,2
23552,107,9,20221127,24,2
23553,218,3,20241213,26,1
23554,103,12,20211112,81,1
23555,177,3,20241111,94,5
23556,237,5,20231017,66,1
23557,66,2,20210416,30,5
23558,230,10,20210509,81,3
23559,41,6,20210807,33,4
23560,2,7,20221022,78,3
23561,237,14,20211114,36,1
23562,18,12,20241026,68,4
23563,88,5,20220605,35,4
23564,123,8,20230221,74,5
23565,45,12,20210408,10,2
23566,191,7,20230307,39,3
23567,245,13,20210116,6,2
23568,109,2,20230406,3,2
23569,143,10,20220409,83,3
23570,205,7,20230813,57,4
23571,6,1,20230327,51,3
23572,168,14,20230403,24,3
23573,178,12,20230610,72,5
23574,177,12,20240102,30,3
23575,133,7,20211014,41,2
23576,178,9,20230323,74,1
23577,102,6,20211228,37,4
23578,100,2,20240208,74,2
23579,163,7,20220215,63,2
23580,216,12,20211224,77,4
23581,161,6,20230819,13,4
23582,151,1,20221106,51,3
23583,75,12,20220222,80,3
23584,132,11,20241007,20,1
23585,100,11,20241107,81,4
23586,203,6,20220122,92,4
23587,67,12,20240111,53,4
23588,7,1,20211225,39,5
23589,59,5,20210911,21,5
23590,144,8,20240921,96,4
23591,174,5,20231116,56,2
23592,149,5,20230801,66,4
23593,213,2,20220718,9,4
23594,77,1,20220311,90,4
23595,107,11,20220114,39,3
23596,150,11,20240713,91,1
23597,142,4,20220626,21,4
23598,177,11,20231026,73,3
23599,16,1,20241104,83,4
23600,103,3,20230207,58,3
23601,249,8,20230816,0,4
23602,242,10,20210808,31,1
23603,111,1,20230417,66,4
23604,14,9,20211022,69,5
23605,67,2,20240112,2,3
23606,145,6,20231015,29,2
23607,76,9,20241028,89,4
23608,189,7,20210917,6,5
23609,245,11,20230316,17,2
23610,65,12,20240522,13,1
23611,241,7,20220601,89,4
23612,198,3,20221220,13,1
23613,171,4,20230122,14,2
23614,90,11,20221004,52,5
23615,79,6,20210523,64,5
23616,104,8,20220527,0,2
23617,218,9,20211027,48,5
23618,119,14,20240325,29,5
23619,148,12,20230127,1,1
23620,97,7,20230327,38,5
23621,189,10,20210411,9,2
23622,230,1,20230126,73,2
23623,174,11,20220320,80,5
23624,155,11,20210228,61,4
23625,176,4,20241226,66,2
23626,100,10,20220221,95,4
23627,78,6,20230201,2,1
23628,244,2,20220908,92,5
23629,121,7,20210107,80,4
23630,17,2,20241219,92,1
23631,198,10,20230420,73,4
23632,136,11,20240307,50,5
23633,211,14,20230309,54,2
23634,179,8,20220627,44,5
23635,85,5,20241005,34,2
23636,87,11,20241218,29,1
23637,73,14,20210927,25,1
23638,116,8,20230815,95,2
23639,72,6,20240719,86,1
23640,9,13,20220309,72,2
23641,131,8,20220702,22,1
23642,90,11,20220422,39,4
23643,188,7,20220606,70,3
23644,101,11,20211207,38,5
23645,81,4,20240414,56,3
23646,243,13,20221118,46,2
23647,107,11,20211224,89,2
23648,152,9,20230807,42,5
23649,206,6,20230616,68,1
23650,230,10,20230204,83,1
23651,95,2,20221211,54,5
23652,157,4,20240526,94,1
23653,237,14,20220305,30,3
23654,38,3,20210214,5,3
23655,48,13,20210602,48,3
23656,162,14,20220125,97,3
23657,39,13,20240412,81,1
23658,50,7,20241124,68,3
23659,51,13,20210205,6,1
23660,31,5,20230705,91,5
23661,82,4,20211218,37,3
23662,26,11,20220510,27,3
23663,238,13,20211117,95,5
23664,207,2,20210210,1,5
23665,118,11,20240603,93,5
23666,32,6,20241214,72,4
23667,110,9,20211123,31,2
23668,214,13,20220107,22,5
23669,161,9,20240319,67,2
23670,135,1,20220810,29,2
23671,26,6,20220410,21,2
23672,123,3,20231204,42,4
23673,62,14,20211104,3,2
23674,243,7,20210827,48,4
23675,40,3,20240720,3,3
23676,122,2,20210623,4,5
23677,239,4,20230310,69,2
23678,165,12,20230120,98,2
23679,118,8,20230917,79,4
23680,92,11,20240702,21,2
23681,215,12,20220124,9,3
23682,169,12,20240910,39,3
23683,208,6,20221206,71,4
23684,241,5,20230105,60,2
23685,219,10,20241113,80,5
23686,176,3,20240914,24,5
23687,8,8,20240115,9,3
23688,166,3,20240622,0,3
23689,61,9,20210505,85,3
23690,224,4,20230113,63,2
23691,171,3,20220217,69,1
23692,107,12,20240310,92,4
23693,244,14,20211009,95,4
23694,86,9,20241228,27,2
23695,57,7,20220917,14,2
23696,102,14,20230319,63,3
23697,78,12,20210101,94,5
23698,96,5,20220605,45,4
23699,92,2,20240119,27,5
23700,185,2,20240617,35,5
23701,29,8,20211123,93,2
23702,159,5,20210201,71,1
23703,86,7,20210328,68,4
23704,243,3,20211119,99,2
23705,87,12,20210607,47,4
23706,184,1,20210807,9,4
23707,188,5,20211219,20,2
23708,8,3,20210110,76,4
23709,63,12,20211114,34,5
23710,45,7,20230510,12,3
23711,40,10,20210308,19,1
23712,77,7,20211103,80,3
23713,45,8,20220625,81,5
23714,160,5,20210310,26,5
23715,167,4,20210301,36,2
23716,210,1,20210822,93,3
23717,38,3,20220307,72,2
23718,16,3,20220625,94,4
23719,141,12,20240215,56,4
23720,141,9,20210305,35,5
23721,4,9,20241219,25,1
23722,154,11,20220419,46,3
23723,193,2,20240513,71,3
23724,153,1,20211103,95,1
23725,5,12,20221206,29,3
23726,83,8,20220905,35,4
23727,110,3,20231209,38,5
23728,241,12,20230809,43,1
23729,197,1,20210927,89,2
23730,60,12,20220405,81,3
23731,34,9,20211020,32,1
23732,92,2,20231017,33,4
23733,184,8,20230827,65,3
23734,154,3,20240816,38,3
23735,154,4,20210406,43,3
23736,6,6,20240805,97,1
23737,77,14,20230321,76,1
23738,90,11,20230813,44,1
23739,241,10,20210502,56,1
23740,120,11,20211117,18,3
23741,70,10,20240727,15,2
23742,176,5,20210609,27,4
23743,110,6,20230611,4,1
23744,222,14,20220510,81,3
23745,232,13,20241205,4,2
23746,83,1,20220820,7,1
23747,220,5,20240503,94,1
23748,49,11,20240407,4,4
23749,229,5,20230709,1,3
23750,37,14,20220525,16,4
23751,201,9,20210619,15,2
23752,191,13,20241112,50,3
23753,9,14,20210616,68,3
23754,112,3,20231116,40,4
23755,178,14,20240605,65,4
23756,194,3,20240924,38,5
23757,64,6,20231103,72,4
23758,45,12,20230927,86,1
23759,219,3,20230604,0,5
23760,156,7,20220905,30,1
23761,57,2,20211112,43,3
23762,225,4,20220921,23,2
23763,155,8,20240605,66,1
23764,57,1,20230604,51,1
23765,90,9,20210922,33,1
23766,161,14,20221001,57,2
23767,92,10,20210618,16,4
23768,60,10,20220727,77,4
23769,128,2,20230411,64,2
23770,33,6,20231227,87,5
23771,45,9,20220804,90,5
23772,149,14,20230925,66,5
23773,158,10,20211208,74,3
23774,27,6,20211015,29,5
23775,31,8,20210514,51,2
23776,111,1,20240226,86,2
23777,124,4,20230725,30,4
23778,37,7,20221116,92,2
23779,94,2,20220312,98,3
23780,185,8,20220303,20,3
23781,224,5,20240420,19,5
23782,38,5,20220117,62,1
23783,198,7,20241024,95,3
23784,203,8,20230705,88,5
23785,140,2,20240120,4,5
23786,158,12,20220613,50,3
23787,176,11,20220420,17,4
23788,67,6,20210303,86,5
23789,122,11,20240823,48,1
23790,116,3,20230414,56,5
23791,33,4,20230901,94,5
23792,106,4,20210325,35,1
23793,8,11,20220428,56,4
23794,192,8,20221220,99,5
23795,193,12,20240105,47,4
23796,175,9,20220610,88,3
23797,68,10,20220603,29,1
23798,208,2,20230205,67,2
23799,143,4,20230719,7,2
23800,74,6,20220620,33,2
23801,161,8,20230806,31,3
23802,76,13,20240825,7,2
23803,100,4,20220704,37,1
23804,23,10,20210223,64,2
23805,153,2,20231211,50,2
23806,72,10,20230212,75,5
23807,190,14,20240524,65,5
23808,32,8,20230407,67,2
23809,178,6,20240310,32,2
23810,93,4,20211012,81,1
23811,206,11,20230112,92,1
23812,14,8,20220124,61,3
23813,197,9,20240218,96,3
23814,243,12,20220609,35,5
23815,84,5,20211006,3,2
23816,171,14,20220509,80,4
23817,51,5,20210115,89,4
23818,63,11,20220827,23,5
23819,242,8,20220314,95,1
23820,32,3,20211124,79,2
23821,161,4,20211021,4,3
23822,114,3,20241201,20,5
23823,195,5,20210416,13,4
23824,21,11,20211028,5,5
23825,150,8,20211228,48,5
23826,113,6,20230528,85,1
23827,221,6,20240322,32,2
23828,192,14,20210712,8,5
23829,226,3,20221114,13,4
23830,210,11,20211218,16,4
23831,206,10,20230428,58,2
23832,96,2,20230628,23,3
23833,242,12,20230603,67,2
23834,226,13,20210312,40,2
23835,206,4,20210616,29,1
23836,37,3,20240126,83,4
23837,131,3,20210306,50,3
23838,49,4,20231112,53,5
23839,179,12,20230323,96,4
23840,215,4,20211001,94,2
23841,107,14,20230224,42,3
23842,247,7,20241018,18,1
23843,45,13,20220328,21,2
23844,31,6,20230723,39,3
23845,19,9,20210308,71,3
23846,49,7,20210521,17,3
23847,56,2,20220903,68,3
23848,193,1,20211119,28,5
23849,200,10,20231228,61,5
23850,205,4,20230816,22,4
23851,26,2,20211120,78,3
23852,31,3,20220918,3,2
23853,77,9,20210308,93,5
23854,11,9,20230525,68,3
23855,63,4,20220616,21,4
23856,114,10,20210526,12,4
23857,217,8,20231118,71,3
23858,57,13,20210712,0,1
23859,44,11,20210313,29,4
23860,209,1,20220703,71,4
23861,80,4,20230716,79,5
23862,159,6,20230113,42,5
23863,115,13,20240324,46,1
23864,43,1,20240921,72,4
23865,47,7,20230518,90,5
23866,227,4,20210708,86,4
23867,224,5,20240905,84,5
23868,168,14,20230721,5,4
23869,164,13,20230923,96,1
23870,228,6,20241223,84,3
23871,182,14,20230110,93,1
23872,131,13,20230708,24,5
23873,227,12,20220117,78,4
23874,31,9,20230228,19,5
23875,122,14,20230123,42,4
23876,55,8,20241006,9,5
23877,77,7,20240707,61,4
23878,101,11,20230210,74,3
23879,55,8,20210602,61,3
23880,52,2,20220122,49,4
23881,178,2,20230209,58,2
23882,70,13,20230807,76,4
23883,106,6,20210416,97,3
23884,160,10,20220625,92,2
23885,184,3,20220206,79,4
23886,177,11,20240609,32,1
23887,144,1,20211204,86,2
23888,234,7,20240728,79,5
23889,247,5,20231124,39,2
23890,235,8,20241216,99,5
23891,178,3,20240205,72,3
23892,60,13,20230919,89,2
23893,118,11,20240910,36,1
23894,214,11,20210307,4,5
23895,84,1,20210801,42,5
23896,166,6,20211005,55,5
23897,148,2,20210508,93,1
23898,25,10,20241006,34,1
23899,37,12,20211006,32,4
23900,196,14,20240828,81,2
23901,102,3,20240418,80,1
23902,207,11,20230101,78,5
23903,7,13,20230212,4,4
23904,24,9,20241218,14,2
23905,195,1,20220701,67,2
23906,162,1,20231105,7,3
23907,93,14,20240911,94,5
23908,146,3,20210416,28,2
23909,50,4,20220723,33,5
23910,104,3,20230116,11,5
23911,211,5,20220601,23,3
23912,115,14,20221102,50,5
23913,171,4,20231211,65,2
23914,41,8,20231103,72,3
23915,158,5,20210325,63,2
23916,35,8,20210407,93,2
23917,31,3,20221015,17,1
23918,72,9,20220715,80,4
23919,153,4,20210708,89,2
23920,224,7,20210507,87,5
23921,174,6,20221022,31,4
23922,152,14,20211015,59,4
23923,21,3,20241111,66,3
23924,13,5,20231227,90,3
23925,39,11,20210527,76,5
23926,230,3,20220823,39,3
23927,202,8,20230414,31,3
23928,28,5,20220702,76,1
23929,116,7,20210105,1,4
23930,28,10,20231008,75,4
23931,196,6,20230522,98,1
23932,152,5,20230301,16,4
23933,76,10,20230822,94,5
23934,152,12,20240821,9,5
23935,158,9,20220106,99,5
23936,226,3,20220313,43,3
23937,231,8,20220815,54,3
23938,108,13,20221005,70,1
23939,81,1,20210505,55,2
23940,214,8,20230916,34,1
23941,143,4,20240225,71,5
23942,121,3,20210324,8,3
23943,220,8,20220622,63,4
23944,62,8,20210204,58,2
23945,91,14,20221015,83,1
23946,246,9,20220918,16,4
23947,151,8,20231104,95,1
23948,147,8,20230524,12,2
23949,199,7,20240506,6,1
23950,194,9,20241116,72,2
23951,250,8,20220310,82,5
23952,101,5,20210713,38,5
23953,189,13,20211205,23,5
23954,165,7,20241118,55,2
23955,166,7,20240718,52,5
23956,62,11,20231007,94,4
23957,117,5,20230215,76,1
23958,93,12,20240809,29,5
23959,243,5,20220213,86,4
23960,21,4,20220710,2,2
23961,227,7,20220314,8,5
23962,6,8,20231008,0,3
23963,185,4,20230809,8,1
23964,1,5,20210526,17,3
23965,89,8,20240120,18,2
23966,134,4,20220714,54,5
23967,55,14,20221114,77,1
23968,159,14,20220725,96,4
23969,121,3,20220227,16,5
23970,60,8,20240427,49,5
23971,198,7,20231028,46,4
23972,87,2,20240225,63,3
23973,201,11,20220306,63,2
23974,139,2,20241012,68,2
23975,68,12,20230608,24,1
23976,211,7,20230128,20,3
23977,52,12,20220719,95,2
23978,17,12,20221210,47,4
23979,95,6,20231116,81,2
23980,196,14,20221221,34,2
23981,9,13,20210628,69,4
23982,179,9,20231213,98,5
23983,108,1,20230216,86,3
23984,79,1,20240119,57,4
23985,239,14,20240909,88,2
23986,64,10,20240919,99,4
23987,60,6,20230304,32,4
23988,69,8,20231124,40,4
23989,148,7,20230620,87,5
23990,249,14,20230725,48,3
23991,158,11,20230108,11,5
23992,31,5,20241122,22,3
23993,15,11,20220904,4,3
23994,218,9,20210327,48,2
23995,192,10,20220402,87,3
23996,147,14,20220115,85,5
23997,82,10,20220812,0,3
23998,152,6,20230222,70,5
23999,98,3,20210111,98,2
24000,83,13,20210605,45,2
24001,62,6,20210720,42,2
24002,27,2,20211015,81,1
24003,34,14,20210120,38,5
24004,66,14,20230627,37,1
24005,245,14,20211220,37,3
24006,129,2,20240212,25,4
24007,78,5,20221211,85,3
24008,123,9,20220922,23,2
24009,145,1,20210814,71,3
24010,220,8,20241226,43,4
24011,98,12,20220426,89,1
24012,119,1,20220306,18,1
24013,234,10,20231108,68,1
24014,89,6,20220509,54,3
24015,129,2,20211205,73,2
24016,70,7,20230711,39,1
24017,201,7,20240117,59,1
24018,58,2,20211102,46,3
24019,79,4,20230911,58,3
24020,211,10,20241203,93,2
24021,146,10,20221103,61,5
24022,63,14,20210216,16,1
24023,66,7,20210817,80,2
24024,146,7,20240324,23,1
24025,168,11,20210506,9,3
24026,120,4,20240616,79,4
24027,230,1,20210812,91,3
24028,234,4,20230102,2,2
24029,217,7,20210505,44,5
24030,40,5,20211225,21,1
24031,168,7,20240817,13,3
24032,229,4,20221019,33,5
24033,166,2,20210406,75,4
24034,13,6,20231115,16,2
24035,47,12,20210416,62,3
24036,188,13,20210523,65,5
24037,135,8,20210908,76,3
24038,12,7,20220623,40,5
24039,2,9,20240218,55,5
24040,26,1,20230401,26,4
24041,154,10,20240710,29,5
24042,32,8,20210717,55,3
24043,100,2,20230419,38,2
24044,5,7,20220906,48,4
24045,81,11,20231115,62,2
24046,10,8,20210502,65,3
24047,249,9,20240616,71,5
24048,234,5,20210407,52,4
24049,114,5,20210316,45,3
24050,128,10,20230524,85,4
24051,4,12,20230328,3,2
24052,66,6,20210923,15,2
24053,191,1,20230605,81,4
24054,84,12,20221001,84,4
24055,190,10,20220806,4,5
24056,249,7,20220516,74,1
24057,44,7,20230813,70,1
24058,30,5,20240913,60,2
24059,14,3,20240519,41,4
24060,61,14,20241012,44,4
24061,186,13,20220314,1,1
24062,105,10,20220727,46,5
24063,67,4,20240605,6,1
24064,25,4,20221204,97,1
24065,18,3,20230115,42,4
24066,116,7,20211114,22,3
24067,97,11,20230714,55,3
24068,44,14,20210515,26,4
24069,125,14,20240107,49,5
24070,230,6,20231207,58,2
24071,126,13,20240922,26,4
24072,166,14,20220312,63,3
24073,247,8,20220318,76,4
24074,189,11,20240304,15,1
24075,104,14,20210123,51,5
24076,153,1,20230112,68,5
24077,105,5,20220424,43,3
24078,92,4,20220501,44,1
24079,68,13,20240523,59,3
24080,174,6,20220212,10,1
24081,248,9,20230402,66,1
24082,103,12,20211118,21,5
24083,149,6,20230928,32,4
24084,97,10,20210104,71,1
24085,26,4,20240121,30,2
24086,182,10,20230328,88,3
24087,146,2,20230316,25,5
24088,122,4,20220602,3,3
24089,81,8,20230417,43,5
24090,203,14,20240404,26,1
24091,111,12,20210801,95,1
24092,43,13,20240313,54,2
24093,88,8,20210507,9,1
24094,233,3,20241214,19,2
24095,141,6,20211215,25,1
24096,60,6,20210225,63,2
24097,99,6,20231018,57,3
24098,103,11,20240301,90,2
24099,12,9,20220119,0,2
24100,106,1,20230617,34,2
24101,231,7,20220219,15,1
24102,141,10,20240306,97,3
24103,135,10,20220414,21,5
24104,22,1,20211209,75,4
24105,249,14,20230810,96,4
24106,195,13,20240212,35,4
24107,48,12,20240621,39,4
24108,21,13,20231006,61,5
24109,108,7,20240911,3,1
24110,201,12,20230523,76,4
24111,98,5,20240106,62,2
24112,79,9,20211015,27,4
24113,245,9,20210702,26,5
24114,236,10,20240407,67,2
24115,39,8,20240319,75,2
24116,135,14,20230810,2,3
24117,15,6,20210404,61,2
24118,40,11,20240825,22,4
24119,51,12,20230713,78,4
24120,195,1,20241018,20,2
24121,206,13,20220704,80,1
24122,66,8,20241007,65,2
24123,4,12,20230417,54,2
24124,96,2,20210813,91,3
24125,175,4,20231013,32,3
24126,88,9,20230917,39,3
24127,115,6,20230127,4,2
24128,102,12,20221218,13,2
24129,226,11,20210318,55,2
24130,21,12,20221227,31,2
24131,190,8,20230108,27,2
24132,70,10,20210223,49,3
24133,45,1,20231014,18,5
24134,85,4,20230112,25,1
24135,33,1,20210426,94,3
24136,130,3,20241118,18,2
24137,129,3,20210614,57,3
24138,156,12,20210811,52,2
24139,69,10,20210520,69,2
24140,45,6,20240402,81,1
24141,238,5,20240527,38,5
24142,141,7,20210806,41,1
24143,56,12,20210313,9,4
24144,187,10,20210316,57,2
24145,141,14,20240124,92,2
24146,114,12,20240815,20,2
24147,136,2,20230126,94,2
24148,8,3,20210809,44,3
24149,168,5,20220717,1,1
24150,33,13,20230517,59,5
24151,228,6,20220103,78,1
24152,147,11,20230405,54,5
24153,13,7,20230826,29,2
24154,51,9,20211111,98,5
24155,129,11,20210528,33,3
24156,122,9,20221103,73,1
24157,132,14,20221105,98,4
24158,90,1,20221218,50,4
24159,155,11,20211025,82,5
24160,54,6,20240502,23,1
24161,8,13,20241110,46,5
24162,54,3,20231106,82,2
24163,185,3,20210912,69,3
24164,2,3,20241011,52,5
24165,33,11,20230923,98,4
24166,34,3,20220513,50,5
24167,1,10,20230709,39,4
24168,212,14,20211121,73,2
24169,172,12,20221020,39,2
24170,120,9,20231204,38,3
24171,204,1,20240615,87,4
24172,163,6,20221211,76,1
24173,137,5,20221110,27,1
24174,206,14,20220805,2,3
24175,77,10,20220412,19,1
24176,13,9,20240211,51,4
24177,58,1,20210509,90,3
24178,115,12,20210706,31,3
24179,78,7,20220603,3,1
24180,242,6,20211028,97,3
24181,180,12,20221026,80,3
24182,219,8,20220828,29,5
24183,114,13,20221117,75,3
24184,123,4,20240413,96,5
24185,18,4,20220613,61,3
24186,154,14,20230428,72,2
24187,66,3,20220916,65,1
24188,58,10,20231127,87,3
24189,59,5,20231228,87,3
24190,186,13,20220828,33,3
24191,83,9,20220212,30,5
24192,74,3,20220615,65,1
24193,216,9,20230623,35,4
24194,88,11,20220411,98,5
24195,17,9,20220225,86,1
24196,210,8,20220209,92,2
24197,58,1,20220506,81,1
24198,55,8,20240416,35,4
24199,3,13,20230216,91,2
24200,231,12,20220614,58,5
24201,71,14,20231109,91,2
24202,43,9,20241117,32,3
24203,15,9,20220902,53,5
24204,73,2,20241024,85,4
24205,91,4,20220523,17,1
24206,212,4,20240718,98,2
24207,177,2,20230905,10,4
24208,12,10,20220607,68,1
24209,119,8,20230409,75,4
24210,162,5,20210906,93,4
24211,164,13,20210218,18,4
24212,24,11,20210405,34,5
24213,43,12,20230312,73,3
24214,140,2,20241224,35,1
24215,236,14,20211111,1,4
24216,20,2,20210126,34,5
24217,124,7,20241207,92,1
24218,109,7,20231205,70,1
24219,14,4,20240306,43,2
24220,175,14,20230715,22,5
24221,225,6,20240623,99,4
24222,13,2,20221025,29,5
24223,200,10,20230510,86,2
24224,133,9,20240419,22,4
24225,249,4,20220311,51,5
24226,47,7,20240819,14,3
24227,234,7,20220317,11,3
24228,66,12,20210922,51,4
24229,46,5,20240702,14,5
24230,153,8,20210719,10,5
24231,10,6,20230804,97,3
24232,105,4,20221026,94,5
24233,51,4,20240728,30,1
24234,182,6,20240120,14,2
24235,110,10,20221215,51,3
24236,193,8,20210915,83,1
24237,114,4,20210517,30,4
24238,96,9,20230115,22,3
24239,51,9,20230726,53,4
24240,28,3,20210212,68,1
24241,152,13,20241223,68,2
24242,45,2,20240722,59,1
24243,170,10,20220126,23,3
24244,117,10,20240807,55,5
24245,163,13,20230923,30,4
24246,173,9,20230218,72,5
24247,17,7,20221209,74,1
24248,207,6,20220721,14,2
24249,185,14,20211215,22,4
24250,35,12,20240820,16,4
24251,179,12,20210621,20,1
24252,44,13,20210110,84,4
24253,109,4,20230621,66,1
24254,111,12,20210719,24,4
24255,250,11,20210815,1,4
24256,139,4,20210628,52,5
24257,173,4,20220321,60,4
24258,212,6,20230917,33,3
24259,16,14,20220515,25,3
24260,21,6,20220201,55,5
24261,14,13,20230801,98,1
24262,92,4,20220604,42,1
24263,196,1,20221015,55,3
24264,146,10,20230727,79,4
24265,127,9,20211126,46,1
24266,234,7,20230106,55,1
24267,45,9,20210123,2,5
24268,31,11,20240902,37,2
24269,247,9,20220823,32,3
24270,119,4,20230528,37,1
24271,60,14,20230807,3,3
24272,52,8,20231208,54,4
24273,55,9,20210811,6,2
24274,193,1,20220217,60,1
24275,237,8,20220411,12,2
24276,71,12,20231215,7,5
24277,120,5,20221227,43,5
24278,229,3,20230927,14,3
24279,153,3,20210524,89,4
24280,185,5,20241023,28,3
24281,209,3,20221214,41,5
24282,222,9,20221228,43,4
24283,186,7,20220809,93,2
24284,33,13,20220416,45,2
24285,237,2,20210725,32,2
24286,34,7,20230410,77,2
24287,80,10,20241208,78,1
24288,127,7,20221005,68,1
24289,217,3,20210305,75,4
24290,128,8,20230128,70,1
24291,166,13,20230302,6,5
24292,131,14,20230407,4,1
24293,150,2,20210511,50,5
24294,46,13,20221119,47,1
24295,134,7,20230805,15,2
24296,219,1,20221203,28,1
24297,52,8,20220725,68,1
24298,61,10,20240423,64,1
24299,110,11,20211109,98,1
24300,154,13,20230528,93,3
24301,165,4,20210204,24,4
24302,127,14,20240424,16,3
24303,6,6,20220517,54,1
24304,190,7,20220514,88,1
24305,89,1,20221117,30,5
24306,70,11,20240206,27,4
24307,189,11,20231010,29,2
24308,149,7,20230209,56,3
24309,247,13,20210112,63,3
24310,193,14,20220607,14,1
24311,85,13,20210224,89,4
24312,23,7,20220922,65,5
24313,198,13,20220728,77,5
24314,184,6,20240323,15,3
24315,223,12,20240526,79,2
24316,201,7,20220214,98,1
24317,238,10,20230817,53,1
24318,87,1,20240211,1,5
24319,150,9,20241216,62,5
24320,90,4,20240114,66,1
24321,176,11,20220918,57,4
24322,206,6,20221216,70,1
24323,215,5,20240504,68,4
24324,167,11,20241209,60,3
24325,156,9,20230205,9,1
24326,66,9,20240117,80,5
24327,242,9,20220223,84,4
24328,115,4,20241228,38,5
24329,46,1,20241123,48,3
24330,114,9,20240710,10,3
24331,85,6,20220714,44,5
24332,178,13,20210327,57,3
24333,34,4,20220608,69,5
24334,208,4,20210708,0,5
24335,143,3,20240902,30,4
24336,4,2,20210217,3,1
24337,156,3,20241017,45,3
24338,246,7,20210610,71,4
24339,107,10,20210910,48,4
24340,158,12,20220111,10,5
24341,102,1,20210803,57,4
24342,208,8,20240509,10,3
24343,172,1,20210818,93,1
24344,126,14,20220921,93,2
24345,95,13,20211020,9,5
24346,179,14,20241018,99,5
24347,48,1,20231017,30,2
24348,18,14,20220318,55,2
24349,3,1,20220208,62,3
24350,10,7,20220415,50,2
24351,70,11,20241214,15,2
24352,83,14,20210716,31,4
24353,104,2,20210607,22,5
24354,162,2,20240728,78,1
24355,6,7,20240602,11,4
24356,109,14,20230517,92,4
24357,231,3,20210820,73,5
24358,110,11,20220424,93,1
24359,132,13,20240113,36,1
24360,14,4,20211111,63,3
24361,205,3,20210524,12,5
24362,80,3,20211107,54,5
24363,114,14,20220105,92,1
24364,196,8,20210806,69,2
24365,109,10,20221221,83,1
24366,65,4,20210816,8,2
24367,64,2,20210728,39,2
24368,53,2,20211212,1,5
24369,212,7,20210713,53,3
24370,128,8,20240225,45,4
24371,73,8,20230825,82,1
24372,3,14,20210325,3,5
24373,190,1,20220523,84,3
24374,65,12,20240118,88,5
24375,171,8,20210117,4,4
24376,86,10,20240309,52,3
24377,62,8,20220323,28,5
24378,23,7,20230323,59,2
24379,44,5,20240522,88,3
24380,12,5,20210107,31,4
24381,218,2,20230821,69,4
24382,158,9,20220801,92,1
24383,85,9,20221212,64,4
24384,171,11,20240414,44,1
24385,166,5,20211014,7,2
24386,163,8,20220101,66,3
24387,194,13,20240604,0,1
24388,184,14,20230807,14,1
24389,68,8,20220614,75,1
24390,179,14,20220801,46,1
24391,3,5,20240322,11,2
24392,197,7,20231010,65,3
24393,8,1,20240318,97,4
24394,240,2,20221203,28,5
24395,190,1,20230512,76,1
24396,20,13,20210721,7,5
24397,166,1,20211005,56,2
24398,150,8,20240118,45,3
24399,27,8,20230127,82,1
24400,223,3,20220518,39,3
24401,60,1,20211207,63,4
24402,229,9,20220503,53,1
24403,211,3,20230505,76,3
24404,230,9,20241016,81,3
24405,144,3,20220704,30,5
24406,197,14,20240615,94,5
24407,79,8,20210706,5,4
24408,120,5,20231215,24,4
24409,110,3,20211214,87,3
24410,82,9,20231218,96,4
24411,178,12,20230321,93,2
24412,128,13,20210206,66,4
24413,222,12,20240409,18,3
24414,123,11,20220106,79,5
24415,237,11,20240222,10,3
24416,96,3,20241218,45,2
24417,27,6,20240510,83,2
24418,111,7,20240203,77,4
24419,148,6,20211115,49,2
24420,232,14,20210322,8,5
24421,110,1,20220828,83,5
24422,105,1,20241112,26,3
24423,220,5,20230404,9,3
24424,38,4,20230309,41,4
24425,210,5,20211105,71,4
24426,26,7,20221022,74,4
24427,229,7,20230713,24,1
24428,2,8,20221018,75,4
24429,202,4,20230828,23,1
24430,141,3,20210401,95,2
24431,150,7,20210113,42,3
24432,117,7,20220615,11,2
24433,154,9,20230123,36,4
24434,1,3,20210118,97,1
24435,245,12,20210208,43,3
24436,99,5,20230212,78,3
24437,238,5,20221025,84,1
24438,52,7,20230401,83,2
24439,54,11,20230503,20,5
24440,53,11,20240623,48,2
24441,29,11,20230406,44,1
24442,245,5,20220204,57,5
24443,92,9,20211204,44,4
24444,86,12,20240719,76,2
24445,8,12,20230324,50,2
24446,35,1,20221110,51,5
24447,240,12,20210827,38,2
24448,106,1,20210407,59,1
24449,36,2,20230215,1,5
24450,50,14,20240628,44,3
24451,56,7,20210509,59,2
24452,103,3,20211208,6,1
24453,172,4,20220112,16,5
24454,227,8,20210221,45,1
24455,15,8,20220427,64,2
24456,115,5,20220214,89,3
24457,222,1,20241112,68,4
24458,38,9,20220907,42,1
24459,33,1,20230609,56,2
24460,219,14,20220417,2,4
24461,108,14,20240126,22,1
24462,33,10,20220609,45,2
24463,222,5,20211202,9,4
24464,153,6,20240716,19,5
24465,184,9,20231017,22,2
24466,70,9,20220227,14,4
24467,29,6,20240815,14,5
24468,140,14,20210610,32,1
24469,5,13,20211019,67,4
24470,69,14,20220105,85,4
24471,75,1,20210620,65,4
24472,139,8,20230115,11,4
24473,156,10,20241204,12,4
24474,76,8,20240409,6,1
24475,243,5,20240714,32,5
24476,22,6,20230524,94,1
24477,136,12,20240326,29,1
24478,172,10,20240716,50,1
24479,115,14,20240805,26,1
24480,29,4,20241013,11,3
24481,33,3,20220627,91,3
24482,81,14,20230108,27,3
24483,100,6,20240128,36,2
24484,104,8,20220110,57,3
24485,128,5,20240802,23,4
24486,35,11,20210621,3,3
24487,156,8,20211112,85,5
24488,247,13,20221209,57,1
24489,192,11,20220224,7,2
24490,7,10,20210111,59,4
24491,108,3,20230912,81,5
24492,101,6,20220814,96,4
24493,200,12,20240911,6,3
24494,245,3,20230703,13,4
24495,215,2,20211209,91,2
24496,100,9,20241121,76,5
24497,223,12,20210306,25,2
24498,10,13,20210522,82,2
24499,164,4,20230718,40,4
24500,203,11,20221003,59,2
24501,236,5,20240116,3,4
24502,168,12,20230606,47,1
24503,26,12,20230122,97,3
24504,181,3,20230312,96,5
24505,170,13,20240412,75,4
24506,188,4,20220420,34,4
24507,24,6,20210124,61,3
24508,237,3,20220816,17,1
24509,86,1,20210510,62,2
24510,183,8,20220324,46,1
24511,217,9,20240520,66,4
24512,29,14,20210227,78,4
24513,245,7,20231102,71,2
24514,24,6,20220320,81,3
24515,75,8,20241007,36,3
24516,86,12,20240715,18,5
24517,117,2,20241228,75,3
24518,46,11,20240724,83,5
24519,28,12,20230924,84,2
24520,131,10,20230325,32,4
24521,39,5,20231109,54,3
24522,85,12,20211104,40,4
24523,187,9,20211110,66,3
24524,243,8,20220222,43,1
24525,206,6,20240705,26,2
24526,143,9,20220708,29,1
24527,75,9,20230809,50,1
24528,121,8,20220203,6,3
24529,139,10,20231216,98,5
24530,104,5,20240403,12,4
24531,170,7,20210802,70,5
24532,91,4,20211104,59,5
24533,88,13,20240528,98,5
24534,182,5,20230210,10,2
24535,191,4,20221001,7,1
24536,10,4,20240702,62,2
24537,192,12,20211027,78,5
24538,94,7,20230121,98,1
24539,154,6,20210116,58,1
24540,53,11,20230211,14,3
24541,66,13,20230417,34,5
24542,25,10,20240726,62,2
24543,122,1,20240104,82,4
24544,119,10,20211015,80,4
24545,38,1,20241015,94,3
24546,223,9,20240228,58,3
24547,46,4,20220712,22,1
24548,28,3,20230627,18,3
24549,168,1,20240614,81,2
24550,208,5,20220806,95,3
24551,134,8,20211218,73,2
24552,56,8,20211014,98,4
24553,4,6,20210809,29,4
24554,20,3,20240309,22,3
24555,155,1,20220708,67,4
24556,19,4,20210726,92,5
24557,18,6,20211202,24,1
24558,84,6,20230228,9,4
24559,100,3,20240309,99,4
24560,74,7,20241009,79,5
24561,105,7,20221022,64,4
24562,7,10,20220718,92,4
24563,41,3,20240209,92,3
24564,201,2,20240401,17,1
24565,164,3,20240218,28,4
24566,180,14,20240322,60,4
24567,8,2,20210525,31,4
24568,205,2,20240116,94,2
24569,117,9,20220401,79,2
24570,105,5,20210719,23,2
24571,174,13,20240320,32,5
24572,207,6,20240925,90,3
24573,14,11,20230721,71,4
24574,99,12,20230102,11,5
24575,164,6,20240618,18,1
24576,245,12,20240625,86,1
24577,8,7,20241020,41,5
24578,225,10,20210222,66,1
24579,129,6,20231206,58,5
24580,48,10,20230425,86,3
24581,201,12,20230928,21,3
24582,139,13,20220818,32,5
24583,192,12,20231222,77,3
24584,28,12,20220925,55,4
24585,171,1,20220426,97,4
24586,159,13,20230915,62,3
24587,159,2,20230928,10,1
24588,44,9,20240713,62,4
24589,28,4,20211022,65,5
24590,179,8,20220424,90,4
24591,14,5,20240626,25,1
24592,104,5,20211022,73,4
24593,125,7,20230226,96,3
24594,213,9,20220418,89,2
24595,93,13,20211212,41,1
24596,127,9,20230213,87,4
24597,26,1,20220604,69,5
24598,128,10,20220525,51,1
24599,183,4,20221004,7,5
24600,24,4,20210810,45,2
24601,90,8,20230524,77,3
24602,162,14,20230913,80,1
24603,131,2,20240821,93,2
24604,18,7,20230402,15,4
24605,56,9,20220214,55,3
24606,139,13,20231201,80,2
24607,124,2,20210121,41,2
24608,53,14,20211110,70,2
24609,212,5,20230203,39,4
24610,96,5,20211126,72,3
24611,81,7,20220115,57,3
24612,216,14,20240127,79,3
24613,166,10,20210304,12,1
24614,203,13,20240721,31,2
24615,228,7,20220322,44,1
24616,227,2,20241213,83,1
24617,32,1,20210205,82,4
24618,14,1,20241007,51,2
24619,7,11,20230506,9,1
24620,166,5,20220404,72,3
24621,163,1,20230317,7,1
24622,142,12,20230913,9,5
24623,48,3,20240201,61,1
24624,217,8,20231015,50,3
24625,48,9,20240722,53,2
24626,99,12,20240924,84,2
24627,170,11,20230924,62,5
24628,181,5,20220509,0,5
24629,180,9,20230721,98,5
24630,41,13,20210707,17,3
24631,38,2,20231024,94,3
24632,167,2,20220219,49,2
24633,81,14,20230407,16,5
24634,43,10,20211028,11,2
24635,77,6,20220307,57,4
24636,184,13,20210305,37,3
24637,182,9,20220120,56,4
24638,84,4,20241208,99,2
24639,212,11,20241112,46,3
24640,175,5,20240921,6,3
24641,124,5,20221210,46,1
24642,156,14,20240902,35,1
24643,234,13,20240212,15,1
24644,222,9,20221103,0,3
24645,213,10,20220625,33,3
24646,248,14,20210513,38,4
24647,31,6,20230518,81,2
24648,139,7,20220701,22,4
24649,101,2,20210405,49,3
24650,12,1,20210422,62,3
24651,222,13,20240920,85,5
24652,219,10,20231211,20,3
24653,187,2,20230712,20,1
24654,94,12,20231125,99,3
24655,70,14,20231026,95,4
24656,84,14,20210426,33,3
24657,75,12,20230608,68,3
24658,122,14,20210507,41,1
24659,70,12,20221009,90,3
24660,71,11,20220701,6,3
24661,42,1,20240115,45,3
24662,37,2,20241218,72,2
24663,120,14,20230328,12,3
24664,88,9,20210204,89,4
24665,177,11,20211007,1,1
24666,219,4,20231113,89,2
24667,129,6,20210822,86,5
24668,14,8,20230516,23,4
24669,53,8,20220316,66,2
24670,221,8,20240918,65,5
24671,231,13,20241222,35,1
24672,69,14,20240812,30,1
24673,84,11,20231009,19,4
24674,80,14,20220220,49,5
24675,153,13,20230206,59,4
24676,81,1,20211118,45,5
24677,30,11,20230416,56,4
24678,158,13,20241213,35,2
24679,103,12,20220914,78,2
24680,153,7,20230402,87,1
24681,127,4,20230426,62,1
24682,61,7,20240901,55,5
24683,138,10,20230810,28,3
24684,148,2,20220908,40,1
24685,123,4,20230621,29,3
24686,14,14,20241120,61,5
24687,76,2,20220426,56,4
24688,142,11,20240125,34,5
24689,100,5,20230707,94,5
24690,16,6,20210517,51,2
24691,249,10,20221007,13,1
24692,128,1,20230412,13,3
24693,158,7,20211221,47,4
24694,89,8,20241225,78,5
24695,12,2,20230902,74,5
24696,121,11,20240318,68,3
24697,51,1,20230611,47,3
24698,177,5,20210218,96,1
24699,90,10,20230417,21,1
24700,15,10,20240704,17,5
24701,70,8,20231111,82,1
24702,195,3,20231214,79,4
24703,105,2,20221221,51,3
24704,120,6,20210104,49,4
24705,116,4,20240802,29,4
24706,186,6,20240507,20,4
24707,178,5,20240506,92,4
24708,54,13,20220707,64,5
24709,123,5,20240714,26,1
24710,41,1,20231107,15,2
24711,133,4,20241001,43,3
24712,32,12,20231227,29,3
24713,181,1,20230319,29,1
24714,164,8,20210623,61,1
24715,153,7,20240224,12,1
24716,140,10,20240604,27,1
24717,71,10,20240708,14,1
24718,107,12,20241109,22,1
24719,77,5,20240611,17,2
24720,121,11,20231211,71,2
24721,51,4,20230727,95,3
24722,181,14,20230810,38,5
24723,238,12,20220307,7,3
24724,184,7,20230923,11,2
24725,126,3,20240814,6,4
24726,140,12,20211119,28,4
24727,25,4,20210902,77,4
24728,194,11,20240220,16,3
24729,118,12,20230316,43,4
24730,6,1,20231123,32,1
24731,38,3,20220710,13,5
24732,218,6,20230325,29,1
24733,233,7,20230619,36,5
24734,99,5,20210102,19,2
24735,5,3,20230214,47,3
24736,136,1,20210428,59,4
24737,18,9,20211009,26,3
24738,7,4,20220118,47,2
24739,106,6,20211223,52,3
24740,170,1,20230713,32,4
24741,63,1,20231027,66,5
24742,168,8,20241115,61,5
24743,93,4,20230205,76,1
24744,157,11,20221114,0,3
24745,96,8,20230717,14,2
24746,12,13,20230509,47,4
24747,9,7,20240109,79,5
24748,151,3,20241115,28,3
24749,17,11,20220518,40,3
24750,90,6,20231209,80,4
24751,148,8,20240316,84,5
24752,250,4,20220823,91,1
24753,110,10,20211228,31,5
24754,116,8,20241007,96,3
24755,186,7,20240615,12,2
24756,146,6,20240524,15,4
24757,174,5,20240310,41,2
24758,61,9,20210611,72,2
24759,113,3,20210315,8,3
24760,206,12,20211026,5,4
24761,163,4,20240903,31,1
24762,171,1,20240112,10,5
24763,136,13,20210720,3,2
24764,82,1,20220111,97,4
24765,22,8,20230505,51,4
24766,134,14,20220914,24,2
24767,178,7,20240809,6,1
24768,189,13,20230110,17,4
24769,150,9,20210907,60,3
24770,143,14,20211202,18,5
24771,57,9,20230314,38,1
24772,22,8,20220325,46,2
24773,202,1,20230521,32,2
24774,161,5,20220906,46,4
24775,200,4,20230603,9,4
24776,203,5,20210802,45,5
24777,107,6,20210401,73,3
24778,11,6,20230708,2,1
24779,224,8,20230409,11,5
24780,86,14,20231202,44,5
24781,167,13,20231208,62,2
24782,171,1,20210112,1,5
24783,102,6,20221204,28,1
24784,24,13,20240704,57,3
24785,188,13,20240319,70,4
24786,79,9,20240615,63,4
24787,44,14,20210218,3,3
24788,3,5,20240218,79,1
24789,146,2,20240520,69,1
24790,70,12,20210720,6,2
24791,215,4,20220525,2,2
24792,214,14,20220115,77,2
24793,159,5,20221001,32,3
24794,109,11,20220911,46,2
24795,153,14,20240817,70,3
24796,13,11,20230803,88,3
24797,49,4,20240814,33,1
24798,64,3,20241121,43,1
24799,9,14,20210123,84,3
24800,242,1,20210821,21,5
24801,9,4,20210611,78,5
24802,154,11,20240926,3,2
24803,1,4,20221203,16,4
24804,7,3,20230721,84,1
24805,98,7,20240302,28,1
24806,247,12,20240504,59,2
24807,125,13,20231128,52,3
24808,9,9,20220307,95,2
24809,137,11,20230909,81,2
24810,202,9,20220411,85,4
24811,230,12,20210317,32,1
24812,86,4,20211001,61,4
24813,197,8,20240702,69,3
24814,153,1,20211205,47,5
24815,162,12,20230603,26,2
24816,183,2,20230624,96,4
24817,167,10,20220418,51,1
24818,80,1,20230625,69,1
24819,173,2,20221127,19,4
24820,211,9,20220720,4,3
24821,118,1,20211123,7,5
24822,149,11,20231218,74,3
24823,76,13,20230217,33,2
24824,195,7,20230313,37,4
24825,69,1,20210727,22,1
24826,152,14,20210309,44,2
24827,46,6,20221203,44,4
24828,171,10,20210207,86,5
24829,110,3,20210811,87,5
24830,150,13,20241121,4,1
24831,156,2,20241113,12,4
24832,155,2,20240712,88,2
24833,11,10,20220402,83,3
24834,200,7,20210819,99,4
24835,242,10,20210805,14,2
24836,100,13,20220317,68,2
24837,215,8,20220918,56,5
24838,173,2,20240112,49,1
24839,153,3,20220719,45,1
24840,126,6,20221108,71,4
24841,244,1,20220217,22,4
24842,135,13,20241205,70,5
24843,241,11,20240902,65,4
24844,91,7,20221010,12,4
24845,155,7,20210325,63,5
24846,65,9,20240201,60,3
24847,240,1,20220818,28,2
24848,95,8,20220517,93,2
24849,129,12,20211024,61,3
24850,45,4,20220505,18,5
24851,147,13,20230514,50,3
24852,250,14,20230625,89,4
24853,18,11,20210104,33,3
24854,109,5,20220202,23,4
24855,37,5,20240707,77,1
24856,129,12,20220318,89,2
24857,133,2,20210117,25,2
24858,226,11,20220412,99,1
24859,129,10,20241216,20,3
24860,183,9,20211004,12,4
24861,234,11,20230222,36,5
24862,70,13,20210401,26,3
24863,84,9,20230921,86,2
24864,30,12,20240907,80,3
24865,233,12,20241206,41,5
24866,201,14,20220325,33,4
24867,22,2,20221014,30,3
24868,156,8,20210111,35,2
24869,132,6,20210222,81,1
24870,123,2,20230623,49,5
24871,96,14,20220115,2,5
24872,182,13,20210622,75,2
24873,185,3,20210913,84,2
24874,48,4,20231225,60,4
24875,76,6,20210927,6,2
24876,65,7,20240910,27,4
24877,62,1,20240405,50,5
24878,20,14,20230516,78,1
24879,23,9,20240919,86,2
24880,163,8,20240708,42,3
24881,241,2,20211009,81,1
24882,105,4,20240319,47,3
24883,238,2,20220325,66,4
24884,232,5,20210814,4,5
24885,217,14,20240918,52,4
24886,248,11,20230912,7,2
24887,15,9,20221010,73,1
24888,155,9,20210612,75,3
24889,98,12,20240509,2,1
24890,214,13,20231222,59,5
24891,223,14,20220915,76,2
24892,112,10,20220424,72,2
24893,103,5,20221212,33,4
24894,3,6,20240122,8,1
24895,15,10,20240103,43,5
24896,46,8,20210305,8,1
24897,47,1,20230911,24,4
24898,73,9,20210321,1,1
24899,85,6,20230816,96,1
24900,32,9,20211022,97,5
24901,230,3,20240720,48,3
24902,52,7,20210615,96,5
24903,112,4,20230821,61,2
24904,7,7,20231202,27,3
24905,7,9,20220907,42,5
24906,145,8,20230519,31,1
24907,99,9,20220503,38,1
24908,216,12,20230112,90,1
24909,158,1,20240808,97,5
24910,200,3,20240403,5,3
24911,77,4,20211020,71,3
24912,16,8,20220319,67,3
24913,184,1,20231218,78,1
24914,171,2,20240610,80,4
24915,152,7,20211120,68,2
24916,172,9,20220621,15,4
24917,220,11,20230423,48,2
24918,85,3,20210707,16,2
24919,129,7,20240727,30,2
24920,39,7,20211118,52,2
24921,186,1,20231024,16,5
24922,14,12,20230326,24,3
24923,56,4,20240406,41,2
24924,93,5,20210709,62,5
24925,55,6,20231023,35,2
24926,173,14,20240814,95,3
24927,209,10,20220521,12,3
24928,155,2,20220606,96,4
24929,157,10,20210707,25,1
24930,20,9,20221215,99,4
24931,83,7,20220105,17,2
24932,90,14,20240809,49,2
24933,89,7,20220724,47,1
24934,104,12,20240408,20,3
24935,246,10,20220310,61,5
24936,138,6,20210522,52,4
24937,38,6,20230627,67,3
24938,39,14,20210806,71,2
24939,106,9,20240221,18,2
24940,231,9,20220325,12,2
24941,68,8,20221113,73,5
24942,9,12,20240604,86,1
24943,61,13,20230505,93,4
24944,15,14,20211115,40,3
24945,43,2,20240804,32,1
24946,50,11,20210326,80,2
24947,94,8,20220924,66,2
24948,182,7,20220513,65,4
24949,47,5,20240805,32,4
24950,197,5,20211026,5,2
24951,34,10,20210303,74,4
24952,244,3,20240619,41,5
24953,11,12,20240421,22,5
24954,146,1,20220922,63,3
24955,228,11,20240305,9,5
24956,90,7,20220820,82,2
24957,216,3,20220624,76,4
24958,11,13,20210814,65,2
24959,56,1,20220326,23,1
24960,170,6,20240814,8,4
24961,243,3,20240403,84,3
24962,186,9,20231115,29,1
24963,92,1,20231009,91,2
24964,77,14,20230414,73,4
24965,96,14,20211226,89,2
24966,39,12,20220505,22,4
24967,115,3,20230811,76,2
24968,178,10,20220627,23,2
24969,91,2,20231117,59,1
24970,245,8,20210410,71,5
24971,88,1,20240820,89,5
24972,229,14,20240503,31,4
24973,132,11,20241126,70,1
24974,28,1,20230207,79,1
24975,55,12,20220722,34,2
24976,213,8,20230926,55,1
24977,160,11,20220810,83,3
24978,163,10,20221015,34,1
24979,175,1,20220622,10,2
24980,131,1,20240116,91,4
24981,48,10,20211209,72,1
24982,38,5,20220426,75,1
24983,6,9,20210506,78,4
24984,45,7,20240505,7,2
24985,58,12,20221202,67,3
24986,88,3,20230703,9,1
24987,148,7,20230409,29,3
24988,237,6,20220623,96,5
24989,22,8,20240219,95,2
24990,146,9,20220124,30,1
24991,224,6,20240514,51,5
24992,58,4,20220804,17,4
24993,234,2,20240421,41,3
24994,90,13,20210209,65,3
24995,154,5,20210726,78,1
24996,202,11,20240820,12,4
24997,145,14,20210209,1,2
24998,97,4,20230102,9,1
24999,165,9,20240719,81,1
25000,174,14,20230801,7,3
25001,132,10,20240524,24,5
25002,47,6,20211125,87,4
25003,153,12,20210216,44,1
25004,165,6,20240603,31,4
25005,156,3,20240404,18,3
25006,65,1,20220101,92,4
25007,102,9,20230405,80,1
25008,13,3,20221118,28,4
25009,176,2,20240920,53,2
25010,245,2,20220308,47,5
25011,179,2,20240207,8,5
25012,110,11,20240420,6,5
25013,202,3,20220506,54,1
25014,11,14,20220715,75,4
25015,213,4,20240827,46,3
25016,217,11,20230305,39,1
25017,226,11,20211212,3,3
25018,1,14,20210325,50,3
25019,189,13,20211215,99,2
25020,219,1,20221014,95,1
25021,2,5,20211117,84,2
25022,127,2,20220322,1,5
25023,145,2,20241206,5,3
25024,36,8,20210428,56,1
25025,50,11,20220411,50,3
25026,181,2,20240703,18,2
25027,7,6,20210314,30,4
25028,22,5,20221115,15,3
25029,86,2,20241214,53,4
25030,116,13,20230111,41,1
25031,112,5,20210928,74,3
25032,126,10,20220320,51,5
25033,135,7,20210516,44,2
25034,90,5,20210926,87,5
25035,213,11,20210309,13,1
25036,139,9,20240226,91,3
25037,78,10,20240407,96,2
25038,79,1,20220904,67,1
25039,115,5,20230916,50,5
25040,126,8,20240507,47,5
25041,22,14,20240325,93,4
25042,133,10,20210712,88,5
25043,197,13,20220211,74,1
25044,92,13,20230212,6,2
25045,56,1,20220312,85,2
25046,118,9,20210207,34,3
25047,214,8,20210202,40,3
25048,228,8,20240825,78,3
25049,47,11,20220727,36,5
25050,131,11,20210111,54,2
25051,118,10,20230603,3,1
25052,75,5,20220212,14,5
25053,241,13,20210119,59,1
25054,198,6,20220223,5,5
25055,236,8,20220224,19,5
25056,63,4,20211220,9,2
25057,125,10,20231009,95,3
25058,208,7,20210328,51,5
25059,205,8,20210615,96,2
25060,61,11,20240513,43,2
25061,111,6,20220714,9,4
25062,186,8,20220813,65,4
25063,114,9,20220322,95,3
25064,220,2,20210103,81,3
25065,3,4,20220409,14,4
25066,169,3,20220802,79,3
25067,164,6,20230320,95,1
25068,91,1,20241016,93,1
25069,169,2,20240903,25,3
25070,78,5,20220307,67,4
25071,47,1,20230522,46,4
25072,61,1,20210123,72,2
25073,80,6,20220406,82,5
25074,230,14,20240722,33,5
25075,165,1,20240422,50,3
25076,42,7,20230324,97,2
25077,124,2,20210905,91,4
25078,172,8,20240202,60,4
25079,184,12,20220610,86,2
25080,162,6,20211001,82,3
25081,193,1,20221221,30,1
25082,76,9,20240415,51,1
25083,58,3,20240212,40,3
25084,204,1,20231025,40,3
25085,79,10,20240612,66,1
25086,111,5,20220305,86,4
25087,151,2,20211210,70,4
25088,68,10,20220403,32,2
25089,4,8,20240921,76,2
25090,45,10,20240817,23,1
25091,23,14,20210414,84,2
25092,231,5,20211110,18,5
25093,69,6,20210607,94,2
25094,220,8,20240702,0,4
25095,133,7,20220402,51,2
25096,210,1,20220918,32,2
25097,225,1,20210807,3,2
25098,249,6,20220304,48,2
25099,102,8,20210614,69,2
25100,197,2,20220828,3,1
25101,23,8,20230718,94,1
25102,65,10,20210210,51,4
25103,193,11,20220515,29,3
25104,29,7,20241221,7,3
25105,177,12,20240308,75,2
25106,170,12,20240601,57,3
25107,185,12,20240924,16,1
25108,162,4,20210703,81,5
25109,17,14,20240818,49,3
25110,126,1,20221121,25,4
25111,23,13,20210713,22,4
25112,101,5,20231201,24,1
25113,240,7,20210706,1,3
25114,28,8,20220901,42,5
25115,137,6,20220204,15,3
25116,245,4,20240820,63,3
25117,107,1,20240915,63,3
25118,101,9,20220809,20,5
25119,97,5,20210117,65,5
25120,235,10,20220409,91,4
25121,71,3,20211022,21,1
25122,61,7,20230501,12,5
25123,169,2,20210209,42,1
25124,77,2,20240514,67,2
25125,194,2,20210202,44,2
25126,184,5,20210803,1,3
25127,155,6,20230913,94,3
25128,5,10,20230422,31,4
25129,131,7,20241105,34,3
25130,151,4,20230820,48,3
25131,145,5,20230202,62,2
25132,233,2,20241125,49,5
25133,168,4,20220423,95,1
25134,216,11,20230723,56,4
25135,2,1,20210303,69,2
25136,36,14,20240405,45,3
25137,194,4,20221211,73,1
25138,102,3,20210608,99,1
25139,9,5,20240214,11,4
25140,161,10,20230501,17,1
25141,235,3,20220809,13,2
25142,7,2,20210612,58,5
25143,13,8,20210710,98,1
25144,93,6,20230421,56,2
25145,59,4,20210406,24,4
25146,66,13,20220318,55,2
25147,97,1,20220303,73,3
25148,188,10,20220328,8,3
25149,204,12,20230206,97,4
25150,130,6,20220106,61,2
25151,220,2,20210113,52,4
25152,200,9,20230421,98,3
25153,15,13,20220312,60,3
25154,106,12,20211211,72,2
25155,80,11,20220127,19,5
25156,106,11,20210926,60,4
25157,72,11,20220310,69,2
25158,191,2,20230422,54,3
25159,78,7,20220110,98,2
25160,122,7,20241106,31,5
25161,4,11,20231214,55,4
25162,152,2,20210626,40,5
25163,26,13,20240911,37,3
25164,66,5,20240409,98,2
25165,37,5,20230807,24,5
25166,196,3,20220902,67,2
25167,190,5,20210415,92,2
25168,131,7,20211015,97,5
25169,197,1,20230903,35,2
25170,193,13,20210213,16,1
25171,110,12,20230811,71,2
25172,217,1,20241115,84,4
25173,242,3,20240903,58,5
25174,46,2,20230903,59,3
25175,18,2,20220222,81,4
25176,40,2,20240119,82,4
25177,191,3,20210615,26,3
25178,77,6,20241216,55,4
25179,239,5,20220513,46,4
25180,114,1,20210503,23,5
25181,235,1,20241226,38,4
25182,245,6,20220623,60,3
25183,214,5,20221008,71,3
25184,197,7,20221110,69,2
25185,43,12,20241208,58,2
25186,162,3,20241103,89,3
25187,164,1,20230405,9,1
25188,136,7,20211005,53,5
25189,243,4,20230116,49,2
25190,232,1,20240604,94,2
25191,197,4,20230221,8,4
25192,250,5,20230224,27,2
25193,36,10,20230301,28,3
25194,43,8,20210412,18,5
25195,76,11,20240222,6,4
25196,52,8,20230116,45,5
25197,28,13,20241019,85,4
25198,168,11,20230516,15,3
25199,25,5,20240303,90,5
25200,235,7,20230403,9,3
25201,23,11,20231019,69,3
25202,221,12,20210208,78,2
25203,88,4,20240204,19,5
25204,225,2,20210505,7,4
25205,121,2,20230921,48,5
25206,226,14,20230928,78,1
25207,56,3,20220507,11,4
25208,83,5,20240720,52,1
25209,213,9,20210322,77,4
25210,26,8,20220822,18,1
25211,141,2,20210727,32,1
25212,218,4,20230522,81,4
25213,249,11,20211126,60,2
25214,87,5,20210616,0,1
25215,205,13,20230703,26,4
25216,176,13,20210713,87,3
25217,156,4,20220918,19,1
25218,117,3,20230712,78,1
25219,41,9,20240215,11,3
25220,75,2,20241221,53,1
25221,99,7,20230306,87,4
25222,58,10,20230509,70,1
25223,51,13,20210211,15,3
25224,229,11,20240713,29,1
25225,208,6,20220126,5,1
25226,233,14,20210619,92,2
25227,157,11,20241126,12,5
25228,206,7,20230813,68,2
25229,220,4,20230704,18,2
25230,197,4,20220618,87,1
25231,102,10,20231005,88,5
25232,114,7,20241107,4,1
25233,183,8,20230610,91,5
25234,156,11,20240418,20,1
25235,226,12,20211211,80,5
25236,111,8,20240228,74,4
25237,17,10,20241104,73,1
25238,228,8,20240326,29,4
25239,154,2,20240923,4,1
25240,32,7,20220706,14,5
25241,137,10,20231220,66,4
25242,21,12,20231120,43,2
25243,36,8,20210313,45,4
25244,92,3,20230607,78,4
25245,189,6,20220802,4,5
25246,176,9,20211019,35,3
25247,124,2,20221112,82,1
25248,17,11,20240914,75,4
25249,243,1,20220222,31,2
25250,120,12,20241107,10,4
25251,200,2,20241019,28,4
25252,210,6,20231025,75,4
25253,187,7,20231209,36,3
25254,88,7,20230127,86,5
25255,64,6,20211210,96,1
25256,91,8,20241122,99,5
25257,163,11,20231108,56,1
25258,38,1,20220703,16,2
25259,226,10,20210618,65,1
25260,229,8,20220507,8,3
25261,64,10,20230911,4,2
25262,120,7,20240910,64,1
25263,31,10,20211223,99,3
25264,85,9,20241114,60,4
25265,90,6,20240828,27,2
25266,56,2,20230501,47,2
25267,3,5,20211002,82,5
25268,216,5,20221015,67,3
25269,75,13,20220820,86,1
25270,130,13,20240105,24,4
25271,193,11,20220910,3,4
25272,105,11,20220714,42,5
25273,37,9,20210209,50,1
25274,3,10,20241017,13,2
25275,103,8,20220206,73,3
25276,230,10,20211226,2,3
25277,69,7,20220403,33,4
25278,96,1,20211019,90,5
25279,110,4,20240623,29,5
25280,244,1,20230210,1,1
25281,200,11,20210919,42,5
25282,73,6,20211018,15,4
25283,234,6,20211118,10,5
25284,160,12,20240525,75,3
25285,42,3,20220122,21,2
25286,59,1,20210915,90,5
25287,25,9,20221117,22,3
25288,96,12,20210123,63,2
25289,174,9,20220421,89,1
25290,36,11,20241126,63,2
25291,118,14,20210725,90,4
25292,63,6,20230109,32,3
25293,159,9,20220805,7,5
25294,146,1,20210208,32,5
25295,192,6,20210605,25,3
25296,126,4,20230418,86,4
25297,239,3,20211216,18,4
25298,229,13,20230218,65,4
25299,191,7,20231013,57,2
25300,226,8,20210125,60,1
25301,38,2,20240311,53,1
25302,31,11,20210121,90,2
25303,97,9,20240412,89,5
25304,21,14,20240321,91,2
25305,204,14,20220623,13,5
25306,140,13,20230206,54,2
25307,68,1,20210201,10,5
25308,54,1,20240227,11,3
25309,52,2,20240406,62,5
25310,24,10,20220702,62,2
25311,105,13,20230727,15,4
25312,67,2,20241228,14,1
25313,199,11,20240301,46,1
25314,196,2,20211107,87,1
25315,195,1,20220912,8,4
25316,181,9,20220117,63,4
25317,42,6,20211227,8,4
25318,27,7,20210104,30,4
25319,174,9,20240905,5,5
25320,70,7,20230907,1,1
25321,71,7,20240610,28,3
25322,91,8,20230604,37,1
25323,35,9,20231106,28,3
25324,4,5,20231226,79,3
25325,31,13,20241113,59,2
25326,198,1,20220821,17,5
25327,76,1,20210505,30,5
25328,163,1,20210910,94,2
25329,85,10,20231010,23,2
25330,68,14,20240310,53,1
25331,174,10,20210828,97,5
25332,225,9,20220601,91,1
25333,210,12,20220310,41,4
25334,19,1,20231209,92,1
25335,36,12,20230319,43,1
25336,169,14,20231013,83,4
25337,141,3,20211125,70,2
25338,191,1,20230728,43,3
25339,220,6,20210327,10,5
25340,235,12,20210523,71,3
25341,198,3,20210815,44,1
25342,168,13,20210327,30,2
25343,10,4,20210310,76,2
25344,118,5,20231016,73,3
25345,225,10,20221216,45,2
25346,193,9,20220604,36,5
25347,235,7,20211004,84,4
25348,73,7,20220205,89,3
25349,12,6,20230607,59,1
25350,67,10,20231202,57,3
25351,125,4,20240426,96,2
25352,140,11,20240811,57,4
25353,42,11,20221004,56,5
25354,206,2,20220517,59,3
25355,197,8,20211122,72,4
25356,79,11,20241003,70,5
25357,57,6,20220109,31,1
25358,104,3,20230421,84,5
25359,179,14,20221012,12,3
25360,106,7,20231018,29,5
25361,215,14,20210320,69,4
25362,54,5,20210710,74,5
25363,16,4,20230115,45,4
25364,31,9,20231227,57,4
25365,227,5,20240413,42,2
25366,147,2,20240315,94,3
25367,41,12,20221128,81,1
25368,154,13,20220511,51,4
25369,11,9,20230602,4,3
25370,10,14,20241208,76,3
25371,101,5,20230112,76,3
25372,93,11,20240607,59,5
25373,45,6,20210207,33,1
25374,216,1,20230620,28,1
25375,54,6,20210221,61,4
25376,112,3,20240709,11,2
25377,106,10,20240817,2,5
25378,222,14,20240807,91,2
25379,139,1,20211211,32,2
25380,30,13,20230311,70,1
25381,83,3,20210327,62,1
25382,192,5,20220915,15,1
25383,4,4,20231117,19,5
25384,179,10,20210416,9,4
25385,38,7,20210323,12,2
25386,58,9,20210912,1,4
25387,58,14,20220825,19,3
25388,110,6,20220701,81,5
25389,185,8,20211221,13,4
25390,98,1,20230509,56,5
25391,26,3,20220924,97,2
25392,107,7,20230423,83,2
25393,188,9,20220903,24,1
25394,220,12,20221014,61,5
25395,122,6,20230504,0,4
25396,231,10,20230912,67,2
25397,88,5,20240115,46,5
25398,87,11,20230205,30,5
25399,120,13,20240513,66,4
25400,105,8,20240701,79,2
25401,78,8,20221220,42,2
25402,213,4,20241113,86,5
25403,195,3,20210423,34,2
25404,5,3,20220128,26,5
25405,181,6,20220214,34,5
25406,159,13,20210908,66,3
25407,197,10,20231110,47,2
25408,229,3,20240103,56,2
25409,24,13,20210916,71,1
25410,38,4,20230513,79,1
25411,148,4,20230525,27,2
25412,52,10,20211021,29,2
25413,174,2,20211210,39,2
25414,120,9,20221113,79,5
25415,74,7,20210814,78,5
25416,241,11,20231025,36,3
25417,103,2,20241106,9,3
25418,12,11,20241009,95,1
25419,245,10,20230916,51,5
25420,244,9,20240504,38,5
25421,126,3,20240526,97,5
25422,79,7,20240409,60,2
25423,22,13,20230215,65,5
25424,225,14,20221002,78,4
25425,226,7,20211220,83,2
25426,111,5,20231012,10,3
25427,57,10,20220513,84,1
25428,129,5,20241014,37,4
25429,40,7,20220501,77,2
25430,86,13,20240811,93,4
25431,181,12,20240423,78,2
25432,27,9,20210219,14,5
25433,64,14,20230518,42,1
25434,19,13,20230607,7,3
25435,13,5,20241117,69,3
25436,16,2,20211017,32,3
25437,164,9,20231126,16,2
25438,104,9,20230321,64,4
25439,155,4,20231225,84,3
25440,201,4,20241207,90,4
25441,190,12,20220118,9,5
25442,249,6,20230327,60,1
25443,89,10,20220107,67,4
25444,2,2,20220903,8,2
25445,48,12,20240525,37,3
25446,227,9,20220219,59,3
25447,182,11,20210903,81,4
25448,148,14,20220617,68,5
25449,99,2,20231028,65,5
25450,62,12,20220306,35,3
25451,41,7,20230323,14,1
25452,191,10,20240605,92,1
25453,144,14,20220109,51,5
25454,249,13,20220403,41,1
25455,83,3,20230914,98,3
25456,62,11,20240426,67,3
25457,72,1,20230421,47,4
25458,211,6,20210508,67,2
25459,210,4,20241020,27,5
25460,115,8,20240723,14,4
25461,209,14,20220404,9,1
25462,36,12,20210806,69,4
25463,233,8,20230803,20,5
25464,57,12,20220612,58,4
25465,120,7,20220109,29,5
25466,202,3,20210808,19,4
25467,124,8,20231223,49,4
25468,142,12,20210410,36,5
25469,247,3,20210601,23,1
25470,24,12,20231006,21,3
25471,39,13,20240924,43,3
25472,86,4,20241127,59,3
25473,233,12,20230104,2,1
25474,36,9,20210208,65,2
25475,150,7,20210308,7,5
25476,187,12,20230610,73,3
25477,118,7,20210109,25,1
25478,30,13,20231025,97,5
25479,137,8,20211005,11,2
25480,86,13,20241010,91,1
25481,151,10,20210605,76,1
25482,118,7,20220824,42,4
25483,188,12,20210511,52,1
25484,96,6,20230419,95,4
25485,232,9,20210509,89,2
25486,213,13,20211128,77,3
25487,237,2,20220427,55,3
25488,128,1,20230806,54,4
25489,164,11,20230514,94,4
25490,183,8,20220418,30,4
25491,21,10,20230328,0,4
25492,110,7,20230502,62,2
25493,107,3,20220624,23,2
25494,64,4,20210203,9,1
25495,2,8,20230622,3,1
25496,174,3,20240120,98,4
25497,51,13,20240110,33,3
25498,238,5,20240623,70,1
25499,229,5,20240308,0,2
25500,146,4,20211217,54,3
25501,209,14,20220211,40,4
25502,47,12,20241115,74,3
25503,165,7,20220725,18,2
25504,113,5,20221219,67,3
25505,30,2,20230801,92,3
25506,92,7,20221007,20,1
25507,151,3,20240528,94,3
25508,178,4,20240416,51,4
25509,160,7,20211213,79,2
25510,177,5,20230126,68,5
25511,47,9,20231111,36,3
25512,184,1,20220601,65,1
25513,213,1,20221209,90,5
25514,158,4,20240309,78,4
25515,10,10,20240305,70,2
25516,76,7,20220514,57,4
25517,164,4,20210126,1,1
25518,29,10,20231103,30,5
25519,18,1,20230501,66,3
25520,72,8,20240106,77,1
25521,248,3,20211124,14,4
25522,75,10,20241012,56,1
25523,197,2,20221101,44,3
25524,127,14,20230721,53,3
25525,27,13,20241007,69,4
25526,119,13,20240508,70,5
25527,3,9,20211120,54,4
25528,62,5,20241111,23,2
25529,37,1,20221219,45,4
25530,39,12,20230403,63,5
25531,3,13,20210113,74,3
25532,168,9,20230106,4,2
25533,67,14,20241216,12,1
25534,44,9,20210517,63,4
25535,105,13,20230208,95,3
25536,182,14,20230126,12,2
25537,171,8,20240801,61,3
25538,20,5,20240803,62,4
25539,104,11,20240123,78,2
25540,18,10,20240803,68,2
25541,169,3,20220528,87,3
25542,136,2,20231004,46,4
25543,85,10,20220428,64,4
25544,39,14,20210320,47,3
25545,54,12,20211120,70,4
25546,149,12,20211024,32,5
25547,200,6,20240220,28,5
25548,85,5,20220809,25,2
25549,134,10,20211221,82,3
25550,46,13,20241117,31,2
25551,23,1,20241219,29,1
25552,194,14,20230319,34,2
25553,140,10,20231119,31,2
25554,43,7,20230725,15,2
25555,173,4,20211226,77,2
25556,30,3,20240825,99,1
25557,121,10,20230516,87,4
25558,23,1,20240517,7,4
25559,175,13,20230713,68,5
25560,196,13,20240313,21,4
25561,129,12,20240502,73,5
25562,95,12,20210428,21,3
25563,144,13,20230521,51,1
25564,188,10,20220414,75,5
25565,177,8,20230215,18,1
25566,185,5,20240828,62,4
25567,177,3,20230607,33,2
25568,196,2,20240804,58,3
25569,32,4,20240504,19,2
25570,30,4,20220313,2,3
25571,96,9,20220222,61,5
25572,175,1,20230222,17,5
25573,244,4,20230320,27,3
25574,10,11,20230304,46,4
25575,3,14,20220712,28,2
25576,127,11,20210527,57,5
25577,139,6,20240722,88,1
25578,133,2,20241223,54,5
25579,53,1,20241019,10,3
25580,88,6,20230321,99,5
25581,105,12,20220816,70,3
25582,111,11,20241226,38,3
25583,75,8,20210819,76,1
25584,204,13,20231114,73,4
25585,197,14,20230809,77,5
25586,172,5,20230520,69,5
25587,219,11,20221021,76,4
25588,250,11,20220823,65,1
25589,63,13,20231118,52,2
25590,139,1,20240712,72,3
25591,122,13,20221127,93,4
25592,82,7,20210126,52,4
25593,131,12,20210612,13,2
25594,23,4,20230907,87,3
25595,87,6,20231123,98,4
25596,138,14,20230817,58,3
25597,73,5,20221005,30,1
25598,165,1,20220303,83,2
25599,35,10,20240617,13,5
25600,30,10,20230304,13,3
25601,63,4,20240301,87,5
25602,248,9,20240718,25,1
25603,29,8,20210916,74,3
25604,22,6,20210221,20,1
25605,46,6,20221213,64,1
25606,165,9,20210719,74,2
25607,199,5,20240216,44,2
25608,32,11,20230221,74,4
25609,23,6,20231202,72,5
25610,186,3,20241203,78,4
25611,141,4,20240322,56,3
25612,137,7,20220812,7,3
25613,48,11,20240801,41,1
25614,239,7,20231220,29,1
25615,126,12,20241128,90,2
25616,186,5,20240626,17,2
25617,73,4,20240313,90,5
25618,34,1,20221220,3,4
25619,84,10,20220304,82,2
25620,13,7,20210908,54,4
25621,86,1,20230224,70,5
25622,86,5,20210712,63,2
25623,226,10,20230706,77,5
25624,86,2,20220217,93,5
25625,113,7,20231024,85,5
25626,250,7,20220914,5,5
25627,23,9,20240703,32,2
25628,186,3,20210823,98,2
25629,214,6,20220719,95,1
25630,88,1,20230713,29,4
25631,7,8,20230426,60,3
25632,125,2,20240321,71,4
25633,221,12,20240205,7,4
25634,110,12,20210709,16,5
25635,51,10,20241022,90,5
25636,81,5,20240824,56,1
25637,249,1,20210316,13,1
25638,1,8,20210820,4,4
25639,105,2,20220125,29,1
25640,61,11,20240525,68,3
25641,170,1,20240818,51,2
25642,234,3,20230815,37,1
25643,74,9,20240124,62,4
25644,139,11,20221128,25,5
25645,83,8,20210515,54,4
25646,197,14,20231217,60,3
25647,179,1,20220226,56,1
25648,52,5,20230114,22,3
25649,223,4,20240128,54,5
25650,24,12,20211121,81,2
25651,71,5,20210804,86,4
25652,140,12,20230908,37,1
25653,96,4,20210128,35,3
25654,241,9,20210602,64,3
25655,172,11,20240315,40,5
25656,5,5,20220802,95,2
25657,215,3,20230407,26,2
25658,188,9,20221121,13,2
25659,217,10,20220505,49,3
25660,200,5,20240618,52,1
25661,228,3,20210518,30,3
25662,228,5,20231011,64,5
25663,116,1,20240308,35,3
25664,208,13,20230510,36,2
25665,98,9,20210808,99,1
25666,143,13,20210601,66,2
25667,26,5,20240925,71,3
25668,190,7,20211205,26,2
25669,9,6,20210917,76,4
25670,185,4,20220715,7,5
25671,136,3,20210514,16,1
25672,120,4,20220507,46,1
25673,211,8,20210215,81,4
25674,121,1,20221127,10,1
25675,68,9,20210412,53,1
25676,236,12,20241222,68,1
25677,16,14,20220816,52,5
25678,38,14,20230223,64,5
25679,46,2,20241004,66,3
25680,69,4,20220809,48,1
25681,132,8,20241213,64,1
25682,3,9,20240413,59,5
25683,192,13,20240114,49,5
25684,164,12,20210513,27,2
25685,154,3,20241202,46,3
25686,194,1,20211113,41,3
25687,232,5,20230604,71,3
25688,226,10,20240711,17,4
25689,41,3,20210807,54,4
25690,65,6,20211219,38,3
25691,192,8,20211216,0,2
25692,83,7,20220805,44,5
25693,6,9,20240718,71,5
25694,243,2,20220720,12,1
25695,214,1,20211108,3,4
25696,94,10,20230118,1,3
25697,49,12,20241023,33,2
25698,205,13,20211019,97,5
25699,173,10,20220923,84,2
25700,160,13,20210623,51,5
25701,140,3,20221118,35,2
25702,208,12,20240722,17,3
25703,99,7,20230714,76,3
25704,4,2,20221024,98,3
25705,237,6,20210121,58,5
25706,158,3,20211127,62,5
25707,6,7,20230802,70,5
25708,129,1,20240114,10,2
25709,131,12,20220914,75,3
25710,48,11,20240906,12,3
25711,31,1,20211111,53,5
25712,218,2,20211125,45,5
25713,9,1,20220218,61,3
25714,170,9,20240403,40,1
25715,236,3,20221004,50,3
25716,28,9,20240307,70,1
25717,161,6,20220128,58,4
25718,116,6,20220207,2,2
25719,176,7,20220220,90,4
25720,227,6,20231008,11,3
25721,139,10,20210823,63,5
25722,83,14,20230215,42,1
25723,210,4,20241224,81,4
25724,176,6,20210702,80,2
25725,176,7,20230814,61,2
25726,189,2,20220209,46,3
25727,167,14,20210521,84,5
25728,95,3,20211003,92,4
25729,37,7,20220917,29,5
25730,205,14,20231017,41,2
25731,244,10,20221204,93,2
25732,235,13,20231106,74,4
25733,39,9,20220807,87,3
25734,16,7,20230717,36,3
25735,14,9,20240826,31,4
25736,198,8,20210523,57,4
25737,124,1,20240704,73,4
25738,100,6,20220301,85,3
25739,190,4,20231106,92,1
25740,13,10,20240816,22,3
25741,46,10,20241114,35,1
25742,136,4,20230203,16,4
25743,159,11,20210924,89,2
25744,244,9,20230315,34,2
25745,180,8,20230717,83,2
25746,164,1,20230218,44,1
25747,8,1,20230128,77,2
25748,112,13,20210220,23,3
25749,229,14,20230413,16,4
25750,32,7,20230917,71,5
25751,145,10,20230712,50,4
25752,178,5,20210328,21,2
25753,170,3,20211025,49,5
25754,178,2,20210401,4,5
25755,230,14,20220717,67,2
25756,151,14,20231023,10,4
25757,143,10,20230217,91,4
25758,192,7,20240328,49,2
25759,180,11,20240218,57,1
25760,36,13,20241212,23,1
25761,149,4,20211218,51,3
25762,114,11,20231108,2,2
25763,28,6,20230408,41,1
25764,138,3,20220503,76,3
25765,216,11,20230420,14,4
25766,206,14,20241115,61,4
25767,137,7,20211122,66,2
25768,94,6,20240323,79,2
25769,222,10,20240527,65,4
25770,39,4,20230412,88,4
25771,183,14,20230425,35,4
25772,221,14,20221002,61,5
25773,51,10,20230211,63,1
25774,206,7,20241018,86,1
25775,20,5,20231120,44,4
25776,38,7,20221009,76,1
25777,172,1,20221109,53,2
25778,30,5,20211211,17,2
25779,131,9,20221206,44,3
25780,82,8,20230414,17,5
25781,237,1,20230501,63,3
25782,133,13,20211125,31,2
25783,7,2,20221225,63,4
25784,192,8,20210508,60,4
25785,52,13,20220225,47,5
25786,241,7,20220623,8,1
25787,168,1,20230101,86,3
25788,125,9,20241021,29,5
25789,246,13,20241219,40,5
25790,248,2,20210404,65,4
25791,35,1,20210509,97,4
25792,117,5,20240712,10,2
25793,83,1,20210110,73,2
25794,26,14,20241018,33,1
25795,196,10,20221223,25,3
25796,218,6,20230206,66,4
25797,72,3,20241227,66,2
25798,147,9,20230906,38,5
25799,11,6,20220924,24,2
25800,120,8,20240521,53,2
25801,49,13,20220423,67,5
25802,248,3,20231026,71,5
25803,115,14,20220113,87,4
25804,224,2,20230927,64,3
25805,139,12,20220101,44,3
25806,71,10,20240313,71,3
25807,95,8,20240321,66,3
25808,82,13,20220426,19,3
25809,20,5,20241203,92,3
25810,215,2,20210620,75,2
25811,210,2,20210505,62,5
25812,168,12,20231218,50,5
25813,183,10,20211206,44,2
25814,220,7,20231008,71,3
25815,233,13,20230715,14,5
25816,191,2,20240823,46,4
25817,156,10,20230814,59,2
25818,47,11,20230910,20,1
25819,28,2,20211025,43,2
25820,101,2,20211014,47,5
25821,55,9,20230101,75,3
25822,5,7,20210625,89,2
25823,203,13,20220521,87,3
25824,32,14,20241120,29,3
25825,150,4,20211003,86,4
25826,161,12,20220528,45,2
25827,208,9,20230319,6,5
25828,77,11,20221121,84,2
25829,103,6,20231201,40,4
25830,36,6,20231219,63,5
25831,186,5,20210605,41,3
25832,139,3,20221202,85,3
25833,150,14,20210607,91,5
25834,19,2,20240917,3,4
25835,220,14,20210302,38,1
25836,226,12,20210616,32,4
25837,180,4,20220216,74,3
25838,218,10,20240725,81,3
25839,233,2,20231209,93,4
25840,35,5,20240909,18,3
25841,73,8,20230503,71,1
25842,182,14,20230828,91,5
25843,121,12,20221006,94,3
25844,4,14,20230803,80,1
25845,49,9,20220121,91,5
25846,240,11,20211122,29,2
25847,192,6,20220321,75,5
25848,94,14,20241127,95,1
25849,40,5,20220218,87,4
25850,242,3,20230725,1,2
25851,146,4,20230618,26,1
25852,60,2,20220406,93,1
25853,166,5,20240316,10,4
25854,211,13,20240214,53,5
25855,59,8,20231119,67,4
25856,45,6,20240422,40,1
25857,157,1,20230502,44,4
25858,174,2,20240613,67,5
25859,67,6,20211123,32,3
25860,121,7,20230626,97,2
25861,9,12,20221011,54,5
25862,41,11,20240625,46,2
25863,201,11,20230805,96,3
25864,193,12,20240822,98,4
25865,100,13,20221221,76,1
25866,97,1,20230617,39,5
25867,194,2,20221112,84,1
25868,141,4,20230118,31,3
25869,231,3,20221215,67,2
25870,26,6,20210907,70,4
25871,165,10,20210628,50,1
25872,117,13,20220324,44,5
25873,206,3,20210503,71,3
25874,177,6,20210104,65,5
25875,134,13,20230602,1,5
25876,111,13,20240305,15,1
25877,180,1,20230112,17,4
25878,183,13,20231002,27,3
25879,129,4,20220601,21,5
25880,10,3,20230713,92,1
25881,60,14,20240817,62,2
25882,58,5,20220510,67,4
25883,166,11,20241119,85,4
25884,39,4,20230426,66,5
25885,132,5,20220718,3,1
25886,15,6,20240628,49,5
25887,104,8,20230506,24,4
25888,132,5,20230819,92,5
25889,235,8,20220702,99,1
25890,88,6,20240516,82,4
25891,100,10,20220518,28,4
25892,43,6,20220508,49,2
25893,10,14,20230915,33,3
25894,130,10,20210809,89,1
25895,54,11,20240423,92,2
25896,134,13,20230127,43,5
25897,98,13,20240408,75,5
25898,172,6,20220514,74,1
25899,250,14,20240811,85,2
25900,207,14,20230601,83,2
25901,38,13,20240520,47,4
25902,121,4,20241021,93,1
25903,128,3,20221112,90,1
25904,73,10,20211124,97,5
25905,22,12,20240327,71,2
25906,181,12,20211124,41,3
25907,176,14,20240412,77,2
25908,153,13,20211110,37,2
25909,106,14,20241117,76,5
25910,191,6,20231025,33,5
25911,71,3,20230801,72,2
25912,136,5,20230305,29,1
25913,27,13,20240806,34,1
25914,60,1,20220722,81,2
25915,241,14,20240524,77,1
25916,112,13,20210711,9,2
25917,34,3,20210215,37,2
25918,25,12,20241215,42,3
25919,34,12,20240808,52,5
25920,116,11,20241213,86,3
25921,216,8,20211114,15,3
25922,36,6,20220110,76,4
25923,148,14,20220411,6,2
25924,181,12,20230509,48,3
25925,228,4,20221017,85,5
25926,222,14,20220714,82,1
25927,77,3,20220728,17,3
25928,51,3,20241108,98,2
25929,116,2,20230213,44,1
25930,82,8,20221111,6,1
25931,37,6,20211128,40,2
25932,221,10,20210912,12,3
25933,170,8,20240317,24,1
25934,222,5,20220806,97,2
25935,5,9,20221222,27,1
25936,97,2,20230824,35,5
25937,143,13,20210303,77,4
25938,39,7,20240613,96,2
25939,2,14,20230106,43,3
25940,164,3,20220227,77,3
25941,182,8,20220407,92,4
25942,65,1,20230802,10,4
25943,250,1,20221216,94,2
25944,142,7,20211119,66,3
25945,220,4,20221208,92,1
25946,195,6,20211025,88,3
25947,80,12,20230723,82,2
25948,19,3,20220103,85,2
25949,140,1,20210216,42,2
25950,53,13,20211123,30,1
25951,239,8,20210917,85,2
25952,32,5,20210317,57,3
25953,246,5,20240721,69,1
25954,239,13,20210617,65,2
25955,142,9,20240824,15,5
25956,30,9,20230714,70,1
25957,65,7,20231027,41,4
25958,98,14,20230108,70,4
25959,175,9,20240228,43,5
25960,190,6,20220323,6,4
25961,95,9,20230208,38,1
25962,8,10,20220721,17,5
25963,99,4,20240726,61,4
25964,242,14,20210618,7,1
25965,130,3,20240503,46,5
25966,79,6,20220913,35,3
25967,246,9,20240825,94,5
25968,62,13,20211126,91,2
25969,59,10,20231006,96,1
25970,200,9,20210616,39,2
25971,83,4,20210809,10,1
25972,65,14,20220627,63,3
25973,205,1,20231208,14,4
25974,8,9,20241115,80,1
25975,9,14,20220717,14,1
25976,232,2,20220308,83,4
25977,201,14,20210212,34,1
25978,153,5,20230525,21,2
25979,150,13,20241008,5,1
25980,23,12,20241106,20,5
25981,90,3,20220413,17,1
25982,139,11,20220108,48,3
25983,20,1,20211028,47,3
25984,23,1,20240214,40,1
25985,63,5,20221022,5,3
25986,97,12,20230811,31,4
25987,222,2,20220920,50,2
25988,135,10,20231119,59,5
25989,137,2,20211013,5,5
25990,114,2,20230713,5,5
25991,73,12,20230414,78,3
25992,192,11,20230911,27,5
25993,234,11,20230406,6,5
25994,69,6,20230925,77,2
25995,117,1,20240104,60,4
25996,52,1,20230514,34,5
25997,72,7,20221213,86,1
25998,4,10,20220425,48,4
25999,4,4,20221024,48,3
26000,148,12,20230124,61,1
26001,96,12,20241219,35,3
26002,235,4,20240311,37,2
26003,64,3,20210720,57,3
26004,42,10,20210723,80,5
26005,38,6,20220728,89,1
26006,248,10,20221102,35,2
26007,41,10,20210713,27,5
26008,151,14,20220816,55,5
26009,159,5,20211127,33,4
26010,61,11,20230210,53,3
26011,153,10,20220705,81,2
26012,216,14,20230111,81,2
26013,105,6,20240323,25,3
26014,103,2,20210425,37,1
26015,180,4,20231006,30,3
26016,50,12,20221104,88,4
26017,135,3,20220228,27,2
26018,199,11,20221024,90,1
26019,199,4,20231028,60,2
26020,246,4,20230802,92,2
26021,22,11,20220818,47,3
26022,52,10,20220602,21,2
26023,177,9,20240406,89,5
26024,162,10,20231123,13,4
26025,226,5,20220302,82,5
26026,47,2,20210517,13,1
26027,6,5,20230709,64,5
26028,85,4,20240616,77,2
26029,185,9,20230712,1,3
26030,139,9,20230522,44,5
26031,197,11,20220109,62,5
26032,222,11,20220516,16,4
26033,67,9,20230602,41,3
26034,243,9,20231103,28,3
26035,145,2,20210511,95,3
26036,93,10,20210517,18,5
26037,73,5,20221223,53,4
26038,70,1,20220920,35,5
26039,116,6,20241108,80,5
26040,233,10,20230219,17,4
26041,195,14,20230920,96,3
26042,118,6,20240128,50,1
26043,129,1,20240411,82,1
26044,103,7,20230626,15,2
26045,119,1,20230317,87,5
26046,78,1,20240420,5,3
26047,172,6,20210404,59,2
26048,67,13,20230404,64,3
26049,59,8,20210119,81,3
26050,216,10,20220224,94,1
26051,35,6,20230821,86,5
26052,30,10,20231121,94,3
26053,171,10,20220220,30,3
26054,225,14,20220915,76,1
26055,1,6,20230922,5,2
26056,46,9,20240616,86,1
26057,246,2,20220307,67,1
26058,179,6,20221209,31,5
26059,52,4,20240615,88,3
26060,22,2,20230904,2,1
26061,78,4,20231120,87,2
26062,135,8,20230808,49,3
26063,240,9,20220717,89,5
26064,98,7,20221227,49,4
26065,175,7,20230513,81,5
26066,222,10,20211003,12,3
26067,31,12,20210123,17,5
26068,121,5,20240826,83,3
26069,155,3,20211205,37,5
26070,117,1,20231028,92,4
26071,227,14,20221111,60,5
26072,187,5,20241003,69,3
26073,207,7,20241006,26,4
26074,185,6,20240822,47,2
26075,74,14,20211116,77,2
26076,56,1,20240221,47,2
26077,81,3,20240707,33,1
26078,24,9,20210307,78,4
26079,81,3,20220923,2,5
26080,222,4,20230222,52,3
26081,86,9,20220923,12,3
26082,17,12,20220626,54,2
26083,11,3,20210817,79,1
26084,249,9,20230416,79,4
26085,49,6,20210211,49,5
26086,137,2,20230126,37,1
26087,113,1,20230521,25,3
26088,8,14,20220120,30,4
26089,246,12,20210917,5,3
26090,62,4,20240717,85,1
26091,109,8,20220811,64,2
26092,242,11,20230323,78,5
26093,28,5,20221103,57,4
26094,244,6,20220619,3,1
26095,195,10,20230122,36,1
26096,94,5,20221005,36,5
26097,158,5,20230326,7,1
26098,84,7,20211213,4,2
26099,204,5,20241114,86,5
26100,53,8,20210602,14,5
26101,133,11,20230426,44,3
26102,131,9,20220726,46,3
26103,164,10,20211016,60,3
26104,241,12,20211014,26,3
26105,196,11,20210309,48,3
26106,59,13,20240122,35,1
26107,240,12,20240818,6,2
26108,187,6,20240820,15,4
26109,37,4,20210905,24,3
26110,114,8,20211211,31,5
26111,38,12,20240123,93,4
26112,165,2,20210409,29,3
26113,192,5,20220302,28,1
26114,227,10,20231119,88,2
26115,26,9,20220717,45,3
26116,85,14,20231108,16,4
26117,173,3,20210704,46,2
26118,115,10,20220426,97,3
26119,46,13,20240223,54,2
26120,57,4,20230806,33,2
26121,58,4,20240921,18,1
26122,14,2,20221118,93,4
26123,213,11,20211016,80,2
26124,167,1,20230411,99,4
26125,173,11,20211005,98,5
26126,153,12,20240811,95,2
26127,7,11,20240416,49,4
26128,196,10,20240225,43,5
26129,78,3,20240528,7,4
26130,219,13,20231006,53,5
26131,67,12,20230819,78,1
26132,31,2,20231009,5,4
26133,247,14,20240319,27,2
26134,64,14,20240104,24,5
26135,38,10,20240217,65,1
26136,86,12,20230710,99,5
26137,209,1,20241118,25,1
26138,209,4,20220127,47,1
26139,95,5,20240715,88,2
26140,68,14,20231103,67,2
26141,101,2,20230923,5,4
26142,218,14,20220124,66,5
26143,156,2,20230106,52,5
26144,249,3,20221007,14,3
26145,91,12,20240706,93,2
26146,22,14,20220128,78,4
26147,212,11,20230602,9,5
26148,158,3,20211001,64,4
26149,64,12,20241225,58,1
26150,248,6,20220106,92,1
26151,215,12,20220110,24,4
26152,120,3,20210712,79,5
26153,157,3,20230712,41,3
26154,247,2,20210123,74,1
26155,74,8,20220501,30,4
26156,38,8,20230203,62,4
26157,94,12,20230704,50,5
26158,231,4,20210519,87,2
26159,245,10,20211103,90,2
26160,9,6,20241016,7,5
26161,231,9,20230716,36,1
26162,25,13,20210802,5,2
26163,54,7,20211111,7,5
26164,242,4,20220316,97,2
26165,127,3,20240408,54,3
26166,68,4,20230706,94,1
26167,112,14,20220505,52,1
26168,192,14,20230111,17,5
26169,104,6,20220719,19,2
26170,121,13,20210815,72,2
26171,137,8,20231019,13,3
26172,119,7,20231121,98,3
26173,63,7,20230819,47,5
26174,223,4,20210722,32,4
26175,133,14,20211016,53,4
26176,199,7,20240427,47,1
26177,169,5,20240113,20,1
26178,121,14,20220622,1,2
26179,82,10,20230807,71,5
26180,17,14,20240715,96,4
26181,205,1,20221016,22,1
26182,122,10,20231101,94,4
26183,83,12,20240113,79,3
26184,13,13,20221207,93,5
26185,118,10,20230415,61,5
26186,44,10,20240520,24,1
26187,54,7,20221115,29,5
26188,122,1,20221125,44,2
26189,48,11,20210527,68,1
26190,127,3,20230818,91,4
26191,76,12,20210815,22,5
26192,206,9,20230812,77,2
26193,28,4,20230309,80,5
26194,213,12,20231122,43,5
26195,224,6,20220709,90,1
26196,63,2,20220608,66,5
26197,122,8,20211209,76,1
26198,79,4,20210608,57,3
26199,11,12,20220611,94,3
26200,241,13,20210306,37,2
26201,194,10,20230818,88,5
26202,44,8,20220214,93,3
26203,63,14,20240909,84,4
26204,198,12,20230317,65,4
26205,6,9,20231211,96,4
26206,148,6,20220306,33,2
26207,166,3,20230328,11,1
26208,111,7,20240812,64,5
26209,128,7,20210319,24,1
26210,7,4,20210619,27,3
26211,235,2,20210714,27,3
26212,118,7,20211003,70,1
26213,150,12,20220914,9,4
26214,32,9,20211114,6,3
26215,13,2,20230401,41,5
26216,72,6,20241111,6,2
26217,204,9,20241110,40,3
26218,124,13,20231119,10,2
26219,170,12,20211011,67,3
26220,119,12,20240621,39,5
26221,214,14,20210201,1,2
26222,15,8,20241023,88,5
26223,228,12,20240524,57,4
26224,38,13,20221101,35,2
26225,176,6,20230227,99,3
26226,148,8,20230503,78,4
26227,123,7,20220416,13,1
26228,138,8,20210403,43,2
26229,89,4,20241003,55,1
26230,203,3,20241125,21,4
26231,236,1,20220427,92,2
26232,63,9,20241026,16,4
26233,199,2,20210919,66,1
26234,113,14,20210903,79,5
26235,77,4,20240928,41,3
26236,127,1,20231001,66,1
26237,7,1,20210923,59,3
26238,217,3,20241004,24,3
26239,5,8,20210105,42,2
26240,143,12,20220412,60,4
26241,182,12,20210328,96,4
26242,123,12,20220911,43,5
26243,196,6,20230303,61,3
26244,154,6,20210306,71,4
26245,30,4,20211228,7,1
26246,115,2,20230421,29,4
26247,236,9,20230223,55,4
26248,143,6,20231009,26,4
26249,141,12,20220713,7,1
26250,248,5,20221014,77,4
26251,225,8,20210419,71,5
26252,109,12,20220707,97,1
26253,212,5,20211220,28,3
26254,236,7,20230518,2,1
26255,161,5,20230627,76,3
26256,84,2,20241106,24,3
26257,124,11,20230213,68,5
26258,220,13,20230309,25,5
26259,148,9,20210722,56,3
26260,189,5,20210325,58,5
26261,1,9,20210107,45,2
26262,216,6,20210412,38,2
26263,151,6,20210422,22,2
26264,132,13,20210125,44,5
26265,226,14,20230219,99,1
26266,76,8,20220510,59,2
26267,202,13,20210121,93,5
26268,35,3,20221024,63,4
26269,51,3,20240501,6,4
26270,13,4,20231123,22,5
26271,7,5,20220501,60,1
26272,165,2,20210220,67,5
26273,72,5,20221015,87,4
26274,137,10,20211128,40,5
26275,106,5,20230608,30,4
26276,88,2,20210914,82,2
26277,48,5,20241106,48,4
26278,138,2,20221225,34,1
26279,157,14,20231017,78,3
26280,27,12,20240910,89,5
26281,165,9,20240212,8,1
26282,42,13,20231220,39,5
26283,163,14,20220207,3,1
26284,35,10,20230722,9,4
26285,57,14,20240914,22,3
26286,188,8,20240111,6,4
26287,43,13,20231201,59,2
26288,153,9,20240919,67,2
26289,161,9,20210723,86,4
26290,66,9,20241214,79,5
26291,203,9,20240227,89,2
26292,121,12,20240319,26,5
26293,110,13,20231220,38,4
26294,220,10,20220524,17,5
26295,223,13,20231109,85,5
26296,25,6,20240327,99,5
26297,121,5,20220822,35,4
26298,5,13,20240518,37,3
26299,226,12,20221208,17,4
26300,138,11,20221212,77,3
26301,122,2,20221120,51,2
26302,227,11,20210321,11,5
26303,205,11,20220912,25,3
26304,21,14,20230517,54,4
26305,76,2,20210606,28,4
26306,36,5,20240516,17,5
26307,182,4,20240721,92,4
26308,172,14,20230826,54,5
26309,215,8,20230710,58,5
26310,14,2,20230212,61,3
26311,244,12,20240721,98,1
26312,35,12,20230223,46,2
26313,38,14,20240424,5,4
26314,195,12,20220305,20,3
26315,62,6,20220205,51,1
26316,47,2,20210812,77,5
26317,7,8,20220607,31,2
26318,84,3,20210527,4,3
26319,242,13,20220813,53,5
26320,171,5,20231001,86,2
26321,40,7,20210213,93,5
26322,199,12,20220525,88,4
26323,207,7,20210509,94,3
26324,119,4,20240613,88,2
26325,128,2,20241119,61,3
26326,65,5,20210507,95,4
26327,144,1,20230404,16,2
26328,103,1,20211012,25,3
26329,59,1,20230725,62,3
26330,149,10,20231210,79,4
26331,94,1,20231214,92,2
26332,129,13,20240908,92,5
26333,180,14,20240324,30,5
26334,66,13,20210910,93,2
26335,189,4,20240524,58,5
26336,240,7,20231202,70,5
26337,14,13,20210405,93,5
26338,98,4,20220613,21,2
26339,43,10,20240425,79,5
26340,210,8,20220109,93,1
26341,74,1,20210903,18,5
26342,206,9,20240318,10,2
26343,1,7,20241101,89,3
26344,111,9,20210608,14,2
26345,190,2,20231226,52,1
26346,142,2,20220910,39,1
26347,157,5,20240325,38,3
26348,247,8,20240414,16,3
26349,112,8,20231207,15,4
26350,133,3,20231121,20,1
26351,24,7,20220228,41,2
26352,169,7,20220201,16,3
26353,57,9,20220711,76,4
26354,93,6,20211116,48,4
26355,64,7,20221124,5,4
26356,79,7,20221202,94,1
26357,164,4,20241119,35,2
26358,208,11,20240207,43,3
26359,40,9,20230623,34,4
26360,232,10,20230618,35,5
26361,115,10,20231116,17,2
26362,20,4,20210923,5,5
26363,240,8,20210808,3,1
26364,243,6,20240628,93,4
26365,60,14,20220804,2,3
26366,224,12,20210603,69,5
26367,191,14,20210412,12,3
26368,159,8,20231002,76,1
26369,156,9,20220314,43,4
26370,206,11,20231212,17,4
26371,72,4,20230614,65,4
26372,191,6,20220623,98,4
26373,224,13,20210203,84,5
26374,223,3,20210205,62,3
26375,179,4,20241126,22,2
26376,228,5,20240507,66,4
26377,88,13,20210302,31,1
26378,184,12,20211118,27,2
26379,75,11,20220105,17,4
26380,207,14,20220216,47,5
26381,238,8,20210404,5,1
26382,235,13,20240810,86,3
26383,234,14,20220911,79,1
26384,184,12,20230214,79,2
26385,46,10,20221026,94,1
26386,66,4,20220901,13,4
26387,184,6,20230201,6,5
26388,102,10,20210322,28,1
26389,128,6,20221112,60,4
26390,98,8,20240221,11,3
26391,223,8,20240119,2,5
26392,249,12,20231114,21,2
26393,119,5,20220525,54,4
26394,199,10,20241118,69,5
26395,25,5,20240118,73,5
26396,105,1,20220509,11,1
26397,21,6,20240110,84,2
26398,219,6,20230328,91,2
26399,33,8,20240307,10,3
26400,150,6,20240512,52,2
26401,180,3,20220726,38,2
26402,122,12,20230109,6,1
26403,63,7,20240911,22,3
26404,151,12,20211112,66,5
26405,43,7,20210101,73,2
26406,207,3,20240402,19,3
26407,207,5,20210508,10,5
26408,159,9,20230409,57,2
26409,104,9,20241208,35,3
26410,1,13,20211007,99,5
26411,125,6,20230106,83,1
26412,166,6,20240508,35,1
26413,37,8,20210404,61,2
26414,135,12,20220825,42,1
26415,203,7,20220702,23,4
26416,79,10,20220705,0,4
26417,54,4,20240913,24,2
26418,137,12,20241002,84,4
26419,29,6,20210626,85,4
26420,84,4,20210623,75,5
26421,37,13,20220628,26,4
26422,189,1,20231014,82,4
26423,89,11,20210217,45,1
26424,188,5,20230621,1,3
26425,1,12,20220214,10,4
26426,7,5,20241121,93,3
26427,74,12,20220213,14,5
26428,111,2,20210410,55,3
26429,96,13,20240702,80,4
26430,26,9,20230820,8,1
26431,153,2,20241128,24,2
26432,186,5,20240812,77,2
26433,232,11,20220712,22,5
26434,115,9,20241221,23,2
26435,30,3,20211103,27,5
26436,174,7,20220610,46,2
26437,25,13,20230201,26,3
26438,58,13,20240716,13,5
26439,44,6,20230728,51,1
26440,195,10,20210520,85,1
26441,111,4,20240108,29,3
26442,242,11,20230715,88,3
26443,166,9,20231017,80,2
26444,39,4,20220123,0,2
26445,20,10,20220121,16,3
26446,74,3,20230208,99,1
26447,193,10,20230604,27,5
26448,57,1,20241115,48,2
26449,213,3,20240603,31,1
26450,173,8,20220316,92,2
26451,15,12,20241022,66,4
26452,53,7,20220819,69,3
26453,15,3,20221005,96,5
26454,225,3,20220807,25,1
26455,243,11,20210711,36,1
26456,161,1,20240615,30,5
26457,60,12,20210307,12,2
26458,230,9,20230321,56,5
26459,38,12,20240116,20,2
26460,229,8,20210819,88,3
26461,168,10,20211218,45,5
26462,48,1,20210718,86,2
26463,170,8,20220103,48,1
26464,195,5,20241222,67,4
26465,36,9,20220327,64,4
26466,99,6,20221026,3,5
26467,41,9,20240124,90,5
26468,100,11,20230527,98,1
26469,66,7,20211113,71,5
26470,17,6,20241105,25,1
26471,82,1,20240508,99,5
26472,92,6,20230924,8,3
26473,236,14,20240420,83,3
26474,234,9,20211117,87,1
26475,215,12,20230705,31,5
26476,21,6,20211214,44,4
26477,112,7,20240121,49,3
26478,248,7,20231124,5,4
26479,31,4,20220113,41,4
26480,123,8,20221208,45,4
26481,82,14,20210421,89,3
26482,192,13,20230406,95,5
26483,225,13,20220807,62,2
26484,4,12,20240811,53,3
26485,244,5,20220910,76,2
26486,74,6,20230503,39,3
26487,146,3,20220822,45,1
26488,189,4,20241026,94,1
26489,36,2,20240119,19,3
26490,232,10,20210125,71,4
26491,69,9,20220225,34,2
26492,61,13,20230103,86,5
26493,86,5,20241011,19,5
26494,112,12,20240312,66,2
26495,41,8,20210917,43,4
26496,244,6,20220920,47,2
26497,78,3,20220603,4,4
26498,116,3,20220213,43,3
26499,81,9,20231213,99,5
26500,137,2,20230321,82,3
26501,131,11,20210413,36,1
26502,87,4,20220310,87,4
26503,61,7,20240309,99,3
26504,216,6,20241019,80,4
26505,164,1,20210709,26,4
26506,207,8,20240104,65,4
26507,32,2,20240928,99,4
26508,153,11,20241013,48,2
26509,152,6,20240223,26,5
26510,240,14,20220619,1,5
26511,39,3,20210914,40,1
26512,43,5,20240127,47,2
26513,215,1,20231106,16,5
26514,116,2,20211209,55,1
26515,176,14,20210602,96,5
26516,181,10,20231223,59,3
26517,43,4,20230807,97,3
26518,57,12,20241011,53,5
26519,216,6,20231108,59,3
26520,248,5,20240622,95,3
26521,223,6,20241210,5,4
26522,30,11,20210802,36,5
26523,75,11,20220509,79,4
26524,126,14,20221109,5,2
26525,209,9,20210411,46,2
26526,101,13,20230428,49,1
26527,30,8,20211123,92,5
26528,175,4,20230513,18,1
26529,72,2,20240515,63,3
26530,250,13,20240127,67,5
26531,193,3,20230519,19,3
26532,244,14,20230928,17,3
26533,14,7,20230926,10,4
26534,88,7,20211219,27,1
26535,247,2,20240604,42,1
26536,92,9,20240301,84,2
26537,89,6,20230209,14,3
26538,224,14,20240205,66,5
26539,80,13,20220813,15,5
26540,213,5,20220803,7,2
26541,92,6,20220928,26,2
26542,215,8,20230722,78,4
26543,109,13,20240712,22,3
26544,21,1,20220527,33,4
26545,128,1,20221216,0,2
26546,168,4,20240410,7,1
26547,29,1,20210105,49,4
26548,126,2,20230709,68,3
26549,30,2,20210105,11,1
26550,232,13,20220118,44,5
26551,212,13,20210717,45,4
26552,9,7,20230320,61,3
26553,60,13,20221205,69,2
26554,120,13,20240924,8,2
26555,1,7,20220725,83,2
26556,231,11,20230417,54,1
26557,70,2,20210105,52,5
26558,134,3,20210719,35,5
26559,91,3,20240704,92,5
26560,29,9,20240717,25,4
26561,147,4,20240724,48,4
26562,6,11,20230510,77,4
26563,143,1,20230128,79,2
26564,196,10,20220919,80,5
26565,242,5,20241028,64,3
26566,140,4,20210521,33,1
26567,177,6,20211206,16,3
26568,223,5,20230111,86,5
26569,141,11,20211112,88,1
26570,55,5,20240804,7,3
26571,89,5,20240702,36,4
26572,45,5,20241007,15,5
26573,129,13,20210513,25,3
26574,217,12,20220912,86,2
26575,213,14,20240522,87,5
26576,107,1,20210715,44,2
26577,3,11,20210606,94,3
26578,57,10,20240814,82,4
26579,182,3,20240412,57,1
26580,101,14,20230615,5,5
26581,73,3,20210821,37,3
26582,248,13,20230726,83,1
26583,39,6,20240418,19,3
26584,110,2,20220901,52,3
26585,95,14,20240304,1,4
26586,117,2,20231203,23,1
26587,133,12,20210103,18,3
26588,200,13,20210509,15,3
26589,168,13,20221224,27,4
26590,4,8,20210717,55,5
26591,249,12,20210508,87,5
26592,69,14,20230428,79,5
26593,37,14,20210417,96,4
26594,66,10,20210228,94,2
26595,68,11,20220401,80,4
26596,221,9,20241101,77,4
26597,167,1,20240527,63,3
26598,60,8,20230921,90,1
26599,219,14,20220617,53,1
26600,8,7,20210818,38,1
26601,196,6,20220924,75,2
26602,1,2,20220919,25,5
26603,184,4,20210909,68,5
26604,200,2,20211219,48,1
26605,131,11,20210722,92,3
26606,101,9,20220915,8,1
26607,6,11,20240710,29,2
26608,55,2,20231010,41,5
26609,190,14,20230810,33,1
26610,147,1,20211019,44,2
26611,142,2,20210514,13,2
26612,192,4,20240919,56,3
26613,138,1,20220516,12,1
26614,28,1,20240828,32,2
26615,88,3,20210913,78,4
26616,223,9,20210920,61,1
26617,33,7,20231201,6,1
26618,105,9,20240223,41,5
26619,23,3,20231102,70,5
26620,184,7,20211022,2,2
26621,93,12,20231003,32,5
26622,220,7,20231102,96,5
26623,28,7,20230828,58,2
26624,55,9,20211207,27,1
26625,178,14,20220515,62,4
26626,155,5,20210803,37,1
26627,77,10,20210715,63,2
26628,236,12,20231210,92,2
26629,225,2,20211003,25,3
26630,79,14,20220805,21,1
26631,44,1,20210108,2,5
26632,116,1,20210207,29,5
26633,21,2,20240425,42,4
26634,227,1,20231024,36,5
26635,40,6,20220314,81,2
26636,140,10,20210317,70,3
26637,144,9,20230503,99,3
26638,227,10,20210113,94,3
26639,123,1,20210416,51,4
26640,22,10,20231224,5,2
26641,74,2,20241126,26,4
26642,159,6,20230804,52,3
26643,114,8,20210913,41,2
26644,37,4,20211119,79,5
26645,72,7,20240714,64,4
26646,63,1,20210924,17,1
26647,115,5,20230423,54,4
26648,216,3,20230716,75,1
26649,99,13,20210918,33,1
26650,69,11,20230703,14,5
26651,138,1,20230126,81,3
26652,80,12,20220426,13,1
26653,49,10,20221223,60,4
26654,19,12,20240814,82,3
26655,87,6,20220521,93,4
26656,46,9,20241213,79,1
26657,133,9,20240114,48,1
26658,188,7,20221007,25,5
26659,232,7,20240924,69,5
26660,30,8,20241108,6,4
26661,239,7,20230706,36,2
26662,151,7,20211215,39,2
26663,41,13,20240402,99,2
26664,10,12,20210810,25,5
26665,200,6,20230308,79,1
26666,222,7,20240718,44,5
26667,36,4,20240408,38,4
26668,66,2,20240328,29,3
26669,212,6,20230721,49,3
26670,250,12,20231125,15,1
26671,192,4,20240528,96,5
26672,136,13,20240321,44,2
26673,250,3,20241228,75,4
26674,113,4,20240605,59,3
26675,91,4,20241218,50,5
26676,12,12,20211205,12,3
26677,61,2,20240222,36,3
26678,145,4,20210710,85,4
26679,134,14,20240522,44,3
26680,151,2,20240416,97,3
26681,246,11,20220901,68,3
26682,36,4,20220715,39,5
26683,50,2,20231103,39,5
26684,137,3,20220425,68,1
26685,212,10,20240314,5,1
26686,243,13,20240521,38,3
26687,202,13,20220313,90,1
26688,100,7,20240513,68,5
26689,33,2,20241006,81,2
26690,165,3,20240728,68,3
26691,67,11,20230413,16,4
26692,230,8,20220202,58,5
26693,211,11,20240222,78,4
26694,181,4,20240614,67,2
26695,160,9,20221226,48,5
26696,71,4,20210908,67,3
26697,106,9,20230407,89,1
26698,122,13,20230803,79,3
26699,217,12,20240914,2,1
26700,105,3,20240301,5,2
26701,45,9,20240309,65,5
26702,135,8,20230402,0,4
26703,217,14,20230305,27,3
26704,198,12,20240303,96,1
26705,192,3,20230511,82,5
26706,70,6,20240218,32,4
26707,248,13,20241228,92,5
26708,174,11,20230123,8,4
26709,135,4,20210909,58,3
26710,22,10,20210605,32,3
26711,138,3,20241114,55,1
26712,226,6,20221103,79,2
26713,73,11,20211117,16,4
26714,199,14,20210127,29,3
26715,59,6,20240611,57,2
26716,140,3,20240405,57,5
26717,125,7,20210405,66,2
26718,116,12,20230620,26,5
26719,228,13,20220209,63,2
26720,128,14,20230304,47,3
26721,16,11,20241118,70,5
26722,232,4,20220107,71,3
26723,127,5,20230603,58,3
26724,245,5,20230320,54,5
26725,72,3,20210703,63,5
26726,34,9,20221009,54,1
26727,228,14,20230725,37,5
26728,136,6,20230410,6,1
26729,114,13,20230312,66,5
26730,53,9,20221114,3,5
26731,77,3,20230625,28,3
26732,132,3,20211202,98,5
26733,193,14,20220111,91,4
26734,48,14,20221109,24,3
26735,199,6,20220616,33,4
26736,217,11,20241108,52,4
26737,154,1,20210414,57,5
26738,101,3,20230606,82,1
26739,88,11,20241201,87,2
26740,192,7,20221021,9,5
26741,230,4,20240619,42,2
26742,221,2,20230119,25,3
26743,203,10,20240823,85,4
26744,54,14,20231116,0,3
26745,169,14,20231018,51,5
26746,171,3,20240420,50,5
26747,182,8,20221123,70,2
26748,240,7,20220723,41,5
26749,147,6,20210518,79,2
26750,26,10,20230401,4,3
26751,229,9,20240413,51,5
26752,73,1,20240607,18,3
26753,154,5,20230111,70,2
26754,122,10,20240512,6,4
26755,235,14,20231025,48,2
26756,3,12,20240515,42,4
26757,198,14,20230221,22,5
26758,47,13,20230407,90,4
26759,45,3,20230511,10,4
26760,191,11,20220111,13,4
26761,113,1,20211103,2,4
26762,117,4,20240208,90,4
26763,17,9,20240310,78,5
26764,71,14,20240713,58,5
26765,224,13,20240913,11,3
26766,79,2,20240221,47,3
26767,196,5,20230116,63,3
26768,61,9,20220914,48,5
26769,229,6,20220317,76,5
26770,198,13,20220710,64,4
26771,211,14,20240328,91,3
26772,227,6,20230104,57,5
26773,84,13,20210611,5,3
26774,88,3,20230803,42,4
26775,178,6,20220416,95,1
26776,234,1,20240719,54,5
26777,212,5,20220723,29,1
26778,75,12,20210323,49,3
26779,131,7,20240507,26,2
26780,161,2,20221113,61,1
26781,224,7,20230517,39,1
26782,195,6,20240816,25,3
26783,204,10,20230907,29,2
26784,225,14,20221028,46,5
26785,6,5,20211102,82,1
26786,61,5,20220125,72,3
26787,75,5,20221208,24,3
26788,91,6,20220723,55,5
26789,77,12,20210706,28,3
26790,7,7,20210913,62,3
26791,39,9,20220626,67,1
26792,108,11,20220102,2,5
26793,37,14,20221205,91,5
26794,210,2,20220923,15,5
26795,87,2,20240213,26,3
26796,22,4,20230622,44,4
26797,50,2,20240817,35,2
26798,156,1,20230506,56,4
26799,232,6,20220219,11,2
26800,144,12,20241117,3,4
26801,32,12,20210123,66,3
26802,69,3,20210803,49,4
26803,105,7,20210912,63,3
26804,37,10,20230614,29,1
26805,69,4,20220706,19,5
26806,148,4,20231203,76,3
26807,157,12,20230926,33,4
26808,189,2,20220607,40,2
26809,121,14,20221123,82,4
26810,40,4,20230414,89,3
26811,145,1,20240109,13,2
26812,21,13,20220426,54,2
26813,113,14,20240817,91,5
26814,47,6,20240810,62,5
26815,2,8,20230610,14,5
26816,161,11,20241028,56,4
26817,48,13,20230124,65,3
26818,72,1,20220321,4,5
26819,225,5,20220518,34,5
26820,201,6,20240926,26,5
26821,22,1,20230605,66,1
26822,239,11,20220109,9,5
26823,139,1,20240809,16,5
26824,112,6,20220307,16,2
26825,197,5,20231206,9,1
26826,123,14,20240925,45,3
26827,118,6,20230813,69,2
26828,33,12,20230821,90,3
26829,129,7,20220715,30,5
26830,190,7,20240919,27,2
26831,132,5,20240211,72,5
26832,249,3,20240917,32,1
26833,233,13,20210204,42,1
26834,102,14,20220110,9,2
26835,208,10,20211019,62,3
26836,222,10,20230516,72,5
26837,190,4,20211019,47,3
26838,218,5,20230417,70,3
26839,36,5,20240712,35,3
26840,139,3,20220112,66,5
26841,21,11,20221028,21,4
26842,211,4,20220820,85,3
26843,185,13,20240804,48,5
26844,151,8,20241021,30,1
26845,241,2,20230623,64,5
26846,225,2,20221121,34,5
26847,166,9,20231119,83,2
26848,45,12,20240405,71,3
26849,6,14,20240727,15,5
26850,160,2,20210917,89,5
26851,113,13,20230909,44,1
26852,194,9,20220609,72,3
26853,33,6,20220227,59,4
26854,137,13,20221114,52,3
26855,208,10,20220413,94,3
26856,70,10,20230606,73,5
26857,201,5,20241118,88,3
26858,14,5,20210313,66,3
26859,44,8,20211006,61,3
26860,226,8,20210720,51,2
26861,148,1,20220513,12,4
26862,151,5,20210412,40,3
26863,201,1,20210915,51,4
26864,91,6,20211008,52,3
26865,175,7,20230814,51,1
26866,140,12,20210518,27,5
26867,91,14,20240402,28,1
26868,82,2,20240424,0,3
26869,131,12,20231103,83,5
26870,122,12,20240616,81,4
26871,110,14,20230117,77,2
26872,238,1,20230225,82,5
26873,199,6,20220707,68,2
26874,60,3,20230113,20,1
26875,81,6,20240712,55,1
26876,188,14,20240203,34,4
26877,97,13,20231117,20,5
26878,196,8,20240211,23,2
26879,56,14,20220326,51,1
26880,73,5,20210624,21,3
26881,80,10,20230701,74,2
26882,207,13,20220218,61,1
26883,246,6,20221023,79,4
26884,160,1,20241208,33,1
26885,240,9,20211014,4,2
26886,104,1,20220623,19,4
26887,8,9,20221113,69,2
26888,186,14,20240420,47,3
26889,45,14,20240111,78,2
26890,13,2,20210108,10,3
26891,65,10,20220326,25,3
26892,152,3,20230809,7,4
26893,162,11,20220226,30,2
26894,39,11,20220225,40,2
26895,131,6,20230608,60,1
26896,95,3,20210227,94,4
26897,71,2,20210917,50,2
26898,42,5,20210324,68,4
26899,70,5,20211210,49,1
26900,72,12,20231201,71,1
26901,82,11,20220718,17,5
26902,189,5,20220506,53,5
26903,96,6,20221204,26,2
26904,190,11,20211119,66,3
26905,110,2,20240210,15,3
26906,132,9,20241107,62,1
26907,186,10,20240201,89,2
26908,114,9,20210612,31,2
26909,95,9,20231116,81,4
26910,195,11,20240104,22,3
26911,80,1,20221020,50,4
26912,71,9,20211221,77,2
26913,114,14,20220927,25,2
26914,40,6,20240425,23,5
26915,53,9,20240103,95,3
26916,14,9,20211219,66,5
26917,8,7,20240101,64,4
26918,234,10,20210127,56,5
26919,80,13,20230316,73,1
26920,47,2,20240120,98,4
26921,126,7,20240404,27,4
26922,174,7,20230612,5,1
26923,48,1,20210814,25,4
26924,17,12,20210807,36,2
26925,57,3,20220915,52,5
26926,83,1,20240903,26,1
26927,95,2,20210508,79,3
26928,54,9,20230901,95,2
26929,5,9,20210516,92,4
26930,115,7,20240318,70,1
26931,47,9,20230127,31,4
26932,92,8,20240805,93,4
26933,74,10,20210923,12,2
26934,246,1,20230916,1,1
26935,110,8,20240401,93,5
26936,146,13,20241124,31,3
26937,174,7,20230626,79,4
26938,192,13,20240417,16,1
26939,40,7,20220524,42,3
26940,145,4,20231220,54,4
26941,93,8,20230804,15,1
26942,160,5,20221106,17,5
26943,41,14,20230319,59,3
26944,247,7,20210621,93,2
26945,205,6,20210106,87,5
26946,203,1,20230822,16,2
26947,14,3,20231013,35,3
26948,168,5,20230501,69,2
26949,175,9,20211218,97,5
26950,20,2,20241214,95,1
26951,44,2,20210225,55,4
26952,78,2,20210224,14,1
26953,112,13,20210622,73,2
26954,80,7,20221218,82,1
26955,126,12,20230803,96,5
26956,117,5,20210210,43,2
26957,51,12,20220905,86,5
26958,50,5,20240421,54,3
26959,205,6,20221111,8,1
26960,187,9,20230305,63,4
26961,206,1,20240717,83,3
26962,62,6,20221005,9,4
26963,83,14,20230704,21,1
26964,197,7,20211017,85,1
26965,83,2,20240117,25,4
26966,127,10,20220417,28,3
26967,108,10,20240417,29,3
26968,133,14,20240814,91,4
26969,73,12,20220820,96,1
26970,193,4,20231109,95,1
26971,127,13,20210514,28,3
26972,113,5,20210719,20,3
26973,41,4,20221225,11,1
26974,41,10,20210121,96,2
26975,14,2,20210511,2,2
26976,47,3,20230117,85,3
26977,224,10,20231124,30,4
26978,135,1,20230921,69,2
26979,40,11,20221112,42,1
26980,2,10,20230617,72,4
26981,124,6,20230504,9,3
26982,113,6,20210403,37,1
26983,135,13,20210809,31,1
26984,104,10,20220228,53,4
26985,9,4,20230910,58,1
26986,165,8,20241212,96,4
26987,77,1,20230415,38,3
26988,117,11,20221025,12,4
26989,227,1,20230105,67,4
26990,49,13,20230211,64,1
26991,78,8,20220718,88,5
26992,176,9,20240214,15,4
26993,39,5,20240727,76,4
26994,164,9,20240403,90,5
26995,163,4,20230327,27,2
26996,7,12,20220125,40,1
26997,47,14,20230303,82,2
26998,140,11,20220414,49,1
26999,34,8,20230305,87,2
27000,241,3,20220103,54,4
27001,179,1,20230203,11,3
27002,18,3,20240726,13,5
27003,45,7,20220116,62,5
27004,121,10,20240610,63,3
27005,198,7,20220220,60,2
27006,147,13,20230703,11,3
27007,143,12,20230104,58,1
27008,106,14,20210716,54,5
27009,203,12,20230326,94,4
27010,184,5,20220928,28,2
27011,203,6,20210904,12,2
27012,165,10,20211023,13,4
27013,105,6,20221018,36,5
27014,6,6,20230607,83,4
27015,107,13,20231012,77,5
27016,69,2,20240223,29,2
27017,145,4,20221007,76,4
27018,118,1,20210628,79,3
27019,13,13,20221114,87,1
27020,155,8,20220924,86,3
27021,48,5,20211226,41,4
27022,13,8,20231015,5,2
27023,48,13,20210324,22,4
27024,39,2,20210526,62,1
27025,65,8,20231128,63,1
27026,145,9,20211224,46,5
27027,9,8,20221116,1,1
27028,139,4,20230826,39,4
27029,197,11,20220110,77,2
27030,170,13,20220712,8,4
27031,243,7,20230323,87,3
27032,49,14,20240128,66,1
27033,232,3,20230616,77,3
27034,130,7,20220124,81,1
27035,52,11,20210803,88,2
27036,153,11,20240509,17,2
27037,30,6,20241025,80,2
27038,48,8,20230907,32,5
27039,88,12,20230927,83,3
27040,249,5,20210725,58,4
27041,6,10,20230628,78,1
27042,139,7,20220901,6,1
27043,141,10,20220802,30,5
27044,123,11,20241202,83,1
27045,67,7,20210507,79,2
27046,67,5,20220128,45,5
27047,248,12,20210826,51,3
27048,164,7,20210713,54,5
27049,155,6,20240514,70,1
27050,225,6,20220427,77,4
27051,90,4,20211010,52,5
27052,138,7,20220613,84,2
27053,59,11,20240410,36,2
27054,5,11,20230606,12,1
27055,176,2,20240314,81,5
27056,93,1,20240622,11,1
27057,34,8,20241027,48,2
27058,174,4,20240816,82,4
27059,232,8,20220717,38,2
27060,126,9,20210707,97,5
27061,78,9,20241005,11,3
27062,176,14,20210304,54,3
27063,33,4,20210902,9,3
27064,23,13,20210105,98,2
27065,16,13,20220921,94,5
27066,180,2,20211124,28,2
27067,249,12,20231211,71,5
27068,74,13,20240926,0,3
27069,175,11,20211005,13,3
27070,119,4,20220404,29,2
27071,97,10,20220616,68,4
27072,220,7,20220316,73,2
27073,181,7,20240621,52,4
27074,138,5,20230124,25,1
27075,223,2,20241108,10,5
27076,76,14,20211217,99,2
27077,122,7,20210617,41,1
27078,218,4,20230606,60,4
27079,183,6,20210622,13,4
27080,183,3,20230507,70,3
27081,44,10,20221204,81,3
27082,120,2,20220720,52,1
27083,234,9,20221115,65,1
27084,55,14,20240203,93,5
27085,158,7,20220703,91,5
27086,123,6,20220125,78,2
27087,42,14,20240417,46,3
27088,147,3,20211219,34,1
27089,238,9,20240203,16,2
27090,238,2,20220901,98,3
27091,39,1,20211008,45,4
27092,223,11,20220310,71,3
27093,174,6,20240115,19,2
27094,130,4,20210623,35,3
27095,176,12,20240922,40,4
27096,162,8,20240904,51,4
27097,197,9,20221225,54,5
27098,108,10,20230921,36,2
27099,140,6,20241010,10,2
27100,1,12,20240409,3,5
27101,217,1,20220814,74,3
27102,27,5,20240813,94,5
27103,63,1,20211227,69,1
27104,245,1,20211006,48,2
27105,150,1,20220715,99,4
27106,96,8,20221004,29,5
27107,214,2,20240919,40,3
27108,249,4,20241113,80,5
27109,238,4,20210223,80,4
27110,205,12,20241013,70,3
27111,82,13,20230724,34,5
27112,237,13,20210625,38,2
27113,130,10,20220806,8,2
27114,209,6,20240907,40,1
27115,57,5,20220606,95,1
27116,164,2,20211022,81,1
27117,90,13,20220727,92,4
27118,232,4,20210424,23,2
27119,221,5,20210426,27,3
27120,48,9,20220925,1,3
27121,202,6,20220203,26,1
27122,87,4,20210220,19,3
27123,38,6,20230822,80,2
27124,33,1,20210307,74,4
27125,165,11,20241224,89,2
27126,203,3,20220527,7,5
27127,56,10,20210823,12,1
27128,211,5,20211216,60,5
27129,35,14,20210209,87,1
27130,226,4,20230401,19,4
27131,189,14,20220327,85,4
27132,58,2,20240719,88,5
27133,80,11,20220704,16,1
27134,168,11,20221219,70,4
27135,57,5,20230816,26,5
27136,181,2,20230217,62,5
27137,50,13,20220817,49,4
27138,23,10,20210623,11,1
27139,248,7,20240616,78,2
27140,239,6,20210928,4,3
27141,116,5,20240204,75,2
27142,98,14,20240222,74,1
27143,93,11,20220903,22,1
27144,188,11,20220223,35,3
27145,202,2,20231214,95,5
27146,26,12,20211224,67,2
27147,170,7,20240507,5,3
27148,188,1,20240816,49,4
27149,110,13,20241213,86,4
27150,157,7,20241215,40,1
27151,103,8,20240704,7,4
27152,134,10,20220702,8,1
27153,25,2,20240306,83,4
27154,196,12,20230517,63,2
27155,45,11,20230309,90,5
27156,114,11,20230209,21,4
27157,224,7,20220211,36,4
27158,21,4,20210808,59,1
27159,203,1,20230721,61,1
27160,17,1,20210821,26,3
27161,145,11,20210513,18,3
27162,68,2,20210128,95,4
27163,40,3,20220608,22,4
27164,86,11,20221018,99,2
27165,220,14,20240824,95,5
27166,129,3,20210713,75,2
27167,21,5,20241105,34,5
27168,156,5,20240603,65,2
27169,56,13,20210316,6,2
27170,21,5,20230308,84,5
27171,21,2,20220127,88,5
27172,132,4,20230813,86,5
27173,74,4,20230119,62,5
27174,2,9,20240205,69,4
27175,213,7,20221120,96,1
27176,3,11,20220127,33,2
27177,142,12,20240701,57,2
27178,228,12,20221026,95,4
27179,42,5,20210711,5,5
27180,50,12,20210613,10,5
27181,192,2,20210217,68,1
27182,228,4,20220513,9,3
27183,64,1,20220923,69,1
27184,125,6,20231116,70,5
27185,79,9,20211217,84,2
27186,179,2,20230508,15,2
27187,214,9,20220405,37,3
27188,231,14,20241104,50,4
27189,95,5,20210711,33,2
27190,148,1,20211104,96,3
27191,88,8,20230123,19,5
27192,77,9,20241211,79,3
27193,42,10,20240107,82,2
27194,199,2,20240302,96,3
27195,16,9,20230208,99,5
27196,140,4,20220702,16,4
27197,196,2,20240804,61,1
27198,97,13,20220607,30,2
27199,3,6,20240516,61,4
27200,57,3,20220418,59,5
27201,60,4,20220726,8,1
27202,8,6,20210503,75,1
27203,106,13,20220925,61,2
27204,119,7,20220904,11,3
27205,72,11,20230419,12,4
27206,87,8,20221223,6,3
27207,88,2,20221204,25,2
27208,148,11,20230518,47,1
27209,140,5,20220322,43,1
27210,87,8,20240412,33,5
27211,208,1,20230919,46,5
27212,131,8,20240128,87,4
27213,214,3,20230809,69,5
27214,106,12,20220528,83,3
27215,125,13,20240226,84,4
27216,52,13,20230119,36,2
27217,235,3,20220117,2,2
27218,58,11,20211014,45,3
27219,40,10,20230520,56,1
27220,9,2,20211120,9,4
27221,14,7,20240119,53,2
27222,61,2,20230715,6,2
27223,111,13,20230509,56,2
27224,56,7,20231110,98,4
27225,247,4,20210506,35,5
27226,173,9,20240302,62,2
27227,65,5,20220105,9,3
27228,132,1,20210713,47,3
27229,77,2,20240810,39,2
27230,225,1,20220203,5,3
27231,54,5,20240822,78,5
27232,179,7,20220704,4,4
27233,199,2,20220316,69,1
27234,221,4,20220111,43,3
27235,75,6,20230927,19,5
27236,142,2,20240313,48,1
27237,96,11,20240826,73,4
27238,109,7,20231128,44,4
27239,4,7,20240310,23,2
27240,120,2,20220623,2,4
27241,155,13,20230718,6,3
27242,136,1,20210628,83,1
27243,221,4,20241007,59,1
27244,224,12,20210823,19,3
27245,193,2,20240916,82,1
27246,43,14,20220422,10,2
27247,69,2,20230724,72,5
27248,103,1,20220910,64,1
27249,149,9,20210816,85,5
27250,9,6,20210601,1,2
27251,23,3,20240302,74,4
27252,10,10,20211012,95,5
27253,20,1,20210902,41,1
27254,171,11,20210525,46,5
27255,53,1,20220120,74,4
27256,27,14,20240527,71,5
27257,113,8,20220119,82,3
27258,212,12,20240916,88,4
27259,113,3,20221216,55,4
27260,176,3,20240405,33,2
27261,129,5,20240102,9,5
27262,20,4,20240811,66,3
27263,187,8,20220219,34,2
27264,85,14,20240826,29,5
27265,111,10,20210820,45,4
27266,87,12,20211119,28,3
27267,155,3,20211213,69,2
27268,115,2,20231216,54,2
27269,82,3,20240203,87,1
27270,130,11,20240815,95,2
27271,76,5,20240613,17,2
27272,231,1,20210406,34,1
27273,226,2,20221208,14,4
27274,91,11,20241208,87,5
27275,199,5,20241005,52,5
27276,11,6,20231106,53,4
27277,218,3,20211005,58,1
27278,129,6,20210723,48,4
27279,75,9,20210416,95,4
27280,218,7,20221018,69,1
27281,160,14,20220518,13,1
27282,140,4,20230816,85,5
27283,108,6,20210416,19,3
27284,81,13,20220707,93,5
27285,56,13,20210304,36,1
27286,103,11,20241219,80,3
27287,217,4,20240615,7,5
27288,237,3,20210327,58,2
27289,144,2,20230304,9,5
27290,116,11,20231013,5,4
27291,182,9,20221113,41,5
27292,145,3,20230211,28,1
27293,168,3,20230325,5,3
27294,113,2,20211225,46,1
27295,41,2,20220607,15,3
27296,19,11,20220819,46,5
27297,127,6,20240219,30,4
27298,89,4,20230616,14,1
27299,89,4,20220913,47,4
27300,105,14,20220520,57,4
27301,99,13,20241201,78,5
27302,229,1,20220102,76,2
27303,27,13,20210415,51,5
27304,201,10,20220818,42,5
27305,7,6,20240408,89,2
27306,185,1,20240221,63,5
27307,115,1,20220511,84,1
27308,103,14,20210323,97,3
27309,37,11,20210722,45,4
27310,139,14,20241011,42,3
27311,29,6,20221107,35,1
27312,249,7,20240922,52,2
27313,214,10,20220918,13,5
27314,239,8,20230426,94,5
27315,195,13,20220214,33,4
27316,44,11,20240725,14,5
27317,127,13,20220506,31,2
27318,250,2,20241028,90,1
27319,249,5,20231005,92,2
27320,45,2,20221201,19,4
27321,162,9,20240312,7,1
27322,227,14,20210123,35,1
27323,115,1,20210125,66,3
27324,18,3,20241121,51,5
27325,229,10,20210713,7,1
27326,34,14,20210807,87,3
27327,81,12,20240523,38,5
27328,210,9,20231019,65,1
27329,69,1,20220618,24,4
27330,69,5,20211126,50,4
27331,155,12,20220801,88,3
27332,224,4,20210108,18,3
27333,173,11,20240327,42,3
27334,135,9,20220913,95,5
27335,109,11,20241024,55,3
27336,68,6,20221016,35,5
27337,44,3,20210328,4,1
27338,165,14,20220710,65,1
27339,182,8,20220305,49,4
27340,142,13,20240306,73,3
27341,193,5,20230525,2,3
27342,116,5,20230603,11,3
27343,102,2,20220705,67,4
27344,132,9,20220105,44,2
27345,152,4,20230926,83,4
27346,242,2,20211225,1,5
27347,35,13,20220212,17,3
27348,4,9,20231216,5,4
27349,80,9,20210823,19,5
27350,224,3,20230524,32,3
27351,249,11,20230421,97,3
27352,126,2,20220422,71,1
27353,52,9,20240909,13,4
27354,85,3,20211018,7,5
27355,223,10,20230621,19,2
27356,218,7,20210322,43,3
27357,87,2,20210123,40,3
27358,67,4,20210406,33,3
27359,224,1,20210706,52,3
27360,79,6,20230505,7,5
27361,18,2,20220723,68,1
27362,247,9,20230707,26,1
27363,168,9,20240625,19,5
27364,166,1,20220726,32,5
27365,101,7,20241220,32,1
27366,7,12,20220415,2,4
27367,141,9,20221212,57,4
27368,236,13,20210218,76,3
27369,6,3,20211125,24,3
27370,82,12,20230602,18,2
27371,66,3,20210212,96,1
27372,27,1,20240705,20,1
27373,83,10,20241012,57,3
27374,214,7,20221012,99,4
27375,68,5,20220509,52,4
27376,20,7,20240806,79,1
27377,28,6,20231016,36,1
27378,246,5,20220926,24,3
27379,190,9,20240823,91,2
27380,157,9,20210903,91,3
27381,36,2,20220903,80,2
27382,232,8,20240808,15,4
27383,1,4,20210802,71,1
27384,171,9,20231106,46,1
27385,146,6,20230226,11,1
27386,32,8,20230301,96,3
27387,178,4,20210614,89,1
27388,69,2,20210302,31,1
27389,125,6,20210823,75,2
27390,38,11,20210315,69,1
27391,21,7,20220426,50,5
27392,12,4,20241025,62,2
27393,115,7,20240114,29,2
27394,197,1,20210107,3,4
27395,61,6,20240511,81,4
27396,95,11,20210419,63,1
27397,17,2,20221009,87,4
27398,101,4,20220212,31,5
27399,66,8,20210413,44,1
27400,45,8,20211103,77,4
27401,222,8,20240422,41,1
27402,46,3,20210323,42,4
27403,64,5,20240112,15,2
27404,43,10,20230114,43,4
27405,180,2,20240811,80,5
27406,48,2,20220120,84,2
27407,63,10,20230126,27,1
27408,222,2,20220616,50,2
27409,126,1,20221108,42,1
27410,136,6,20240925,21,2
27411,30,14,20240922,62,4
27412,215,13,20210326,14,3
27413,124,3,20231108,77,5
27414,121,9,20220905,76,1
27415,60,10,20230804,32,2
27416,63,5,20240925,82,3
27417,236,7,20210110,18,2
27418,72,2,20210805,42,3
27419,234,8,20230114,17,5
27420,99,9,20210506,65,2
27421,133,8,20230626,37,1
27422,108,6,20220902,29,4
27423,158,2,20230328,47,1
27424,111,11,20230506,27,1
27425,65,1,20210125,57,4
27426,25,10,20211127,50,3
27427,237,9,20210515,83,5
27428,84,12,20240421,17,5
27429,51,6,20221015,71,2
27430,224,13,20230319,31,3
27431,127,12,20240614,28,3
27432,33,12,20211224,44,3
27433,98,13,20210514,92,1
27434,121,13,20230921,12,5
27435,217,12,20231007,44,5
27436,109,3,20221201,73,5
27437,157,8,20230307,65,3
27438,115,13,20240504,16,1
27439,4,6,20240624,37,2
27440,113,7,20231007,39,4
27441,121,3,20220915,56,3
27442,112,11,20220105,63,5
27443,163,5,20210914,59,2
27444,237,10,20220220,1,1
27445,18,14,20230422,1,2
27446,92,7,20220904,56,5
27447,14,1,20220203,43,2
27448,240,10,20240713,51,3
27449,98,3,20221001,21,3
27450,146,11,20220506,91,4
27451,8,1,20210228,8,5
27452,138,8,20220815,35,2
27453,42,8,20221210,98,4
27454,6,12,20240928,8,1
27455,245,11,20240825,15,2
27456,39,12,20241121,81,1
27457,89,14,20220715,6,1
27458,195,14,20240716,40,3
27459,26,7,20220808,20,3
27460,35,14,20211212,9,3
27461,33,8,20220826,93,2
27462,203,10,20210505,66,1
27463,10,7,20240628,6,4
27464,48,5,20210116,4,5
27465,19,14,20220326,73,5
27466,90,5,20230519,32,1
27467,130,13,20241012,30,1
27468,136,7,20220717,11,2
27469,229,9,20241209,26,3
27470,236,1,20210518,94,2
27471,206,8,20220503,53,5
27472,98,6,20230105,68,3
27473,221,2,20240415,4,1
27474,2,11,20221116,60,4
27475,250,10,20240528,85,3
27476,110,1,20230220,35,3
27477,129,11,20230410,47,1
27478,80,9,20240902,62,3
27479,225,11,20240205,38,5
27480,69,10,20230627,64,3
27481,7,3,20240608,31,4
27482,96,8,20240801,23,4
27483,12,8,20240103,10,4
27484,198,14,20210316,86,4
27485,210,10,20231007,28,3
27486,153,11,20210702,12,2
27487,9,1,20240122,26,5
27488,200,3,20240501,15,4
27489,247,10,20241021,3,3
27490,144,10,20220406,77,3
27491,123,6,20241006,71,3
27492,131,8,20241118,41,3
27493,29,2,20210427,25,4
27494,238,11,20220707,59,1
27495,25,14,20240419,2,2
27496,152,1,20221024,32,1
27497,209,8,20230722,80,2
27498,22,13,20230718,5,5
27499,176,2,20241207,18,3
27500,77,14,20240606,43,2
27501,214,13,20221128,35,1
27502,230,2,20230212,73,3
27503,57,13,20230815,26,5
27504,94,11,20240401,44,2
27505,240,1,20211006,36,3
27506,117,13,20240425,16,4
27507,117,14,20210921,65,3
27508,144,4,20220821,23,5
27509,217,6,20240712,35,5
27510,61,12,20241021,85,5
27511,157,2,20220613,23,4
27512,198,6,20221221,60,2
27513,161,5,20241217,74,2
27514,246,14,20210904,80,2
27515,187,9,20220809,72,1
27516,161,1,20220323,52,3
27517,250,7,20230809,7,4
27518,247,11,20231004,59,4
27519,141,11,20241209,15,2
27520,11,7,20210922,73,2
27521,32,7,20220223,48,5
27522,210,7,20240709,29,2
27523,209,8,20220103,16,5
27524,188,6,20210507,25,2
27525,94,6,20211125,62,3
27526,206,4,20230927,17,3
27527,127,1,20210508,95,2
27528,127,1,20221207,27,3
27529,219,7,20210309,70,4
27530,48,2,20210924,58,4
27531,121,8,20230116,30,2
27532,68,3,20211015,0,1
27533,95,5,20230321,8,5
27534,26,1,20210708,19,1
27535,205,3,20220427,46,1
27536,30,4,20220620,90,1
27537,12,14,20211128,33,4
27538,250,11,20230225,21,3
27539,232,14,20241225,43,2
27540,213,3,20231002,20,5
27541,203,11,20230922,68,3
27542,22,4,20220918,54,2
27543,188,3,20210725,66,3
27544,213,6,20231003,89,5
27545,160,2,20210920,42,4
27546,11,1,20211118,97,3
27547,91,8,20220205,87,3
27548,245,8,20230621,84,2
27549,73,1,20220408,45,4
27550,232,11,20240405,52,4
27551,58,2,20241208,71,1
27552,51,8,20210809,17,5
27553,100,7,20241026,74,5
27554,135,2,20230102,1,2
27555,187,1,20230501,55,4
27556,29,7,20220322,1,5
27557,12,12,20220205,68,4
27558,186,1,20221215,41,5
27559,94,7,20231012,30,1
27560,243,10,20241204,51,5
27561,234,4,20241025,84,1
27562,182,2,20210617,37,1
27563,143,8,20220706,70,3
27564,6,2,20240127,85,1
27565,180,4,20210428,31,1
27566,66,14,20210114,75,4
27567,242,3,20230125,77,2
27568,95,2,20220226,43,4
27569,142,10,20240126,70,2
27570,1,13,20230803,87,5
27571,218,12,20220216,86,1
27572,151,14,20220313,21,5
27573,238,11,20210208,86,3
27574,230,7,20230915,69,3
27575,228,9,20220820,14,4
27576,158,8,20230226,20,5
27577,41,2,20240722,4,5
27578,76,5,20220614,56,5
27579,84,11,20230820,17,1
27580,229,1,20240519,6,4
27581,173,13,20220406,91,5
27582,1,9,20230321,0,5
27583,242,2,20240920,90,2
27584,102,9,20210719,1,1
27585,185,11,20220717,78,1
27586,144,2,20230908,21,1
27587,218,7,20240718,37,2
27588,107,5,20231228,31,5
27589,245,9,20230128,77,5
27590,76,3,20210626,63,4
27591,96,2,20211213,75,2
27592,60,11,20220514,61,3
27593,7,3,20240623,68,1
27594,177,14,20211009,8,5
27595,141,5,20211223,10,5
27596,70,4,20221126,84,4
27597,147,9,20230427,66,2
27598,133,14,20240405,1,4
27599,122,6,20220104,84,3
27600,59,2,20220621,7,5
27601,20,11,20230522,42,4
27602,239,3,20211219,52,5
27603,142,9,20230420,3,4
27604,167,10,20221120,31,1
27605,169,6,20230419,55,1
27606,246,6,20211003,2,2
27607,150,9,20230220,99,4
27608,95,14,20220306,32,2
27609,237,7,20220909,17,1
27610,43,12,20230111,28,3
27611,20,9,20230717,72,4
27612,106,4,20240313,26,1
27613,246,14,20241119,33,5
27614,161,1,20231208,73,1
27615,91,2,20240220,41,3
27616,51,14,20210607,34,4
27617,34,7,20230310,89,3
27618,219,12,20220828,36,2
27619,225,3,20220119,73,1
27620,10,2,20230603,36,1
27621,32,1,20230609,94,5
27622,110,8,20220602,94,2
27623,151,1,20221012,80,4
27624,193,2,20220410,6,2
27625,219,2,20210522,79,3
27626,146,4,20210903,42,1
27627,178,3,20220419,24,4
27628,222,11,20220610,4,3
27629,73,1,20231217,15,5
27630,67,3,20230827,30,5
27631,97,4,20240605,38,4
27632,192,9,20240827,53,5
27633,187,1,20231205,73,2
27634,4,3,20241210,83,3
27635,236,11,20220924,83,1
27636,225,5,20221203,61,4
27637,83,11,20230621,94,2
27638,211,8,20240420,98,2
27639,167,9,20210506,44,3
27640,220,3,20210210,85,2
27641,132,10,20210413,91,4
27642,44,12,20230822,90,1
27643,52,5,20230524,76,3
27644,26,5,20210615,33,2
27645,99,5,20211021,64,1
27646,194,2,20210415,43,1
27647,143,2,20211206,73,3
27648,36,3,20211213,35,1
27649,130,4,20220518,86,4
27650,146,12,20230723,64,1
27651,113,10,20210904,45,3
27652,11,13,20210924,29,3
27653,94,5,20231013,84,2
27654,121,9,20240927,88,4
27655,28,14,20241226,26,4
27656,28,2,20220604,15,2
27657,51,6,20220413,62,4
27658,244,14,20210507,13,2
27659,114,4,20230108,73,2
27660,203,1,20240303,60,2
27661,136,10,20230526,13,1
27662,97,10,20230302,29,3
27663,159,6,20240624,9,2
27664,177,1,20220315,7,1
27665,8,12,20241118,36,2
27666,157,13,20230524,93,1
27667,52,3,20241116,61,2
27668,118,4,20241022,49,4
27669,186,3,20220826,19,1
27670,221,13,20241025,86,2
27671,2,5,20220127,49,3
27672,127,9,20240706,51,3
27673,241,5,20230915,16,1
27674,174,4,20240313,22,2
27675,19,8,20210316,10,4
27676,35,9,20220419,42,3
27677,180,13,20240421,25,1
27678,85,1,20230713,6,1
27679,18,5,20240924,77,3
27680,209,11,20230711,79,2
27681,87,8,20240617,57,4
27682,31,12,20230301,70,1
27683,160,8,20220606,70,3
27684,53,4,20230408,74,2
27685,182,2,20210303,6,2
27686,94,9,20210304,47,2
27687,123,13,20221128,65,3
27688,117,12,20230503,70,1
27689,167,7,20220805,65,3
27690,114,11,20210509,93,4
27691,194,6,20230304,76,1
27692,169,5,20240725,57,4
27693,216,7,20210327,50,3
27694,142,13,20220516,23,1
27695,117,6,20211209,95,5
27696,147,7,20210207,93,3
27697,226,4,20210504,95,4
27698,170,14,20240409,85,2
27699,179,3,20240316,16,2
27700,61,6,20230328,40,4
27701,90,10,20221019,76,3
27702,176,12,20230405,10,2
27703,96,3,20210903,5,3
27704,71,8,20240119,47,1
27705,32,2,20240102,49,5
27706,2,13,20210119,81,4
27707,245,1,20210310,32,4
27708,62,7,20240904,96,3
27709,173,5,20240326,48,5
27710,166,3,20240309,94,2
27711,124,8,20210310,39,5
27712,62,10,20220918,58,4
27713,58,13,20210709,34,4
27714,28,8,20230307,68,3
27715,155,14,20230907,38,5
27716,248,4,20210503,73,4
27717,48,8,20230705,78,5
27718,185,1,20241101,31,4
27719,78,4,20240322,44,1
27720,231,8,20221206,50,3
27721,36,7,20210714,87,3
27722,203,2,20230623,94,3
27723,102,4,20210128,19,3
27724,1,7,20240508,18,2
27725,123,14,20241122,83,3
27726,142,8,20211104,28,5
27727,249,7,20240122,39,2
27728,238,3,20230611,36,4
27729,18,13,20220611,60,1
27730,189,4,20210611,6,4
27731,89,13,20220701,82,2
27732,228,5,20240313,65,2
27733,120,14,20240304,39,1
27734,228,3,20240121,93,3
27735,50,13,20210610,35,2
27736,144,11,20241103,90,5
27737,160,12,20231108,76,2
27738,202,6,20240903,50,4
27739,137,5,20220323,15,4
27740,186,12,20230515,8,1
27741,1,5,20241210,2,3
27742,43,5,20210203,23,2
27743,44,9,20221011,77,5
27744,98,8,20210319,48,3
27745,46,14,20210117,27,5
27746,183,7,20211015,25,4
27747,11,10,20221225,80,3
27748,103,9,20220926,21,1
27749,106,10,20240305,75,4
27750,246,7,20221016,48,5
27751,206,9,20240802,38,2
27752,224,4,20211220,77,3
27753,143,2,20230805,8,1
27754,70,1,20210418,55,3
27755,189,10,20230110,50,1
27756,50,9,20210524,66,2
27757,73,6,20220312,6,3
27758,111,9,20241115,78,5
27759,212,9,20230328,87,2
27760,138,12,20230209,35,4
27761,199,8,20211212,66,3
27762,65,2,20220415,13,3
27763,112,2,20211209,86,1
27764,241,2,20210218,20,5
27765,242,2,20210809,73,3
27766,221,1,20210327,99,2
27767,233,5,20241117,21,2
27768,196,1,20220702,10,5
27769,60,1,20220610,33,5
27770,38,10,20241007,26,1
27771,207,2,20210619,7,3
27772,187,11,20210126,61,1
27773,130,7,20230903,51,1
27774,133,9,20211220,31,3
27775,169,9,20220702,30,5
27776,111,14,20220625,60,5
27777,217,5,20221205,84,1
27778,160,6,20231105,39,2
27779,242,5,20220519,44,2
27780,240,8,20240506,12,3
27781,157,2,20211214,70,3
27782,95,7,20230610,83,3
27783,42,14,20220320,24,4
27784,59,4,20230118,42,2
27785,3,7,20240528,33,3
27786,22,6,20230422,12,5
27787,229,11,20231009,53,5
27788,16,9,20210923,89,5
27789,2,2,20210628,1,4
27790,45,11,20230401,97,3
27791,233,14,20210619,75,5
27792,210,5,20240318,77,4
27793,30,5,20231020,36,2
27794,235,10,20220915,85,2
27795,163,1,20210112,86,5
27796,119,3,20211216,4,2
27797,112,6,20240126,59,4
27798,134,11,20210418,18,2
27799,48,7,20211020,87,4
27800,148,13,20210921,29,1
27801,57,14,20240623,33,3
27802,193,4,20220407,66,2
27803,207,7,20211012,91,2
27804,65,3,20231210,94,1
27805,31,14,20240925,88,2
27806,40,12,20210807,14,4
27807,202,7,20231110,88,5
27808,135,5,20210212,22,5
27809,171,6,20220921,38,1
27810,161,10,20221019,73,4
27811,231,3,20220815,54,1
27812,19,13,20220128,37,4
27813,103,6,20230606,25,4
27814,223,3,20220304,62,2
27815,241,1,20240618,27,4
27816,236,10,20211222,18,2
27817,30,9,20240607,57,1
27818,38,11,20210716,80,3
27819,146,9,20210727,50,1
27820,170,3,20221003,0,4
27821,62,10,20211217,19,5
27822,12,1,20240401,6,2
27823,170,6,20221117,13,4
27824,74,4,20240607,43,3
27825,219,5,20231008,66,4
27826,250,9,20240824,98,5
27827,39,3,20241208,81,4
27828,232,1,20220209,97,1
27829,182,11,20220417,34,2
27830,154,7,20240126,48,1
27831,120,4,20220811,38,4
27832,240,6,20220810,23,1
27833,241,11,20220901,9,5
27834,31,4,20210704,25,3
27835,170,9,20240126,60,4
27836,167,8,20230410,34,3
27837,246,8,20220510,17,1
27838,19,2,20241109,39,2
27839,178,13,20240611,17,2
27840,89,10,20210603,52,2
27841,70,4,20220521,83,2
27842,134,1,20210427,16,4
27843,85,2,20230428,96,2
27844,94,2,20221021,50,4
27845,237,1,20240608,75,3
27846,53,4,20230110,68,1
27847,27,2,20220205,47,5
27848,117,7,20240116,5,4
27849,211,12,20231108,15,3
27850,114,5,20230608,44,1
27851,157,7,20240122,21,1
27852,138,8,20240107,95,4
27853,16,5,20221201,17,1
27854,117,14,20220728,0,3
27855,248,7,20210505,75,2
27856,109,12,20211002,0,2
27857,86,9,20231002,53,3
27858,170,5,20230323,28,4
27859,225,13,20221021,45,1
27860,103,9,20210605,86,1
27861,12,2,20210923,52,1
27862,190,13,20240806,70,3
27863,131,2,20211107,17,1
27864,61,4,20230601,26,5
27865,43,1,20230312,15,1
27866,110,12,20231202,48,3
27867,100,1,20220412,83,3
27868,219,12,20220205,40,2
27869,239,10,20240901,93,3
27870,171,6,20221001,11,4
27871,85,8,20220305,10,5
27872,71,2,20210306,35,4
27873,89,10,20210609,82,3
27874,121,2,20210512,11,4
27875,12,5,20210302,15,3
27876,105,12,20240527,43,2
27877,151,10,20230303,27,4
27878,42,4,20240215,23,1
27879,70,5,20240105,14,3
27880,67,9,20240707,68,2
27881,247,3,20220701,27,1
27882,233,11,20220904,44,2
27883,194,11,20210523,90,2
27884,23,2,20231023,74,2
27885,8,5,20241112,62,1
27886,205,8,20230226,23,2
27887,105,13,20210122,58,5
27888,134,14,20230518,36,3
27889,217,9,20241022,3,4
27890,206,8,20210528,85,3
27891,109,6,20230110,1,3
27892,2,10,20220921,98,2
27893,216,1,20241003,61,5
27894,77,2,20240625,26,3
27895,227,13,20240628,53,2
27896,245,10,20220115,47,4
27897,240,12,20230811,48,2
27898,113,3,20211025,33,1
27899,126,13,20220225,30,1
27900,134,9,20210813,49,1
27901,98,5,20230517,19,3
27902,28,11,20230314,42,1
27903,140,13,20211021,49,5
27904,130,1,20240613,72,3
27905,241,10,20230707,72,3
27906,34,13,20210718,90,1
27907,219,14,20210211,47,4
27908,168,14,20221021,8,5
27909,130,2,20240418,17,5
27910,70,3,20240914,84,3
27911,112,9,20210310,30,2
27912,200,13,20230507,45,4
27913,199,12,20230427,73,4
27914,212,3,20240610,81,3
27915,75,8,20241209,37,5
27916,174,12,20230210,97,3
27917,142,7,20230821,20,4
27918,216,4,20230312,86,3
27919,162,1,20221014,37,4
27920,84,14,20211212,37,3
27921,87,7,20210318,46,1
27922,53,3,20211106,95,5
27923,1,14,20230113,63,5
27924,167,5,20240808,9,1
27925,24,1,20230125,87,3
27926,186,2,20220302,28,5
27927,80,2,20230711,87,4
27928,119,5,20241124,99,4
27929,155,10,20210915,34,4
27930,59,2,20240917,89,3
27931,135,11,20220923,54,5
27932,53,11,20210821,82,5
27933,118,8,20210728,21,5
27934,38,2,20241121,10,3
27935,105,11,20230128,86,2
27936,125,11,20220828,96,5
27937,44,2,20241122,45,1
27938,231,12,20220917,19,1
27939,159,12,20210313,11,4
27940,124,9,20221208,84,4
27941,30,6,20240518,88,5
27942,225,12,20240710,74,1
27943,158,14,20220713,83,1
27944,134,8,20240310,92,5
27945,240,10,20210714,14,5
27946,148,5,20230418,35,4
27947,29,5,20240824,14,3
27948,172,5,20220825,33,4
27949,176,1,20210918,37,2
27950,73,13,20230919,91,2
27951,23,10,20230920,34,4
27952,239,13,20240218,5,2
27953,245,11,20230816,21,3
27954,2,7,20221005,74,2
27955,135,6,20220428,86,4
27956,87,14,20240414,48,5
27957,247,5,20220321,21,3
27958,184,8,20220423,64,3
27959,165,13,20220513,44,3
27960,173,8,20240112,4,4
27961,158,13,20210508,13,2
27962,191,2,20230609,74,5
27963,12,2,20240202,74,1
27964,232,3,20220914,88,2
27965,141,10,20241023,43,4
27966,102,13,20211108,16,1
27967,127,5,20230309,70,1
27968,139,5,20220818,28,3
27969,77,13,20241004,22,1
27970,49,1,20230724,61,3
27971,34,1,20240520,19,1
27972,117,4,20230214,45,2
27973,9,5,20241216,97,1
27974,130,12,20220427,21,1
27975,165,11,20210322,30,3
27976,107,9,20230519,53,4
27977,174,10,20230218,85,2
27978,58,6,20230625,68,5
27979,229,2,20230325,8,5
27980,62,7,20210126,3,5
27981,250,1,20230112,58,2
27982,230,2,20210826,32,1
27983,173,3,20241015,91,2
27984,186,9,20240716,71,1
27985,174,13,20230109,27,3
27986,244,10,20221125,13,2
27987,16,13,20230202,58,4
27988,191,10,20241222,59,1
27989,195,8,20210317,56,2
27990,246,12,20210723,5,5
27991,152,5,20220224,37,3
27992,185,7,20210519,6,4
27993,166,10,20211226,70,5
27994,90,8,20220524,24,4
27995,97,6,20230122,85,1
27996,95,12,20230820,19,3
27997,128,13,20230409,65,4
27998,59,9,20220225,41,2
27999,170,4,20230222,53,3
28000,52,2,20240101,12,3
28001,205,7,20240625,91,3
28002,14,14,20240106,18,1
28003,205,7,20210119,67,3
28004,207,6,20211207,36,4
28005,26,10,20221021,21,5
28006,169,3,20230713,90,3
28007,250,10,20240627,30,4
28008,125,14,20220413,34,2
28009,225,8,20221111,86,5
28010,71,9,20240815,37,1
28011,231,11,20210521,81,4
28012,223,11,20210919,33,2
28013,117,1,20221003,96,3
28014,159,7,20221012,91,2
28015,214,12,20220222,59,2
28016,135,10,20210610,39,1
28017,56,2,20241105,19,2
28018,65,14,20230407,47,4
28019,54,4,20210114,58,2
28020,76,7,20210424,82,4
28021,178,8,20240612,37,5
28022,227,2,20210705,94,5
28023,235,9,20241115,70,3
28024,95,12,20240606,45,4
28025,202,13,20241219,60,1
28026,183,5,20220619,56,5
28027,115,12,20221208,47,5
28028,111,11,20231211,34,5
28029,94,4,20240713,21,1
28030,33,2,20241127,0,1
28031,208,14,20210809,53,4
28032,20,12,20221008,73,2
28033,53,6,20231017,21,4
28034,119,8,20220321,93,5
28035,17,5,20240715,63,2
28036,144,5,20240319,35,2
28037,216,2,20240723,86,4
28038,240,4,20221120,1,5
28039,94,3,20220419,96,5
28040,23,9,20221125,92,3
28041,248,10,20230311,70,3
28042,169,6,20220614,3,1
28043,174,11,20210917,25,2
28044,94,3,20211016,28,3
28045,69,3,20220708,67,4
28046,171,6,20210627,79,4
28047,109,4,20210828,65,3
28048,1,3,20240420,86,1
28049,106,14,20210524,91,1
28050,171,7,20230421,71,2
28051,202,7,20240818,7,1
28052,9,2,20220523,81,4
28053,91,12,20231124,90,5
28054,14,6,20220119,66,1
28055,146,10,20240718,68,2
28056,137,8,20230113,21,4
28057,169,4,20231126,92,1
28058,221,1,20210509,91,5
28059,50,9,20240203,63,3
28060,117,8,20220221,33,2
28061,66,7,20210717,68,5
28062,141,7,20220712,15,1
28063,236,12,20220412,47,4
28064,116,9,20240122,41,3
28065,53,14,20240524,23,2
28066,60,13,20220916,33,4
28067,10,2,20240318,55,4
28068,105,14,20230107,73,4
28069,171,5,20210211,21,2
28070,162,13,20231217,27,5
28071,8,6,20210405,36,4
28072,226,5,20231012,8,1
28073,240,14,20210208,79,1
28074,188,3,20240916,23,4
28075,76,2,20230119,85,3
28076,113,8,20240719,52,3
28077,198,12,20220905,32,3
28078,48,6,20220819,32,5
28079,242,6,20230709,54,4
28080,250,4,20240704,4,5
28081,45,1,20241217,13,3
28082,12,10,20230622,13,5
28083,40,5,20240908,70,4
28084,56,7,20241106,6,1
28085,230,8,20221118,40,5
28086,82,10,20241227,36,1
28087,56,14,20210305,33,4
28088,74,13,20231024,19,5
28089,99,11,20230413,18,4
28090,86,7,20220906,94,4
28091,189,12,20240115,26,5
28092,197,2,20230513,26,3
28093,112,4,20230914,99,5
28094,58,9,20220508,73,3
28095,111,5,20211016,11,4
28096,228,10,20210910,42,3
28097,55,1,20241113,19,1
28098,241,6,20220213,26,4
28099,141,14,20210104,81,2
28100,164,5,20230614,17,5
28101,60,5,20230702,23,4
28102,145,13,20240712,60,2
28103,89,13,20240325,67,1
28104,71,1,20220122,99,5
28105,230,12,20210710,19,5
28106,1,11,20220308,55,5
28107,90,6,20240428,6,1
28108,237,1,20210215,45,5
28109,207,2,20210201,67,5
28110,145,9,20211102,0,1
28111,242,4,20210523,49,2
28112,167,11,20220225,53,1
28113,44,5,20230702,2,2
28114,212,13,20230915,70,4
28115,235,5,20240226,5,5
28116,248,13,20230912,55,5
28117,41,11,20230621,79,5
28118,231,9,20230505,64,5
28119,190,10,20240225,27,2
28120,58,11,20221222,53,4
28121,202,2,20231010,74,4
28122,84,8,20220227,48,2
28123,220,11,20230617,33,4
28124,197,12,20230817,53,1
28125,219,9,20230624,36,4
28126,9,3,20210808,39,1
28127,129,4,20230609,86,1
28128,189,3,20241115,57,2
28129,240,5,20220822,5,5
28130,124,12,20230302,25,1
28131,176,1,20240311,72,3
28132,126,8,20210920,58,1
28133,38,9,20210412,70,1
28134,24,14,20240624,95,4
28135,98,11,20220121,2,2
28136,239,4,20240922,24,3
28137,173,6,20240513,73,5
28138,87,13,20241106,30,1
28139,211,2,20240116,42,1
28140,140,7,20231213,38,4
28141,193,9,20211227,65,3
28142,87,9,20240111,91,5
28143,203,4,20241206,81,4
28144,196,7,20211104,86,2
28145,88,12,20211012,48,3
28146,242,9,20240421,36,5
28147,18,4,20211102,61,4
28148,185,2,20220115,69,4
28149,122,9,20230708,8,5
28150,225,1,20221009,95,3
28151,77,11,20220815,73,5
28152,54,9,20240602,52,3
28153,233,7,20211227,51,2
28154,170,13,20221123,58,3
28155,241,4,20240419,66,5
28156,107,14,20220423,34,4
28157,89,2,20240802,17,4
28158,186,8,20230314,66,2
28159,80,6,20240611,51,1
28160,15,10,20211006,87,3
28161,171,12,20230809,35,5
28162,137,9,20240803,10,4
28163,168,12,20220202,56,4
28164,159,10,20240410,99,5
28165,209,10,20240325,30,4
28166,5,2,20240406,56,2
28167,139,11,20211211,25,3
28168,220,3,20230701,9,1
28169,218,10,20240728,82,3
28170,168,8,20221204,48,1
28171,119,11,20240804,1,3
28172,189,7,20210825,44,1
28173,19,9,20230215,33,5
28174,167,12,20240325,98,1
28175,83,6,20210514,97,5
28176,228,3,20240126,50,2
28177,141,8,20241110,66,1
28178,233,10,20230102,34,4
28179,154,14,20240607,88,4
28180,227,9,20220807,10,1
28181,165,14,20220622,50,5
28182,83,4,20230710,50,3
28183,223,8,20230512,92,4
28184,119,9,20220226,44,2
28185,90,14,20231028,97,4
28186,151,11,20210322,70,4
28187,25,6,20240327,83,5
28188,5,1,20231108,42,5
28189,223,1,20230721,72,1
28190,14,1,20210409,15,1
28191,160,9,20230728,61,1
28192,245,12,20230708,38,2
28193,141,9,20241009,4,4
28194,248,14,20230404,3,5
28195,243,8,20220311,49,1
28196,13,14,20221209,7,2
28197,172,4,20240916,68,2
28198,177,10,20240111,69,2
28199,247,2,20241021,92,3
28200,31,9,20211013,71,1
28201,27,14,20220122,61,5
28202,173,13,20210304,69,2
28203,191,10,20220615,30,5
28204,88,14,20210505,98,5
28205,166,9,20221103,18,4
28206,237,10,20211228,62,1
28207,195,7,20210213,72,3
28208,238,6,20220609,29,2
28209,225,9,20240921,56,5
28210,213,3,20210506,72,3
28211,85,4,20220810,85,2
28212,18,8,20220822,1,2
28213,242,7,20220121,83,4
28214,212,4,20220609,74,4
28215,144,10,20220222,85,5
28216,106,5,20240519,84,3
28217,152,8,20220127,87,3
28218,233,4,20211124,76,4
28219,204,12,20241013,40,5
28220,94,11,20220823,58,4
28221,62,4,20210705,96,3
28222,41,7,20230720,91,4
28223,4,1,20230524,24,3
28224,247,11,20210404,38,4
28225,99,2,20240926,58,4
28226,74,6,20240418,21,1
28227,157,13,20220826,70,2
28228,141,11,20230505,60,5
28229,250,6,20221205,79,3
28230,23,11,20210612,32,4
28231,184,7,20241224,9,4
28232,115,3,20231106,55,2
28233,52,1,20240801,19,3
28234,220,4,20220408,29,3
28235,72,8,20230506,89,4
28236,113,11,20230601,20,5
28237,158,14,20211222,17,2
28238,137,13,20240118,18,2
28239,197,12,20240202,56,2
28240,194,13,20241221,27,5
28241,172,4,20210121,18,1
28242,206,13,20231017,58,3
28243,115,11,20241012,79,5
28244,15,8,20220704,51,4
28245,159,1,20211214,2,3
28246,94,13,20210704,76,1
28247,73,9,20240610,55,3
28248,169,4,20210205,16,4
28249,208,11,20221204,21,2
28250,205,12,20230118,78,3
28251,26,11,20230816,87,1
28252,60,9,20221122,19,5
28253,188,11,20240504,56,2
28254,74,2,20220202,82,3
28255,55,1,20231103,23,5
28256,44,6,20230519,26,4
28257,93,2,20230613,77,4
28258,78,10,20240822,70,3
28259,148,13,20241215,14,3
28260,70,14,20220904,83,2
28261,121,14,20230107,59,4
28262,15,5,20210612,22,4
28263,205,9,20220214,23,1
28264,20,3,20210828,96,1
28265,161,13,20210304,62,3
28266,36,14,20241008,7,2
28267,102,8,20221123,57,3
28268,227,8,20221125,46,1
28269,229,8,20241110,71,1
28270,211,2,20210710,69,3
28271,152,7,20240122,30,4
28272,208,9,20211209,3,1
28273,6,14,20211217,92,3
28274,86,3,20240104,90,5
28275,83,7,20240428,22,4
28276,174,5,20220523,48,1
28277,19,3,20210307,91,5
28278,19,10,20210311,53,3
28279,152,11,20230314,78,4
28280,37,2,20220421,13,5
28281,217,2,20230716,99,5
28282,216,13,20220517,51,1
28283,145,7,20210918,37,5
28284,86,7,20240327,8,1
28285,56,13,20220228,14,1
28286,20,6,20231203,38,3
28287,149,4,20221013,8,5
28288,200,6,20231015,50,2
28289,184,6,20211107,45,5
28290,122,5,20221114,83,1
28291,97,14,20240920,32,1
28292,47,12,20221119,78,1
28293,199,1,20240103,26,2
28294,171,12,20210525,11,5
28295,207,5,20231019,80,3
28296,57,10,20240125,38,5
28297,99,4,20240408,32,4
28298,180,1,20230712,42,4
28299,170,4,20230911,34,1
28300,121,4,20241210,26,2
28301,19,6,20230310,94,5
28302,169,11,20210324,21,5
28303,84,2,20220202,90,3
28304,222,6,20240412,42,1
28305,108,4,20220128,8,1
28306,104,11,20220606,48,4
28307,56,12,20210622,59,2
28308,65,3,20240925,41,3
28309,52,6,20240618,9,4
28310,243,3,20220902,41,1
28311,1,1,20230324,45,3
28312,162,14,20240727,62,2
28313,23,4,20220710,66,3
28314,147,7,20220109,83,3
28315,217,4,20210423,81,1
28316,192,10,20210211,64,2
28317,192,6,20240109,43,2
28318,234,1,20240225,43,3
28319,17,7,20240725,81,3
28320,231,13,20220520,32,1
28321,11,5,20240722,94,2
28322,186,11,20210211,41,2
28323,154,7,20230918,91,1
28324,176,8,20221026,63,3
28325,166,4,20221111,19,1
28326,210,6,20210905,31,3
28327,219,2,20240806,51,4
28328,246,5,20230112,35,2
28329,54,8,20230317,67,3
28330,10,12,20240425,79,2
28331,244,5,20230121,43,4
28332,197,8,20211207,7,2
28333,175,12,20220523,65,1
28334,170,14,20210410,19,5
28335,165,12,20240704,81,5
28336,202,9,20240828,1,5
28337,80,7,20240824,92,4
28338,166,13,20210602,63,5
28339,229,12,20241206,47,3
28340,225,7,20210324,85,1
28341,29,10,20220313,48,2
28342,103,5,20240628,57,3
28343,142,5,20210410,57,5
28344,11,2,20210504,91,5
28345,10,12,20240311,34,2
28346,107,6,20220606,28,3
28347,108,12,20210824,32,5
28348,213,14,20210424,36,3
28349,195,9,20211225,36,3
28350,230,8,20220201,30,1
28351,156,8,20210212,43,5
28352,185,10,20210617,91,1
28353,210,10,20220913,26,3
28354,209,5,20210119,82,1
28355,42,9,20220527,70,2
28356,31,3,20220205,63,5
28357,101,14,20241015,7,3
28358,167,2,20230419,79,4
28359,223,2,20220516,0,5
28360,107,2,20230127,8,1
28361,104,5,20231224,46,3
28362,208,3,20211127,41,3
28363,126,10,20230709,76,2
28364,161,11,20240921,59,1
28365,169,14,20240715,51,5
28366,218,13,20230604,81,5
28367,221,14,20221011,82,3
28368,106,5,20230411,80,3
28369,28,5,20220903,27,2
28370,3,8,20240121,10,4
28371,90,4,20220815,15,3
28372,74,1,20210921,35,2
28373,209,6,20220408,70,3
28374,21,3,20211215,63,3
28375,104,11,20220913,5,4
28376,214,11,20220926,41,1
28377,111,1,20240723,88,3
28378,82,12,20240310,93,3
28379,158,5,20220502,91,3
28380,93,10,20220802,55,4
28381,192,5,20210626,18,3
28382,79,2,20220107,26,4
28383,215,14,20221004,0,5
28384,33,11,20240511,56,4
28385,247,1,20220901,29,5
28386,157,6,20220915,21,4
28387,68,4,20211015,30,4
28388,9,11,20210308,65,5
28389,127,10,20241104,86,1
28390,122,3,20211001,63,1
28391,142,8,20230914,78,1
28392,145,13,20230805,57,5
28393,81,3,20220903,33,5
28394,215,9,20221013,17,1
28395,159,4,20240414,32,4
28396,237,6,20241127,54,5
28397,133,4,20210522,62,4
28398,171,5,20240526,33,4
28399,16,1,20220810,61,4
28400,172,6,20220727,97,1
28401,241,9,20221114,21,3
28402,97,14,20211225,54,2
28403,20,2,20220620,38,4
28404,143,1,20231209,41,4
28405,135,4,20220116,22,2
28406,209,13,20230617,81,2
28407,17,1,20220117,7,4
28408,168,10,20240106,25,4
28409,214,3,20220814,25,3
28410,226,1,20231119,16,5
28411,16,8,20210913,91,5
28412,8,6,20230403,92,3
28413,219,13,20241008,0,5
28414,41,14,20220618,32,4
28415,218,5,20240913,82,1
28416,129,2,20240804,0,2
28417,179,5,20220308,82,5
28418,31,14,20240601,12,3
28419,113,12,20220819,68,5
28420,148,9,20210812,49,3
28421,174,8,20240614,98,3
28422,19,5,20240904,78,5
28423,5,1,20231118,15,5
28424,162,7,20240520,39,2
28425,202,12,20220320,45,5
28426,183,13,20230116,68,4
28427,12,6,20230909,1,4
28428,10,13,20221009,76,2
28429,236,3,20220720,97,2
28430,166,8,20221028,34,4
28431,53,7,20210515,40,1
28432,113,11,20231016,30,4
28433,240,3,20240903,10,1
28434,194,7,20210410,27,3
28435,83,11,20230522,36,2
28436,130,1,20241105,63,4
28437,218,2,20230128,60,4
28438,84,8,20220106,59,5
28439,108,6,20210705,82,3
28440,110,14,20240926,72,1
28441,129,14,20220115,82,3
28442,118,4,20231225,18,4
28443,28,9,20240805,3,3
28444,220,5,20230306,29,4
28445,138,10,20240318,90,4
28446,177,10,20210405,46,4
28447,3,2,20211028,9,2
28448,114,10,20211011,34,1
28449,102,5,20231115,71,5
28450,149,3,20210507,76,2
28451,174,8,20241203,83,5
28452,142,10,20210611,57,3
28453,204,12,20210907,70,1
28454,175,11,20210224,20,5
28455,190,6,20210401,71,1
28456,207,10,20240922,29,4
28457,42,8,20231015,86,1
28458,180,2,20230426,97,3
28459,40,8,20230619,14,3
28460,127,7,20240923,62,1
28461,249,2,20230724,42,4
28462,70,9,20221208,46,4
28463,115,1,20240317,8,4
28464,105,6,20220723,52,5
28465,183,1,20230406,45,5
28466,71,12,20210302,48,4
28467,224,11,20230902,82,2
28468,77,13,20230914,99,5
28469,211,14,20221109,43,5
28470,209,8,20230224,58,1
28471,58,14,20241006,52,1
28472,12,9,20210607,17,1
28473,194,14,20210705,96,4
28474,90,3,20230201,83,1
28475,94,4,20230422,47,5
28476,21,13,20230920,25,1
28477,53,3,20210201,89,3
28478,103,14,20231222,53,2
28479,12,9,20241012,58,5
28480,104,4,20210107,52,4
28481,63,3,20230622,57,3
28482,196,9,20210111,67,1
28483,175,2,20240219,12,2
28484,74,10,20230410,19,5
28485,183,3,20240609,70,4
28486,124,3,20210515,50,3
28487,152,2,20240910,50,4
28488,32,4,20211105,0,4
28489,162,1,20211127,88,4
28490,3,13,20230426,5,4
28491,58,4,20230123,41,2
28492,245,3,20210512,19,3
28493,34,5,20210619,78,4
28494,107,13,20210511,80,2
28495,143,7,20231209,86,2
28496,223,5,20240705,4,4
28497,164,10,20220928,57,3
28498,146,3,20240514,8,3
28499,118,2,20240515,71,2
28500,173,1,20220208,14,5
28501,100,14,20241014,80,4
28502,20,11,20231010,18,3
28503,122,8,20221203,10,4
28504,4,11,20230521,88,1
28505,247,7,20210809,9,4
28506,112,8,20210916,82,4
28507,182,5,20221105,15,5
28508,91,11,20231019,45,3
28509,59,14,20210312,40,5
28510,183,7,20220314,74,4
28511,16,11,20230904,79,2
28512,208,12,20220124,24,4
28513,6,10,20220308,10,2
28514,125,11,20221006,71,2
28515,107,6,20230102,18,1
28516,175,2,20210927,5,4
28517,34,11,20230709,45,4
28518,8,5,20240811,0,4
28519,242,14,20220627,26,1
28520,33,7,20220212,47,1
28521,151,9,20211105,2,1
28522,69,11,20211024,65,2
28523,18,7,20220806,23,1
28524,205,5,20230517,9,5
28525,120,13,20210727,12,4
28526,15,7,20240627,34,5
28527,208,3,20231127,81,2
28528,234,13,20210923,58,2
28529,178,4,20221128,30,4
28530,248,8,20220807,75,1
28531,206,10,20240512,20,1
28532,124,9,20241015,42,1
28533,148,3,20240921,94,5
28534,75,11,20230115,80,5
28535,250,8,20241122,38,5
28536,244,13,20240728,31,4
28537,62,4,20231005,71,5
28538,70,6,20220510,78,4
28539,167,3,20220725,16,1
28540,210,14,20241015,13,4
28541,2,12,20241018,87,3
28542,84,3,20210104,45,3
28543,143,7,20210703,76,2
28544,97,8,20210521,8,3
28545,108,8,20220427,51,2
28546,93,7,20210814,26,4
28547,201,10,20220324,11,1
28548,228,8,20231219,58,1
28549,191,5,20240102,52,5
28550,46,5,20240224,60,1
28551,109,13,20240510,34,3
28552,198,4,20210323,37,1
28553,21,1,20210221,67,3
28554,71,4,20220323,29,2
28555,193,5,20230616,94,2
28556,68,13,20210227,53,5
28557,55,6,20220224,93,3
28558,21,9,20240504,93,2
28559,162,11,20240624,60,3
28560,47,11,20230224,27,4
28561,229,13,20210906,93,4
28562,11,3,20210920,93,4
28563,10,6,20210808,47,1
28564,58,10,20231213,13,4
28565,183,7,20241019,36,2
28566,46,8,20221222,99,3
28567,49,12,20230905,82,5
28568,88,11,20220318,49,1
28569,133,8,20230418,85,3
28570,119,3,20230725,0,4
28571,189,5,20210515,56,5
28572,107,12,20210723,87,1
28573,230,4,20210503,97,2
28574,207,9,20210318,93,1
28575,114,2,20241121,20,3
28576,130,2,20211226,91,4
28577,241,1,20210905,66,5
28578,167,9,20230518,83,4
28579,180,5,20240102,41,4
28580,80,12,20221106,11,1
28581,247,1,20231014,76,5
28582,130,12,20210515,63,4
28583,48,8,20241106,1,1
28584,146,9,20240512,82,4
28585,35,1,20240304,11,4
28586,24,11,20240311,7,1
28587,233,6,20220118,20,3
28588,113,8,20210317,52,3
28589,42,7,20240314,30,1
28590,119,12,20210506,65,2
28591,107,7,20220105,76,1
28592,129,7,20211019,77,2
28593,26,13,20210417,75,5
28594,140,13,20220607,80,2
28595,6,10,20221221,98,1
28596,150,11,20241120,41,5
28597,121,9,20240724,25,5
28598,236,9,20230724,9,3
28599,115,11,20210714,84,2
28600,235,1,20211115,51,5
28601,72,10,20240301,56,1
28602,17,10,20240104,95,1
28603,228,11,20230203,26,3
28604,129,8,20211202,85,1
28605,106,13,20230804,79,2
28606,101,8,20210420,16,3
28607,51,1,20230314,65,1
28608,100,6,20231117,80,2
28609,67,2,20221006,67,4
28610,110,8,20210224,42,2
28611,155,9,20241027,87,2
28612,125,12,20211103,23,3
28613,189,8,20221206,71,4
28614,101,8,20211023,70,2
28615,147,6,20230601,79,2
28616,42,11,20240214,55,3
28617,188,14,20220222,49,3
28618,10,5,20240622,7,2
28619,120,2,20220701,97,4
28620,110,10,20210724,28,4
28621,44,12,20240327,77,1
28622,20,7,20231224,57,3
28623,225,12,20240203,17,1
28624,207,3,20241120,6,4
28625,118,6,20220420,43,4
28626,82,3,20230214,59,3
28627,159,14,20221103,66,3
28628,119,7,20220627,67,5
28629,104,7,20220101,33,2
28630,228,11,20220217,37,4
28631,93,7,20230425,24,3
28632,133,11,20221128,61,4
28633,241,7,20240927,55,3
28634,48,14,20210727,56,2
28635,199,11,20241105,71,4
28636,78,2,20230513,98,5
28637,26,7,20240922,83,1
28638,27,5,20221225,62,3
28639,85,9,20240306,24,2
28640,236,6,20220206,91,1
28641,30,14,20230806,57,5
28642,227,12,20230811,2,5
28643,184,13,20210918,64,2
28644,191,3,20240611,7,2
28645,187,10,20220119,58,1
28646,25,14,20210223,5,2
28647,157,4,20230917,43,1
28648,93,3,20210807,58,3
28649,151,12,20220920,1,5
28650,102,9,20220713,50,4
28651,89,2,20230126,2,1
28652,6,4,20220217,9,4
28653,218,12,20240204,96,4
28654,200,8,20220915,2,4
28655,153,7,20211222,80,3
28656,221,12,20230110,41,2
28657,128,7,20210815,68,2
28658,115,4,20230109,65,5
28659,219,4,20221108,78,1
28660,16,12,20240417,49,1
28661,82,1,20210803,8,5
28662,187,5,20221225,24,1
28663,37,3,20231124,8,5
28664,231,11,20241218,82,4
28665,183,6,20230306,90,3
28666,250,8,20220903,51,5
28667,169,12,20210715,84,3
28668,215,10,20240316,2,1
28669,70,3,20211220,36,1
28670,22,10,20220520,43,3
28671,186,12,20221003,44,5
28672,201,6,20230701,97,2
28673,228,9,20240702,2,2
28674,73,14,20210701,82,1
28675,43,9,20241212,0,2
28676,106,1,20220806,68,4
28677,27,1,20240826,50,4
28678,55,5,20211008,3,4
28679,145,11,20240410,36,3
28680,64,8,20230519,34,2
28681,232,6,20221124,76,2
28682,32,1,20220117,45,3
28683,173,5,20240621,1,5
28684,248,11,20211201,13,3
28685,74,9,20211119,65,5
28686,113,13,20240827,74,1
28687,41,8,20241110,51,4
28688,216,10,20230410,81,5
28689,128,9,20240926,81,1
28690,12,6,20240602,6,4
28691,172,9,20210124,18,2
28692,226,6,20210513,23,1
28693,58,9,20221006,30,2
28694,56,8,20240815,39,5
28695,192,1,20211205,27,1
28696,177,13,20230719,33,1
28697,103,10,20230424,26,4
28698,4,4,20240723,42,3
28699,58,5,20240103,22,2
28700,204,4,20240726,67,3
28701,144,11,20220914,8,1
28702,56,3,20210709,79,5
28703,172,7,20241022,19,4
28704,134,6,20211114,50,2
28705,10,6,20220616,48,3
28706,141,2,20230607,89,5
28707,92,3,20240103,71,4
28708,27,4,20240808,34,4
28709,154,8,20220622,74,5
28710,65,11,20210916,63,1
28711,136,5,20230406,33,4
28712,232,12,20210906,63,5
28713,168,4,20221019,56,1
28714,28,14,20220112,61,3
28715,50,7,20220517,63,4
28716,218,11,20210124,77,2
28717,165,13,20220722,44,5
28718,67,1,20220610,95,1
28719,77,8,20221110,67,2
28720,80,14,20221207,18,3
28721,135,12,20230118,70,1
28722,154,8,20211121,79,5
28723,33,7,20240415,17,2
28724,133,13,20240510,35,3
28725,177,5,20211127,47,5
28726,247,10,20230702,91,2
28727,245,14,20241121,32,3
28728,76,11,20241002,65,3
28729,132,13,20241109,13,1
28730,99,6,20210201,90,4
28731,41,11,20230301,88,5
28732,59,1,20230114,81,3
28733,54,5,20211123,12,4
28734,189,7,20230407,25,4
28735,201,13,20240922,10,5
28736,225,6,20220913,0,1
28737,15,3,20220719,7,4
28738,237,5,20221108,57,5
28739,49,5,20240927,37,3
28740,35,3,20240116,70,4
28741,147,10,20220825,82,3
28742,211,7,20210624,3,1
28743,37,13,20230920,93,2
28744,24,4,20220109,97,5
28745,242,1,20230217,29,1
28746,67,8,20230923,69,3
28747,42,12,20220701,78,2
28748,187,6,20211111,62,3
28749,166,14,20230415,42,2
28750,79,5,20211026,73,2
28751,89,3,20220413,96,3
28752,248,8,20230418,13,5
28753,96,5,20230705,38,2
28754,124,6,20230721,36,1
28755,9,13,20230613,58,3
28756,132,8,20220725,44,2
28757,227,13,20240119,96,3
28758,55,10,20220528,45,5
28759,16,6,20230309,27,2
28760,179,7,20210616,11,4
28761,54,4,20240523,32,1
28762,149,14,20230718,39,2
28763,249,13,20220216,22,2
28764,88,6,20210322,75,3
28765,64,1,20230623,19,4
28766,222,2,20210901,75,1
28767,25,13,20220815,60,5
28768,180,7,20240603,0,4
28769,233,8,20240621,63,1
28770,105,2,20220720,37,5
28771,3,10,20220102,75,1
28772,239,5,20240722,92,4
28773,103,4,20231226,81,4
28774,138,4,20240302,16,4
28775,104,4,20241024,78,4
28776,72,9,20211210,32,1
28777,236,11,20241123,87,3
28778,74,5,20240509,41,1
28779,159,12,20230514,89,5
28780,74,3,20210302,63,2
28781,123,12,20210117,85,3
28782,133,7,20230819,10,2
28783,246,4,20230106,98,2
28784,13,3,20211128,90,3
28785,123,3,20230122,88,5
28786,102,3,20240727,10,4
28787,162,12,20210508,12,1
28788,204,4,20210809,78,5
28789,68,7,20220928,28,5
28790,66,5,20220913,74,1
28791,82,12,20240922,26,2
28792,61,5,20210113,87,4
28793,59,13,20230318,42,3
28794,168,6,20220612,90,3
28795,104,4,20230614,7,2
28796,20,6,20210927,67,4
28797,210,3,20230515,76,4
28798,75,3,20210915,31,2
28799,168,13,20220426,56,5
28800,63,12,20220523,75,4
28801,154,4,20230804,64,5
28802,185,9,20240618,33,2
28803,237,10,20240209,82,5
28804,77,1,20240410,13,4
28805,132,8,20221215,46,2
28806,159,8,20231111,98,5
28807,154,7,20221108,49,4
28808,20,8,20230109,94,1
28809,73,4,20241113,15,5
28810,15,5,20220219,0,3
28811,170,1,20210117,12,5
28812,10,2,20220217,54,4
28813,141,7,20240608,87,4
28814,145,7,20210107,95,3
28815,130,5,20221112,82,5
28816,249,5,20220321,85,3
28817,137,5,20220818,42,2
28818,98,10,20230810,40,1
28819,83,8,20210715,79,3
28820,20,13,20230428,67,1
28821,3,7,20220822,9,1
28822,95,10,20220804,8,4
28823,33,11,20211004,80,2
28824,224,1,20221213,99,4
28825,178,11,20230623,98,4
28826,8,9,20240422,75,2
28827,155,12,20220803,95,4
28828,209,5,20240604,49,3
28829,99,10,20211004,56,5
28830,24,14,20231107,64,4
28831,86,6,20230612,64,4
28832,183,10,20221021,63,4
28833,20,10,20240705,5,2
28834,189,11,20221226,97,2
28835,238,3,20230807,60,3
28836,40,8,20210722,39,3
28837,194,7,20231028,56,1
28838,202,2,20210328,78,5
28839,105,4,20211004,22,5
28840,55,2,20231028,24,5
28841,186,4,20210813,56,5
28842,233,10,20221218,34,4
28843,134,5,20240127,88,1
28844,220,9,20220618,68,2
28845,76,12,20240725,70,3
28846,59,3,20210918,93,5
28847,184,14,20240705,3,1
28848,137,3,20230620,11,4
28849,190,9,20210202,60,2
28850,242,13,20211006,82,3
28851,134,2,20240206,8,1
28852,71,13,20220227,46,4
28853,153,2,20210110,63,2
28854,238,12,20240420,45,5
28855,67,9,20220526,69,4
28856,30,1,20220119,1,1
28857,76,14,20210715,9,3
28858,178,10,20230102,28,1
28859,75,1,20230317,4,3
28860,69,11,20220917,68,3
28861,148,14,20210219,29,5
28862,49,8,20240803,13,2
28863,32,3,20230921,90,4
28864,37,6,20230816,11,5
28865,244,13,20230922,58,2
28866,50,6,20230410,60,1
28867,166,12,20220806,24,3
28868,191,1,20240305,28,3
28869,76,14,20240201,86,3
28870,239,9,20230217,89,1
28871,219,8,20221111,40,4
28872,179,9,20221013,16,1
28873,58,12,20241216,56,4
28874,58,12,20221201,45,5
28875,104,6,20231013,23,2
28876,229,4,20240912,40,4
28877,190,5,20220716,42,1
28878,219,11,20210512,57,5
28879,144,6,20210515,34,4
28880,114,7,20240122,44,1
28881,154,1,20220911,57,4
28882,136,11,20220611,58,5
28883,72,4,20240326,61,3
28884,10,1,20220823,66,2
28885,152,8,20220806,31,2
28886,71,7,20220813,51,4
28887,42,13,20221228,62,4
28888,206,2,20231020,29,5
28889,56,14,20210121,54,5
28890,134,1,20220527,17,2
28891,50,8,20240620,21,1
28892,23,2,20210604,94,4
28893,117,8,20221215,55,3
28894,146,12,20230619,65,2
28895,195,9,20210510,25,1
28896,147,7,20220928,8,2
28897,45,13,20220607,47,4
28898,160,14,20240319,50,2
28899,73,7,20240721,78,4
28900,142,13,20220524,47,5
28901,106,3,20240710,9,1
28902,150,5,20220501,18,3
28903,159,10,20220414,14,3
28904,19,11,20220622,82,1
28905,161,14,20241215,13,5
28906,1,11,20211128,36,5
28907,250,9,20241116,58,4
28908,95,3,20211215,4,1
28909,215,14,20210814,72,1
28910,249,8,20220202,18,4
28911,18,13,20220225,73,1
28912,149,13,20240724,60,3
28913,225,10,20230515,26,1
28914,28,11,20230118,76,4
28915,14,3,20210615,76,3
28916,46,8,20220321,82,5
28917,116,12,20230912,94,3
28918,141,1,20240106,44,4
28919,5,8,20240409,10,5
28920,92,10,20230828,2,1
28921,17,8,20210717,48,4
28922,107,10,20210123,59,4
28923,123,7,20211025,43,3
28924,210,10,20230320,71,2
28925,98,9,20240419,64,5
28926,220,1,20220725,14,3
28927,139,13,20230607,45,3
28928,84,6,20231002,93,2
28929,2,5,20220325,73,4
28930,197,9,20210421,3,3
28931,84,1,20211003,42,5
28932,137,14,20221013,71,5
28933,124,13,20220605,64,4
28934,15,12,20221103,14,1
28935,23,5,20240603,34,2
28936,145,12,20221112,56,5
28937,62,12,20210828,98,3
28938,194,4,20210701,80,3
28939,104,13,20230208,87,3
28940,37,12,20210203,56,1
28941,204,2,20211122,76,4
28942,215,6,20211006,85,1
28943,113,13,20210324,35,1
28944,213,10,20240917,36,4
28945,50,14,20231118,81,2
28946,86,13,20211028,99,1
28947,180,7,20210215,85,2
28948,223,7,20220413,13,1
28949,68,8,20230120,91,5
28950,43,11,20220805,43,5
28951,142,3,20220602,40,4
28952,37,9,20210323,95,5
28953,175,6,20241010,78,5
28954,237,8,20240418,64,2
28955,12,3,20240428,5,4
28956,198,4,20220918,20,5
28957,117,11,20220217,38,4
28958,64,14,20210209,54,5
28959,196,7,20210507,23,2
28960,183,12,20241022,13,5
28961,184,3,20231228,49,1
28962,7,4,20210123,93,2
28963,80,5,20240522,91,5
28964,41,14,20240901,72,5
28965,87,13,20210218,28,5
28966,41,2,20240625,66,1
28967,219,12,20241212,43,1
28968,220,13,20210826,97,5
28969,198,8,20210820,77,5
28970,135,7,20220109,69,5
28971,27,6,20230117,21,4
28972,205,2,20240502,17,3
28973,52,11,20230924,92,5
28974,155,2,20240315,82,3
28975,85,11,20240224,41,3
28976,95,7,20240802,50,2
28977,170,11,20220805,44,2
28978,5,12,20220810,23,5
28979,125,10,20210828,56,5
28980,222,3,20210911,81,1
28981,36,1,20240714,35,2
28982,126,5,20221105,41,5
28983,56,4,20240107,16,3
28984,79,5,20220117,26,5
28985,23,2,20231010,0,4
28986,109,13,20231211,9,2
28987,61,4,20231119,62,3
28988,196,4,20211007,54,1
28989,199,1,20210312,63,4
28990,156,11,20210312,22,2
28991,86,14,20240120,83,5
28992,246,13,20211104,68,4
28993,34,12,20220606,99,3
28994,188,2,20241018,4,5
28995,25,3,20210602,86,5
28996,167,5,20240715,87,4
28997,151,4,20220425,72,2
28998,67,3,20240615,29,3
28999,230,7,20211120,15,5
29000,95,14,20220613,7,3
29001,7,12,20220202,92,3
29002,99,3,20220513,39,4
29003,230,11,20220102,6,1
29004,226,8,20210616,36,1
29005,47,3,20240820,65,5
29006,141,14,20231216,45,3
29007,156,6,20230303,92,2
29008,238,7,20220724,4,5
29009,106,2,20240827,79,5
29010,127,14,20241108,10,3
29011,27,14,20221104,55,2
29012,113,12,20220914,49,2
29013,129,14,20230717,23,1
29014,119,11,20210123,56,2
29015,163,12,20210811,0,5
29016,34,1,20220806,49,3
29017,181,6,20230408,37,5
29018,188,12,20210708,81,3
29019,162,10,20231220,98,4
29020,233,6,20220503,73,3
29021,206,8,20240523,73,2
29022,112,12,20240805,82,2
29023,210,12,20211115,87,1
29024,163,3,20210722,8,3
29025,46,2,20210615,69,3
29026,199,14,20221213,4,4
29027,125,4,20230703,95,4
29028,96,1,20220709,66,5
29029,165,5,20210802,32,2
29030,223,12,20221125,7,4
29031,148,10,20240914,25,3
29032,13,12,20210907,59,4
29033,191,13,20220828,44,4
29034,125,12,20221222,45,3
29035,19,1,20220524,18,4
29036,203,2,20210414,48,3
29037,196,11,20240517,60,1
29038,155,13,20220201,14,5
29039,116,10,20210810,79,2
29040,33,9,20210401,87,1
29041,223,10,20220418,39,4
29042,116,10,20240701,93,1
29043,39,14,20210216,8,4
29044,20,8,20220920,44,5
29045,217,11,20240404,92,4
29046,142,9,20240403,2,4
29047,75,10,20211103,66,4
29048,171,3,20220103,86,3
29049,114,12,20240413,10,5
29050,146,12,20230509,42,4
29051,29,3,20220624,12,2
29052,196,3,20230301,13,2
29053,127,2,20241118,77,3
29054,1,6,20240506,59,1
29055,98,9,20240620,85,1
29056,144,14,20220104,12,5
29057,250,13,20230719,76,4
29058,214,9,20210721,0,3
29059,112,14,20220609,63,5
29060,197,3,20240524,72,3
29061,206,14,20210524,44,3
29062,217,6,20230117,23,2
29063,184,9,20230506,65,4
29064,233,5,20240414,49,5
29065,166,12,20210911,47,1
29066,128,13,20230526,92,2
29067,101,9,20221105,45,3
29068,134,11,20211211,42,1
29069,157,8,20220528,31,2
29070,228,2,20210505,93,1
29071,127,10,20210815,33,4
29072,33,2,20230219,59,2
29073,172,12,20230506,28,4
29074,43,1,20220101,56,5
29075,125,11,20211104,68,2
29076,121,6,20240318,97,4
29077,30,1,20230508,15,4
29078,208,13,20210502,68,5
29079,152,10,20240219,93,3
29080,181,8,20220309,18,3
29081,196,4,20210315,93,1
29082,157,6,20221008,97,1
29083,73,3,20210611,82,5
29084,154,3,20230504,25,5
29085,194,12,20220512,17,4
29086,29,3,20231227,13,3
29087,229,4,20221118,43,3
29088,132,6,20221001,88,5
29089,243,10,20211124,3,1
29090,151,3,20210220,15,3
29091,200,12,20230301,63,3
29092,174,1,20230518,91,1
29093,235,11,20220118,77,5
29094,29,8,20220316,7,2
29095,89,7,20221023,1,4
29096,17,4,20221022,60,1
29097,181,13,20210205,7,3
29098,125,2,20210502,99,3
29099,131,3,20210627,29,4
29100,69,5,20240215,5,4
29101,247,6,20230316,64,1
29102,107,13,20230721,67,5
29103,44,6,20240924,34,2
29104,22,11,20231210,5,1
29105,187,3,20240211,59,2
29106,119,5,20210105,81,2
29107,220,11,20220227,5,1
29108,1,2,20221122,2,1
29109,154,1,20210702,63,4
29110,138,13,20210625,43,3
29111,18,9,20220120,15,3
29112,47,7,20220802,75,1
29113,54,9,20240907,47,2
29114,175,13,20230622,32,5
29115,171,2,20221226,93,3
29116,206,5,20240509,39,2
29117,207,10,20210414,66,4
29118,149,11,20241112,53,3
29119,59,14,20240619,42,1
29120,221,11,20231128,34,2
29121,58,8,20241102,87,1
29122,187,7,20221023,39,4
29123,4,8,20220823,69,2
29124,175,12,20220914,77,1
29125,195,11,20220519,38,5
29126,220,12,20221128,75,4
29127,83,11,20220617,20,4
29128,118,12,20240308,23,2
29129,206,3,20220826,32,1
29130,169,9,20210327,20,5
29131,77,5,20210612,16,5
29132,28,12,20221108,19,4
29133,134,4,20230828,8,2
29134,89,9,20211218,45,5
29135,125,3,20210707,5,1
29136,192,3,20240319,12,4
29137,186,6,20241128,23,5
29138,225,11,20211016,64,4
29139,95,7,20220513,43,4
29140,175,8,20210417,0,2
29141,67,5,20231125,33,2
29142,137,7,20211106,47,4
29143,73,10,20221019,16,3
29144,166,13,20220810,21,1
29145,6,2,20220226,13,2
29146,223,5,20240711,57,3
29147,247,1,20210618,5,1
29148,79,8,20231122,4,1
29149,10,3,20230211,7,1
29150,146,6,20231210,85,1
29151,179,10,20210907,35,4
29152,153,8,20220709,93,5
29153,136,11,20230221,76,5
29154,163,13,20231215,89,4
29155,107,2,20220802,58,4
29156,151,12,20240322,65,4
29157,163,9,20220825,41,1
29158,114,5,20230318,0,4
29159,122,8,20230128,22,4
29160,119,6,20230724,2,3
29161,39,8,20240620,11,2
29162,149,8,20240817,33,5
29163,56,12,20220621,46,4
29164,239,12,20221019,80,3
29165,217,5,20211207,3,3
29166,31,10,20231117,15,4
29167,59,4,20230725,13,5
29168,207,10,20220419,83,3
29169,235,8,20231214,40,2
29170,68,11,20210928,92,4
29171,231,1,20220714,18,3
29172,189,10,20220622,8,3
29173,167,4,20220401,88,5
29174,148,11,20241015,30,4
29175,96,12,20210501,47,1
29176,142,1,20230621,22,2
29177,41,5,20230204,72,4
29178,14,14,20230728,94,3
29179,203,9,20220321,19,1
29180,180,3,20241204,56,1
29181,118,5,20220125,89,5
29182,229,6,20210608,11,3
29183,163,6,20240518,55,2
29184,34,7,20230428,87,2
29185,182,5,20210402,48,2
29186,68,1,20230612,65,2
29187,166,8,20220528,62,4
29188,15,13,20210922,69,4
29189,186,4,20240919,65,2
29190,148,4,20230707,14,5
29191,106,4,20220107,12,4
29192,48,14,20230902,34,4
29193,192,2,20220206,39,1
29194,152,14,20230406,90,5
29195,28,7,20220426,48,4
29196,40,12,20220524,38,3
29197,89,9,20220828,21,4
29198,76,8,20230601,72,4
29199,203,2,20230614,92,2
29200,23,14,20211121,64,3
29201,18,14,20210710,92,1
29202,11,1,20241001,82,5
29203,54,12,20220703,43,3
29204,87,14,20210201,50,2
29205,127,6,20240104,77,5
29206,181,7,20230201,78,4
29207,203,7,20230211,23,1
29208,152,5,20231018,12,5
29209,183,11,20211022,82,1
29210,183,2,20230716,30,5
29211,117,9,20211001,48,1
29212,81,9,20240820,63,2
29213,230,7,20241119,37,5
29214,42,11,20210911,79,4
29215,83,4,20231224,44,3
29216,108,8,20241112,93,5
29217,54,1,20221112,40,5
29218,168,2,20220613,72,1
29219,44,1,20210602,53,2
29220,223,7,20220616,38,4
29221,250,12,20220503,43,4
29222,55,10,20220310,14,3
29223,124,12,20230808,50,2
29224,14,10,20230409,39,2
29225,212,11,20210416,57,2
29226,31,4,20210409,36,4
29227,49,4,20240311,13,3
29228,113,10,20230925,10,5
29229,80,3,20210627,73,3
29230,64,9,20231001,85,5
29231,128,5,20230719,60,2
29232,237,12,20241002,59,2
29233,57,7,20210213,82,2
29234,25,9,20210322,35,4
29235,15,2,20230407,15,5
29236,248,6,20210920,80,3
29237,61,14,20220510,46,3
29238,17,6,20220511,8,2
29239,25,7,20210417,88,2
29240,149,1,20220125,85,1
29241,110,5,20220918,42,5
29242,18,1,20230628,21,5
29243,94,10,20241121,5,4
29244,123,10,20221116,29,4
29245,68,6,20220203,96,3
29246,27,10,20210503,49,2
29247,223,10,20210525,20,3
29248,97,7,20211117,69,5
29249,242,8,20220109,79,1
29250,240,11,20230312,28,3
29251,176,7,20240105,23,4
29252,207,12,20240509,92,3
29253,79,10,20220712,66,4
29254,35,13,20210206,56,3
29255,13,5,20220516,90,4
29256,137,11,20231126,12,2
29257,205,14,20221116,41,3
29258,188,9,20240410,14,4
29259,218,1,20240221,67,4
29260,186,13,20240812,19,4
29261,176,13,20220618,8,3
29262,19,12,20230913,72,1
29263,209,3,20220204,4,3
29264,188,10,20220525,40,4
29265,213,1,20220208,32,2
29266,26,12,20210514,36,2
29267,65,2,20240906,88,3
29268,209,3,20230227,16,5
29269,185,13,20240221,14,1
29270,66,6,20221019,12,5
29271,129,10,20231225,61,1
29272,191,8,20220916,73,5
29273,37,10,20210724,62,1
29274,138,9,20231117,98,4
29275,246,11,20210213,34,5
29276,43,11,20230713,58,3
29277,62,1,20211128,13,1
29278,1,5,20210409,60,1
29279,164,2,20240911,81,5
29280,44,11,20241206,37,1
29281,115,10,20220704,5,4
29282,142,10,20240123,42,1
29283,77,8,20210702,95,1
29284,79,5,20220704,19,1
29285,244,8,20210219,73,4
29286,92,5,20220714,26,4
29287,112,11,20221028,0,5
29288,226,7,20221018,99,5
29289,27,7,20211208,78,4
29290,33,3,20211028,27,2
29291,115,9,20210410,79,1
29292,123,12,20210105,15,1
29293,40,4,20230522,63,5
29294,128,6,20231111,52,4
29295,166,12,20230513,30,3
29296,82,4,20240121,56,1
29297,103,1,20240723,12,5
29298,8,14,20240209,76,4
29299,222,3,20230919,62,3
29300,217,13,20220125,79,5
29301,232,3,20221212,41,5
29302,106,6,20210709,24,3
29303,167,5,20211022,64,4
29304,26,14,20220517,37,3
29305,30,2,20220314,92,1
29306,31,13,20220202,15,3
29307,100,2,20220812,7,4
29308,184,10,20230127,22,1
29309,98,7,20220622,83,3
29310,193,13,20211019,0,4
29311,185,5,20241116,45,3
29312,122,3,20240527,45,1
29313,212,12,20230604,96,5
29314,158,6,20241210,97,1
29315,44,13,20231128,28,4
29316,60,5,20220915,85,2
29317,243,9,20210118,74,4
29318,167,8,20220108,48,2
29319,90,2,20211018,29,4
29320,113,7,20240428,6,3
29321,75,9,20240611,26,2
29322,125,8,20220805,74,4
29323,213,6,20210920,11,5
29324,213,4,20221222,29,4
29325,153,14,20211222,80,2
29326,132,2,20210701,20,3
29327,108,2,20240209,1,3
29328,224,1,20220618,19,2
29329,58,8,20220227,9,4
29330,17,8,20220724,18,2
29331,5,11,20220625,17,3
29332,228,13,20220708,57,3
29333,126,12,20221018,94,3
29334,118,3,20220612,38,3
29335,80,3,20221015,82,5
29336,40,14,20230614,78,4
29337,44,4,20210726,55,3
29338,47,10,20210715,67,2
29339,137,4,20210826,42,5
29340,126,11,20211215,24,5
29341,43,9,20240218,70,2
29342,203,10,20240513,35,2
29343,140,9,20230814,79,5
29344,225,7,20240116,21,1
29345,186,4,20220424,11,3
29346,128,14,20240412,12,5
29347,80,5,20220619,59,3
29348,212,8,20240916,28,4
29349,107,5,20241017,27,3
29350,166,7,20240124,38,3
29351,168,6,20231014,94,3
29352,107,5,20231203,73,2
29353,165,13,20211217,27,1
29354,142,14,20241226,97,3
29355,53,12,20220218,4,4
29356,216,9,20210412,84,5
29357,136,2,20240627,57,3
29358,130,14,20240103,91,3
29359,238,1,20231213,68,5
29360,72,5,20211216,92,5
29361,193,8,20221011,59,4
29362,82,6,20241115,67,5
29363,240,14,20210912,94,5
29364,101,13,20240414,42,4
29365,210,8,20210114,82,4
29366,177,12,20230216,46,5
29367,50,10,20231125,6,5
29368,152,4,20210526,27,4
29369,110,7,20240220,76,5
29370,157,4,20211101,9,4
29371,44,2,20210302,76,1
29372,189,12,20230716,38,2
29373,84,8,20230309,77,4
29374,122,12,20220605,4,4
29375,209,12,20220208,57,3
29376,8,5,20220523,45,2
29377,234,14,20220117,49,5
29378,25,5,20220920,56,5
29379,204,5,20210104,78,4
29380,112,9,20221223,73,4
29381,172,14,20230117,73,5
29382,65,9,20230824,89,1
29383,122,3,20230112,72,1
29384,214,4,20231107,38,5
29385,138,11,20241028,26,3
29386,231,12,20221001,79,4
29387,15,13,20240307,13,1
29388,177,4,20220915,62,2
29389,1,4,20210907,38,3
29390,222,6,20230728,8,2
29391,39,1,20230422,31,4
29392,233,4,20220526,90,1
29393,57,5,20230405,36,1
29394,204,5,20241204,66,5
29395,63,12,20210724,19,1
29396,35,8,20211020,11,2
29397,144,13,20220318,80,2
29398,82,2,20231114,77,3
29399,85,8,20231225,93,4
29400,38,8,20210523,96,2
29401,150,2,20220205,97,5
29402,155,4,20241020,80,1
29403,127,6,20230825,76,5
29404,15,2,20240307,59,4
29405,213,5,20220909,54,3
29406,2,12,20220116,4,1
29407,210,13,20240823,8,2
29408,61,14,20241008,13,1
29409,105,1,20241115,24,5
29410,13,13,20240313,61,1
29411,169,13,20210614,73,2
29412,74,8,20230209,0,1
29413,86,2,20241202,57,1
29414,191,6,20210626,38,2
29415,66,2,20220119,59,3
29416,142,14,20230820,4,5
29417,208,7,20220212,69,1
29418,52,6,20241110,59,5
29419,144,6,20221117,60,5
29420,120,1,20230702,85,5
29421,172,1,20210611,58,2
29422,110,4,20241023,30,5
29423,134,7,20240802,55,3
29424,170,2,20221118,31,4
29425,50,8,20231110,85,1
29426,12,11,20220509,93,1
29427,133,11,20221023,83,2
29428,150,14,20241126,87,3
29429,111,12,20211222,63,3
29430,102,4,20230128,21,4
29431,138,3,20220614,76,4
29432,243,14,20220323,19,2
29433,163,8,20240907,77,2
29434,181,4,20230220,29,4
29435,130,8,20210811,28,3
29436,143,9,20220105,85,5
29437,59,7,20231010,94,5
29438,101,13,20240828,53,4
29439,182,4,20240206,70,2
29440,211,10,20240219,63,5
29441,61,3,20210125,47,5
29442,57,8,20210609,63,1
29443,90,1,20240213,49,1
29444,71,9,20210805,25,1
29445,87,7,20210913,33,4
29446,100,8,20220405,86,3
29447,149,2,20220721,14,4
29448,71,3,20210212,19,4
29449,221,9,20240721,4,4
29450,105,5,20230119,73,3
29451,89,2,20230208,20,4
29452,80,7,20220402,35,4
29453,204,7,20221203,61,2
29454,145,12,20240515,10,4
29455,120,12,20210919,25,2
29456,35,2,20221010,57,1
29457,58,7,20220520,63,3
29458,5,10,20221228,79,5
29459,4,14,20210714,25,4
29460,125,8,20230715,91,5
29461,235,14,20211223,61,1
29462,87,5,20241121,97,4
29463,125,2,20231219,48,4
29464,147,8,20231119,15,2
29465,129,10,20240725,69,3
29466,185,10,20230906,69,2
29467,104,10,20210603,1,1
29468,22,12,20230527,52,2
29469,219,5,20231118,97,3
29470,87,10,20220717,81,2
29471,22,3,20220724,99,1
29472,51,1,20211109,14,4
29473,234,5,20211208,38,2
29474,98,6,20211107,39,4
29475,58,7,20231116,54,1
29476,153,14,20210221,40,3
29477,149,4,20211214,30,3
29478,146,5,20221227,39,5
29479,12,14,20240310,88,1
29480,87,9,20240312,51,2
29481,149,10,20210912,46,4
29482,68,2,20240505,41,5
29483,69,8,20230322,34,2
29484,147,14,20231011,34,5
29485,122,2,20231004,1,3
29486,219,3,20240310,89,4
29487,5,3,20241015,73,5
29488,115,2,20230108,91,5
29489,139,3,20240828,74,1
29490,162,13,20240515,7,3
29491,14,7,20240219,84,5
29492,196,1,20220627,61,1
29493,107,7,20230220,85,5
29494,96,13,20240322,22,2
29495,177,9,20230717,42,2
29496,35,14,20210726,56,4
29497,123,8,20241126,36,3
29498,136,14,20240514,48,3
29499,154,10,20220901,82,2
29500,244,3,20220604,74,5
29501,72,13,20230813,69,5
29502,206,1,20240223,99,5
29503,188,4,20210814,75,2
29504,169,7,20240114,19,4
29505,159,3,20240302,38,3
29506,105,14,20241117,84,4
29507,121,7,20220816,64,2
29508,66,11,20230110,98,2
29509,117,13,20240326,22,5
29510,37,12,20231201,75,1
29511,64,12,20220316,6,3
29512,117,10,20241226,11,3
29513,12,7,20240618,64,1
29514,78,4,20220722,4,2
29515,204,6,20210705,38,3
29516,185,10,20211109,26,2
29517,2,13,20240107,92,3
29518,243,4,20220521,76,2
29519,149,9,20210925,3,2
29520,88,7,20220603,62,2
29521,117,6,20221128,4,3
29522,184,4,20220827,7,5
29523,23,6,20230705,48,4
29524,67,7,20220809,60,2
29525,196,11,20221017,62,5
29526,222,12,20220228,15,3
29527,246,9,20220420,73,5
29528,155,6,20210423,93,1
29529,95,8,20211028,75,2
29530,109,8,20220322,79,4
29531,245,1,20240105,95,3
29532,161,13,20230622,1,5
29533,3,14,20240120,81,4
29534,98,11,20230815,44,5
29535,80,6,20220201,85,1
29536,87,4,20220512,81,4
29537,150,3,20221217,33,1
29538,163,2,20221221,96,5
29539,50,1,20221008,72,5
29540,98,5,20210822,36,3
29541,184,5,20220712,23,1
29542,27,4,20221203,7,5
29543,123,14,20220619,2,4
29544,12,3,20210415,7,5
29545,11,13,20240505,3,3
29546,186,1,20240105,47,1
29547,24,7,20230217,2,3
29548,242,9,20240727,84,2
29549,47,10,20220517,5,4
29550,208,14,20230413,6,4
29551,211,11,20230927,64,4
29552,81,5,20231220,87,5
29553,130,13,20240107,88,5
29554,61,5,20220603,89,4
29555,40,13,20210610,28,3
29556,25,8,20211206,15,2
29557,193,10,20240609,15,2
29558,21,10,20231007,63,1
29559,167,12,20211112,10,1
29560,182,7,20221202,28,5
29561,166,11,20230916,8,5
29562,25,1,20231108,16,5
29563,85,3,20220401,7,1
29564,233,2,20230914,31,1
29565,194,8,20211210,65,3
29566,62,13,20231017,18,3
29567,60,2,20221103,83,5
29568,183,1,20240510,0,1
29569,183,6,20230920,83,2
29570,172,7,20220601,89,4
29571,237,14,20240415,73,3
29572,142,6,20241212,74,4
29573,12,7,20241013,89,4
29574,180,6,20220121,60,1
29575,64,9,20240420,19,2
29576,201,7,20220110,98,3
29577,67,14,20240225,46,5
29578,81,12,20210913,97,3
29579,198,5,20220714,52,2
29580,177,8,20210913,76,3
29581,235,12,20210823,13,2
29582,162,4,20230328,25,2
29583,92,10,20241201,14,5
29584,116,14,20220408,53,1
29585,172,12,20240511,73,3
29586,128,12,20240201,77,4
29587,138,2,20220719,15,5
29588,35,10,20230522,25,4
29589,71,5,20240106,17,4
29590,10,8,20220311,13,4
29591,134,12,20230601,19,4
29592,212,4,20230905,12,5
29593,122,13,20210305,52,3
29594,244,1,20241002,58,5
29595,22,13,20240822,82,4
29596,219,4,20210716,34,4
29597,233,1,20230313,78,4
29598,202,10,20230223,66,3
29599,11,7,20211016,91,5
29600,29,14,20211212,24,5
29601,136,3,20230307,82,1
29602,78,3,20210912,40,4
29603,236,4,20231002,49,4
29604,160,3,20240202,49,5
29605,131,10,20220610,52,1
29606,190,3,20220427,69,2
29607,24,12,20221003,4,4
29608,142,3,20240403,6,1
29609,118,3,20220108,19,4
29610,100,3,20220321,22,5
29611,238,12,20220626,4,5
29612,91,1,20241011,63,1
29613,23,5,20210724,5,4
29614,228,1,20230716,34,5
29615,218,13,20231002,16,2
29616,50,3,20230703,28,2
29617,24,7,20240305,90,1
29618,26,6,20240802,44,4
29619,17,5,20240928,68,2
29620,139,9,20241209,41,5
29621,240,2,20240228,31,2
29622,219,7,20221117,98,4
29623,152,9,20220112,52,1
29624,142,1,20210810,2,4
29625,217,14,20211009,76,3
29626,99,1,20210502,77,3
29627,213,7,20241021,10,3
29628,4,9,20221112,38,5
29629,102,14,20241123,63,3
29630,179,10,20210819,90,5
29631,170,12,20230215,73,2
29632,113,10,20221121,37,1
29633,36,1,20240207,14,2
29634,77,11,20221008,32,1
29635,238,7,20230820,75,5
29636,25,8,20240911,53,3
29637,181,7,20240303,60,1
29638,226,1,20240827,60,5
29639,206,2,20210903,78,5
29640,90,1,20230528,23,2
29641,93,8,20230118,77,2
29642,56,10,20220502,30,5
29643,236,13,20210515,12,3
29644,122,1,20210115,74,3
29645,12,11,20240814,98,1
29646,84,3,20210826,11,1
29647,233,4,20240125,70,2
29648,157,12,20221119,4,5
29649,238,9,20230817,57,4
29650,25,4,20211107,30,3
29651,151,11,20220823,19,3
29652,15,4,20211210,97,4
29653,217,5,20220628,98,2
29654,147,3,20231026,3,4
29655,98,2,20220817,77,4
29656,91,5,20211024,80,2
29657,142,6,20240415,97,2
29658,35,2,20230411,98,1
29659,137,1,20230823,62,1
29660,164,7,20230923,31,3
29661,221,6,20231016,53,5
29662,49,9,20221017,59,3
29663,94,9,20240315,35,4
29664,209,6,20241211,77,1
29665,81,1,20240401,71,2
29666,93,5,20220103,91,4
29667,110,13,20240405,0,5
29668,49,3,20221014,58,1
29669,27,5,20240203,6,5
29670,78,11,20230916,81,4
29671,13,14,20211109,76,2
29672,145,5,20220901,4,2
29673,98,3,20230905,0,3
29674,94,14,20240719,55,3
29675,178,10,20220311,38,4
29676,102,11,20241206,49,1
29677,101,12,20240401,47,3
29678,188,6,20210616,93,5
29679,14,12,20240111,60,4
29680,136,1,20220219,71,3
29681,113,2,20210119,76,4
29682,202,6,20231121,14,1
29683,159,7,20230523,61,5
29684,229,12,20221004,41,5
29685,204,2,20231116,59,1
29686,213,14,20240817,20,4
29687,219,1,20220704,97,4
29688,48,10,20231211,79,3
29689,144,5,20220310,94,5
29690,217,2,20230320,6,4
29691,25,12,20230706,85,1
29692,20,4,20230312,34,2
29693,207,12,20230820,87,4
29694,50,5,20230809,32,1
29695,208,4,20230924,20,2
29696,114,12,20220416,80,3
29697,22,9,20210725,15,3
29698,88,8,20230911,27,1
29699,167,13,20220312,30,4
29700,194,1,20210327,66,3
29701,106,13,20231002,48,5
29702,222,9,20220606,22,5
29703,37,11,20220810,78,5
29704,202,10,20210810,31,3
29705,7,6,20240906,88,3
29706,161,7,20231024,26,4
29707,64,13,20240506,45,3
29708,126,14,20240716,90,3
29709,49,6,20230302,28,4
29710,150,5,20230515,2,4
29711,64,6,20211117,20,1
29712,237,9,20211211,42,3
29713,18,11,20220618,21,3
29714,158,13,20230828,12,4
29715,246,14,20220409,50,5
29716,112,10,20210708,76,2
29717,119,9,20221121,0,4
29718,19,1,20210922,22,1
29719,72,3,20240928,65,2
29720,46,5,20210324,82,2
29721,98,12,20220322,15,2
29722,84,13,20230109,9,3
29723,63,9,20241218,38,4
29724,138,9,20240720,12,1
29725,123,5,20220726,14,1
29726,83,13,20220513,70,2
29727,135,2,20240301,56,2
29728,247,14,20231007,86,4
29729,237,7,20240411,25,2
29730,176,10,20211010,67,4
29731,5,5,20231205,74,2
29732,231,6,20240117,38,5
29733,49,11,20240216,76,3
29734,218,3,20240119,71,3
29735,19,8,20231203,61,5
29736,71,14,20211003,84,2
29737,96,10,20210126,10,2
29738,15,14,20211112,74,5
29739,153,10,20231006,33,5
29740,159,4,20211128,51,2
29741,94,14,20230710,39,1
29742,216,5,20230821,94,3
29743,221,3,20211009,7,4
29744,128,9,20210518,87,2
29745,162,11,20240911,7,1
29746,175,4,20211223,0,1
29747,109,1,20231203,30,2
29748,51,8,20220619,52,5
29749,138,4,20210625,92,4
29750,16,12,20240215,26,5
29751,210,9,20230602,42,5
29752,81,6,20220901,71,1
29753,169,8,20210202,25,4
29754,222,4,20241222,56,2
29755,48,6,20241225,47,3
29756,124,7,20211027,81,4
29757,110,5,20231222,77,1
29758,126,9,20240201,68,2
29759,153,10,20220213,78,3
29760,149,2,20210718,34,1
29761,68,9,20220101,48,1
29762,219,8,20240619,69,3
29763,55,6,20220328,86,3
29764,85,6,20230505,63,4
29765,125,8,20210208,97,3
29766,197,6,20220309,90,3
29767,8,8,20220311,72,1
29768,11,8,20230701,52,2
29769,176,6,20241228,21,1
29770,214,7,20240205,57,5
29771,204,6,20241126,78,4
29772,180,6,20210110,20,2
29773,9,4,20210303,61,3
29774,135,9,20211009,76,4
29775,210,1,20241016,86,2
29776,84,11,20231103,11,5
29777,35,13,20210106,73,5
29778,35,5,20240505,37,1
29779,51,7,20240723,38,3
29780,225,4,20220704,77,3
29781,241,4,20220701,72,1
29782,246,3,20210411,18,4
29783,233,6,20210419,85,1
29784,169,13,20211118,28,1
29785,101,4,20210821,18,5
29786,1,6,20230908,86,3
29787,244,2,20210519,28,3
29788,25,9,20221210,2,1
29789,112,5,20230315,84,3
29790,99,12,20210128,84,2
29791,82,2,20231224,51,5
29792,69,13,20230911,96,4
29793,104,7,20220704,25,3
29794,83,6,20230726,91,3
29795,179,8,20220727,27,3
29796,150,1,20210702,66,5
29797,209,7,20220203,46,3
29798,154,2,20231102,96,2
29799,241,6,20241218,58,2
29800,206,13,20230321,29,3
29801,42,9,20231027,21,5
29802,145,6,20220827,0,1
29803,175,5,20210316,12,2
29804,154,13,20211015,91,4
29805,3,7,20230622,22,2
29806,27,4,20240317,76,2
29807,34,2,20230421,60,4
29808,157,3,20231009,34,3
29809,61,8,20220901,27,1
29810,185,9,20240228,96,1
29811,185,12,20220314,55,4
29812,98,14,20220305,12,4
29813,240,4,20230915,67,1
29814,21,14,20230616,37,5
29815,54,13,20211227,1,2
29816,113,9,20240510,12,4
29817,240,4,20220922,41,5
29818,109,9,20231002,18,4
29819,125,3,20240324,90,4
29820,133,4,20231027,92,5
29821,117,6,20220310,42,3
29822,238,11,20221215,2,2
29823,70,3,20230528,32,5
29824,80,1,20210620,18,3
29825,56,8,20210611,67,1
29826,59,11,20230505,40,2
29827,61,12,20211022,97,5
29828,97,5,20210805,12,3
29829,47,13,20230219,98,1
29830,209,10,20211004,31,3
29831,3,8,20241026,52,2
29832,100,9,20241002,34,4
29833,81,11,20220725,12,5
29834,202,5,20210113,80,3
29835,172,3,20240321,79,5
29836,107,10,20230424,59,3
29837,97,3,20210408,66,3
29838,235,4,20221110,27,1
29839,136,9,20230313,60,5
29840,221,13,20210726,92,2
29841,210,7,20241120,70,1
29842,179,13,20240627,54,5
29843,4,1,20220221,17,2
29844,58,3,20230523,16,3
29845,189,9,20220602,32,2
29846,34,11,20230702,79,3
29847,222,1,20220223,86,3
29848,213,8,20220920,78,3
29849,133,13,20230521,55,5
29850,216,4,20231216,85,3
29851,82,4,20240519,33,1
29852,186,10,20210523,52,1
29853,241,4,20210807,65,1
29854,75,7,20220407,64,4
29855,229,12,20240414,28,5
29856,163,7,20231110,71,1
29857,113,2,20221223,14,4
29858,163,3,20211122,95,2
29859,50,6,20211007,95,5
29860,118,3,20231025,18,5
29861,94,4,20220315,81,1
29862,226,6,20230821,60,4
29863,49,1,20210524,16,1
29864,248,12,20241113,94,5
29865,222,8,20230521,22,2
29866,197,11,20231028,78,3
29867,94,10,20210302,3,2
29868,78,13,20220916,78,1
29869,30,13,20220713,53,4
29870,50,6,20220514,0,1
29871,103,5,20240128,59,2
29872,21,1,20240703,34,4
29873,192,14,20230224,5,4
29874,191,8,20210427,83,5
29875,79,8,20240212,84,1
29876,199,14,20210101,1,1
29877,6,11,20210414,33,1
29878,198,2,20210708,79,5
29879,146,1,20210427,5,1
29880,248,8,20240721,73,3
29881,248,1,20230304,63,4
29882,238,3,20230826,13,5
29883,214,11,20220325,68,1
29884,247,6,20230325,54,4
29885,98,6,20221103,80,3
29886,172,2,20211115,97,4
29887,227,4,20230220,30,2
29888,79,14,20220118,68,3
29889,133,1,20220715,4,2
29890,171,11,20230311,23,3
29891,198,8,20210127,4,1
29892,227,1,20210619,62,4
29893,196,7,20221106,12,5
29894,33,5,20220917,35,1
29895,49,7,20210806,80,2
29896,111,3,20210717,97,4
29897,12,13,20210625,75,1
29898,215,7,20211109,99,3
29899,165,6,20240810,81,4
29900,67,5,20230322,22,3
29901,178,2,20230910,52,5
29902,161,12,20240220,3,5
29903,174,3,20210622,49,2
29904,128,10,20240309,4,2
29905,4,14,20240805,26,4
29906,234,12,20240122,0,1
29907,5,4,20220307,88,2
29908,95,4,20221211,71,5
29909,92,6,20210722,44,5
29910,239,8,20210404,5,3
29911,3,3,20240717,98,5
29912,181,8,20231222,73,4
29913,100,1,20220520,97,4
29914,96,10,20240128,83,2
29915,67,1,20220216,90,2
29916,234,8,20240902,18,4
29917,191,11,20241103,38,2
29918,6,4,20240211,0,1
29919,175,14,20221213,99,1
29920,211,12,20231115,44,3
29921,216,8,20230625,29,5
29922,24,5,20240606,79,4
29923,172,7,20221003,55,2
29924,249,3,20210728,61,3
29925,148,5,20230711,19,1
29926,250,14,20231125,38,4
29927,108,14,20221117,37,1
29928,128,14,20230921,4,4
29929,86,3,20240717,66,4
29930,124,10,20230419,25,3
29931,150,6,20220804,59,5
29932,47,8,20240615,56,2
29933,108,8,20220405,82,1
29934,60,7,20241210,3,3
29935,187,5,20210201,11,2
29936,146,5,20210321,99,4
29937,160,4,20221112,6,2
29938,149,1,20230124,48,5
29939,170,14,20230809,67,5
29940,31,14,20220727,99,2
29941,152,6,20240508,32,1
29942,49,10,20230202,81,3
29943,21,8,20240604,43,5
29944,182,3,20231011,54,3
29945,34,9,20210621,47,3
29946,212,2,20210425,56,1
29947,140,1,20210319,1,4
29948,186,8,20240920,82,4
29949,7,13,20231217,89,1
29950,24,2,20240306,53,5
29951,85,7,20220217,27,2
29952,76,13,20220102,85,1
29953,201,13,20230909,85,2
29954,161,6,20240910,73,3
29955,160,11,20231204,1,5
29956,124,14,20230703,71,3
29957,211,13,20240809,58,4
29958,80,5,20230722,9,3
29959,159,11,20210916,27,5
29960,72,11,20221205,50,2
29961,64,7,20220911,88,2
29962,77,5,20241205,95,2
29963,213,2,20210515,11,2
29964,245,4,20240715,52,4
29965,123,9,20220807,28,1
29966,101,1,20240311,83,1
29967,168,7,20241122,83,4
29968,180,3,20240110,63,5
29969,177,2,20220328,92,4
29970,133,3,20231228,42,2
29971,8,2,20211211,52,1
29972,143,5,20230522,60,3
29973,126,4,20221218,58,5
29974,235,7,20230321,0,4
29975,32,9,20210908,61,2
29976,124,13,20220619,66,2
29977,81,6,20220321,37,5
29978,43,3,20220205,95,3
29979,89,6,20220828,85,1
29980,248,3,20240618,27,3
29981,166,14,20230403,37,5
29982,45,4,20210628,78,5
29983,38,1,20211121,9,5
29984,165,2,20240402,12,2
29985,138,14,20220727,51,5
29986,108,14,20220504,55,5
29987,56,3,20231105,40,2
29988,75,6,20210211,21,2
29989,16,9,20230803,52,1
29990,55,3,20211227,99,4
29991,244,8,20241110,1,5
29992,202,11,20221001,24,3
29993,134,10,20221223,43,1
29994,113,12,20240320,83,3
29995,103,13,20240324,57,5
29996,149,8,20230604,68,1
29997,243,2,20241204,53,5
29998,17,2,20230401,44,1
29999,28,1,20210928,86,5
30000,13,12,20230709,98,4